1,49.788,48.246,-5.921,96.082,12.600,31.287,-57.545,-58.331,-91.699,-665,-21.712,-118.084,CL5,CL2,CL0,CL2,CL6,CL0,CL5,CL0,CL0,CL0,CL0,CL0,CL0,CL0,CL0,CL0,CL2,CL0,CL0
2,-7.854,-48.246,198.437,96.082,-31.685,-67.825,193.886,143.533,76.096,-14.277,-71.126,-21.575,CL5,CL2,CL2,CL0,CL6,CL4,CL6,CL3,CL0,CL4,CL0,CL2,CL0,CL2,CL3,CL0,CL4,CL0,CL0
3,49.788,-48.246,-5.921,96.082,-31.685,-46.725,80.523,-84.732,-162.090,-101.450,-137.983,40.148,CL6,CL0,CL0,CL0,CL6,CL3,CL4,CL0,CL0,CL0,CL0,CL0,CL0,CL0,CL0,CL1,CL0,CL0,CL0
4,-95.197,48.246,116.365,96.082,-31.685,-14.882,-80.615,-1.928,59.042,58.489,-137.983,-118.084,CL4,CL0,CL0,CL3,CL5,CL2,CL4,CL2,CL0,CL0,CL0,CL2,CL0,CL0,CL0,CL0,CL2,CL0,CL0
5,49.788,48.246,198.437,96.082,-31.685,73.545,-163.340,-45.174,-30.172,130.612,-21.712,-21.575,CL4,CL1,CL1,CL0,CL6,CL3,CL6,CL0,CL0,CL1,CL0,CL0,CL1,CL0,CL0,CL2,CL2,CL0,CL0
6,259.171,48.246,-122.751,24.923,-31.685,-67.825,-30.033,-155.521,203.972,163.088,-137.983,-154.858,CL2,CL0,CL0,CL0,CL6,CL0,CL4,CL0,CL0,CL0,CL0,CL0,CL0,CL0,CL0,CL0,CL6,CL0,CL0
7,109.449,-48.246,116.365,-57.009,-31.685,-46.725,-109.207,-45.174,-30.172,93.949,-21.712,7.987,CL6,CL0,CL0,CL0,CL6,CL1,CL5,CL0,CL0,CL0,CL0,CL0,CL0,CL0,CL0,CL0,CL6,CL0,CL0
8,49.788,-48.246,-173.790,96.082,-31.685,-132.828,193.886,-84.732,-30.172,163.088,19.268,-52.593,CL5,CL0,CL0,CL0,CL6,CL0,CL4,CL0,CL0,CL0,CL0,CL0,CL0,CL0,CL0,CL0,CL0,CL0,CL0
9,49.788,48.246,-5.921,24.923,-31.685,62.967,257.309,-97.631,76.096,113.407,-137.983,-154.858,CL4,CL0,CL0,CL0,CL6,CL0,CL6,CL0,CL0,CL0,CL0,CL0,CL0,CL0,CL0,CL0,CL6,CL0,CL0
10,182.213,-48.246,116.365,96.082,-31.685,-24.649,332,-142.424,59.042,12.331,-137.983,-84.637,CL6,CL1,CL0,CL1,CL6,CL1,CL6,CL0,CL0,CL0,CL0,CL0,CL0,CL0,CL0,CL0,CL6,CL0,CL0
11,-7.854,48.246,45.468,96.082,-31.685,-105.308,80.523,-111.902,-76.096,181.175,19.268,7.987,CL5,CL0,CL1,CL0,CL6,CL2,CL5,CL2,CL0,CL0,CL0,CL0,CL0,CL0,CL0,CL0,CL2,CL0,CL1
12,109.449,-48.246,-61.113,-28.519,-31.685,-132.828,332,14.143,-192.595,-52.745,52.975,122.470,CL5,CL1,CL0,CL0,CL6,CL4,CL5,CL2,CL0,CL3,CL0,CL0,CL0,CL1,CL0,CL2,CL6,CL0,CL0
13,182.213,48.246,45.468,96.082,-31.685,228.554,16.767,44.585,-162.090,-78.155,129.221,7.987,CL5,CL1,CL0,CL4,CL6,CL3,CL5,CL1,CL0,CL0,CL0,CL0,CL0,CL1,CL1,CL1,CL6,CL0,CL0
14,182.213,48.246,-5.921,24.923,-31.685,-79.151,80.523,-1.928,94.156,346.436,-71.126,-84.637,CL1,CL0,CL0,CL0,CL5,CL0,CL0,CL0,CL0,CL0,CL0,CL0,CL0,CL0,CL0,CL0,CL1,CL0,CL0
15,182.213,48.246,-5.921,96.082,-31.685,-92.104,145.421,44.585,-60.633,163.088,129.221,76.540,CL6,CL0,CL0,CL0,CL6,CL0,CL6,CL0,CL0,CL0,CL0,CL0,CL0,CL0,CL0,CL0,CL6,CL0,CL0
16,182.213,-48.246,45.468,96.082,-31.685,-205.048,-150.796,-155.521,-107.533,113.407,-71.126,-52.593,CL5,CL2,CL2,CL0,CL6,CL1,CL5,CL2,CL0,CL1,CL0,CL0,CL0,CL0,CL0,CL0,CL0,CL0,CL0
17,49.788,48.246,-61.113,96.082,-31.685,-155.078,-80.615,-168.062,28.783,75.830,-21.712,-207.848,CL6,CL0,CL0,CL1,CL6,CL3,CL5,CL0,CL0,CL0,CL0,CL0,CL0,CL0,CL0,CL0,CL6,CL0,CL0
18,109.449,-48.246,-173.790,96.082,-31.685,52.135,-123.177,-31.776,-45.321,-138.502,-137.983,-84.637,CL6,CL1,CL1,CL0,CL6,CL6,CL4,CL1,CL0,CL1,CL0,CL2,CL0,CL1,CL0,CL1,CL6,CL0,CL0
19,182.213,-48.246,45.468,-9.765,-31.685,137.297,-15.487,-17.779,-192.595,-151.840,-71.126,-21.575,CL6,CL2,CL0,CL2,CL6,CL3,CL6,CL2,CL0,CL2,CL0,CL0,CL2,CL1,CL0,CL1,CL0,CL0,CL0
20,49.788,-48.246,-5.921,96.082,-31.685,-34.799,-176.250,-239.883,-192.595,75.830,-137.983,-207.848,CL4,CL1,CL0,CL0,CL6,CL1,CL6,CL0,CL0,CL1,CL0,CL0,CL0,CL0,CL6,CL0,CL1,CL0,CL0
21,109.449,-48.246,-5.921,96.082,-31.685,-79.151,80.523,72.330,161.108,-113.788,19.268,-21.575,CL6,CL1,CL1,CL0,CL6,CL2,CL6,CL0,CL0,CL0,CL0,CL0,CL0,CL1,CL0,CL1,CL3,CL0,CL0
22,259.171,-48.246,-243.591,96.082,-31.685,-119.430,47.617,-111.902,-60.633,181.175,-21.712,-118.084,CL5,CL0,CL0,CL0,CL6,CL1,CL6,CL0,CL0,CL0,CL0,CL0,CL0,CL0,CL0,CL1,CL1,CL0,CL0
23,109.449,-48.246,45.468,96.082,-31.685,41.667,-94.779,-84.732,111.406,-89.891,-71.126,7.987,CL4,CL0,CL0,CL0,CL5,CL0,CL6,CL0,CL0,CL0,CL0,CL0,CL0,CL0,CL0,CL0,CL0,CL0,CL0
24,109.449,-48.246,-173.790,96.082,-31.685,160.383,-327.393,-127.553,28.783,-101.450,-137.983,-154.858,CL6,CL2,CL1,CL5,CL6,CL2,CL6,CL2,CL0,CL0,CL1,CL0,CL0,CL1,CL0,CL0,CL6,CL0,CL1
25,182.213,-48.246,45.468,96.082,-31.685,-14.882,63.779,124.033,76.096,146.191,-21.712,-52.593,CL5,CL1,CL1,CL1,CL5,CL1,CL5,CL1,CL0,CL1,CL0,CL0,CL0,CL1,CL0,CL1,CL6,CL0,CL0
26,109.449,-48.246,-61.113,96.082,-31.685,-79.151,-43.999,-127.553,94.156,-665,-21.712,40.148,CL5,CL1,CL2,CL0,CL6,CL1,CL5,CL2,CL0,CL2,CL0,CL0,CL3,CL2,CL0,CL2,CL1,CL0,CL0
27,182.213,48.246,-122.751,24.923,-31.685,-5.188,-163.340,-327.393,-76.096,58.489,19.268,-154.858,CL6,CL0,CL0,CL2,CL6,CL1,CL6,CL0,CL0,CL0,CL0,CL0,CL0,CL0,CL0,CL0,CL6,CL0,CL0
28,49.788,-48.246,45.468,96.082,-31.685,52.135,-123.177,-1.928,-1.729,-218.109,186.203,40.148,CL6,CL1,CL1,CL2,CL6,CL6,CL5,CL1,CL0,CL0,CL0,CL0,CL2,CL1,CL0,CL3,CL2,CL0,CL0
29,49.788,48.246,116.365,96.082,-31.685,4.257,-150.796,-71.727,28.783,130.612,19.268,-52.593,CL6,CL0,CL0,CL0,CL4,CL1,CL5,CL0,CL0,CL0,CL0,CL0,CL0,CL0,CL0,CL0,CL0,CL0,CL0
30,109.449,-48.246,198.437,96.082,-31.685,-132.828,174.091,88.309,94.156,181.175,-21.712,-52.593,CL0,CL0,CL0,CL0,CL6,CL0,CL6,CL0,CL0,CL0,CL0,CL0,CL0,CL0,CL0,CL0,CL0,CL0,CL0
31,109.449,-48.246,-173.790,96.082,-31.685,31.287,-80.615,-127.553,-147.955,-65.253,-137.983,7.987,CL6,CL1,CL1,CL1,CL6,CL2,CL6,CL1,CL0,CL0,CL1,CL0,CL1,CL1,CL1,CL1,CL2,CL0,CL0
32,49.788,48.246,-173.790,-28.519,-31.685,-119.430,-80.615,14.143,-60.633,-665,-137.983,-84.637,CL3,CL0,CL0,CL2,CL3,CL0,CL5,CL0,CL0,CL0,CL0,CL0,CL0,CL0,CL0,CL0,CL1,CL0,CL0
33,49.788,-48.246,45.468,96.082,-31.685,-79.151,-123.177,-1.928,43.852,-665,19.268,-84.637,CL6,CL1,CL1,CL0,CL6,CL3,CL6,CL0,CL0,CL0,CL0,CL0,CL0,CL0,CL0,CL1,CL6,CL0,CL0
34,-95.197,-48.246,45.468,96.082,-31.685,41.667,-30.033,29.338,128.610,-14.277,-71.126,-154.858,CL6,CL0,CL0,CL0,CL6,CL0,CL6,CL0,CL0,CL0,CL0,CL0,CL0,CL0,CL0,CL0,CL0,CL0,CL0
35,49.788,-48.246,45.468,-57.009,11.440,102.119,63.779,88.309,-290.161,-78.155,52.975,192.173,CL4,CL2,CL1,CL1,CL5,CL2,CL5,CL2,CL1,CL1,CL1,CL2,CL1,CL1,CL1,CL1,CL5,CL0,CL1
36,259.171,-48.246,-243.591,96.082,-31.685,-24.649,-80.615,-263.199,-30.172,-78.155,52.975,-154.858,CL3,CL0,CL0,CL0,CL6,CL0,CL6,CL0,CL0,CL0,CL0,CL0,CL0,CL0,CL0,CL0,CL6,CL0,CL0
37,49.788,-48.246,45.468,96.082,-31.685,-24.649,-57.545,-17.779,-1.729,-151.840,-21.712,-21.575,CL6,CL0,CL0,CL0,CL6,CL0,CL5,CL0,CL0,CL0,CL0,CL0,CL0,CL0,CL0,CL0,CL0,CL0,CL0
38,182.213,-48.246,-243.591,-57.009,-31.685,31.287,32.197,106.238,13.136,-65.253,52.975,-52.593,CL6,CL1,CL2,CL1,CL6,CL3,CL4,CL1,CL0,CL0,CL0,CL0,CL0,CL1,CL0,CL1,CL6,CL0,CL0
39,109.449,-48.246,45.468,96.082,-31.685,-155.078,128.610,29.338,-1.729,75.830,-21.712,-84.637,CL6,CL1,CL0,CL0,CL4,CL1,CL5,CL0,CL0,CL0,CL0,CL0,CL0,CL0,CL0,CL1,CL1,CL0,CL0
40,259.171,48.246,-5.921,96.082,-31.685,-24.649,-94.779,-111.902,-76.096,41.594,-137.983,-21.575,CL6,CL0,CL0,CL0,CL6,CL1,CL6,CL0,CL0,CL0,CL0,CL0,CL1,CL0,CL4,CL0,CL1,CL0,CL0
41,49.788,-48.246,116.365,96.082,-31.685,4.257,-43.999,-1.928,-207.848,75.830,-71.126,7.987,CL5,CL1,CL0,CL2,CL6,CL0,CL6,CL0,CL0,CL0,CL0,CL0,CL0,CL0,CL0,CL0,CL1,CL0,CL0
42,49.788,48.246,45.468,96.082,-31.685,82.562,332,106.238,181.866,-40.581,-21.712,-21.575,CL4,CL0,CL0,CL0,CL4,CL0,CL6,CL0,CL0,CL0,CL0,CL0,CL0,CL0,CL0,CL0,CL1,CL0,CL0
43,49.788,-48.246,116.365,96.082,-31.685,-14.882,-94.779,-127.553,-1.729,-65.253,-21.712,-52.593,CL6,CL0,CL3,CL5,CL6,CL2,CL4,CL6,CL0,CL4,CL0,CL2,CL2,CL0,CL0,CL0,CL1,CL0,CL0
44,49.788,-48.246,-5.921,96.082,-31.685,-92.104,-57.545,-31.776,-15.487,-101.450,-21.712,-21.575,CL6,CL2,CL2,CL0,CL6,CL3,CL6,CL3,CL0,CL2,CL0,CL0,CL0,CL2,CL0,CL0,CL6,CL0,CL0
45,-7.854,-48.246,45.468,96.082,11.440,-105.308,145.421,44.585,128.610,93.949,-21.712,7.987,CL5,CL0,CL0,CL0,CL6,CL0,CL5,CL0,CL0,CL0,CL0,CL0,CL0,CL0,CL0,CL0,CL2,CL0,CL0
46,-7.854,48.246,45.468,96.082,-31.685,-46.725,47.617,124.033,94.156,163.088,-137.983,-207.848,CL5,CL0,CL0,CL0,CL6,CL0,CL6,CL0,CL0,CL0,CL0,CL0,CL0,CL0,CL0,CL0,CL0,CL0,CL0
47,109.449,48.246,-61.113,24.923,-31.685,31.287,63.779,-111.902,28.783,146.191,-71.126,-84.637,CL3,CL0,CL0,CL0,CL6,CL1,CL4,CL0,CL0,CL0,CL0,CL0,CL0,CL1,CL0,CL0,CL2,CL0,CL1
48,109.449,-48.246,116.365,96.082,-31.685,-205.048,80.523,29.338,94.156,113.407,-255.524,-118.084,CL5,CL0,CL0,CL0,CL6,CL1,CL4,CL0,CL0,CL0,CL0,CL0,CL0,CL0,CL0,CL0,CL0,CL0,CL0
49,109.449,-48.246,-173.790,96.082,-31.685,13.606,-80.615,-31.776,-15.487,-65.253,19.268,-84.637,CL6,CL1,CL1,CL0,CL6,CL5,CL6,CL1,CL0,CL0,CL0,CL0,CL0,CL0,CL0,CL1,CL6,CL0,CL0
50,-7.854,48.246,116.365,96.082,-22.166,82.562,-57.545,-197.495,-91.699,25.953,52.975,122.470,CL6,CL0,CL0,CL0,CL6,CL0,CL6,CL0,CL0,CL0,CL0,CL0,CL0,CL0,CL0,CL0,CL5,CL0,CL0
51,49.788,-48.246,116.365,96.082,-31.685,102.119,-15.487,-17.779,-121.213,-665,-71.126,-84.637,CL6,CL1,CL2,CL1,CL6,CL3,CL6,CL2,CL0,CL3,CL0,CL0,CL2,CL1,CL0,CL3,CL6,CL0,CL0
52,109.449,-48.246,-5.921,24.923,-31.685,113.281,96.248,-58.331,-91.699,-192.173,186.203,192.173,CL2,CL1,CL1,CL1,CL6,CL2,CL6,CL1,CL0,CL0,CL0,CL0,CL0,CL1,CL0,CL1,CL2,CL0,CL0
53,182.213,48.246,45.468,96.082,-31.685,-14.882,332,-142.424,28.783,-78.155,52.975,-154.858,CL5,CL0,CL0,CL0,CL6,CL0,CL5,CL0,CL0,CL0,CL0,CL0,CL0,CL0,CL0,CL0,CL1,CL0,CL0
54,109.449,-48.246,116.365,96.082,-31.685,-143.907,-15.487,106.238,28.783,25.953,-21.712,-21.575,CL5,CL1,CL1,CL0,CL6,CL1,CL5,CL1,CL0,CL1,CL0,CL0,CL0,CL1,CL0,CL1,CL1,CL0,CL0
55,182.213,-48.246,-173.790,96.082,-31.685,4.257,111.406,-58.331,-107.533,-113.788,129.221,122.470,CL6,CL0,CL0,CL0,CL6,CL2,CL6,CL6,CL0,CL3,CL0,CL0,CL3,CL1,CL0,CL1,CL1,CL0,CL0
56,182.213,48.246,-5.921,96.082,-31.685,4.257,-69.509,-111.902,-45.321,-40.581,-137.983,-207.848,CL3,CL0,CL0,CL0,CL6,CL0,CL6,CL0,CL0,CL0,CL0,CL0,CL0,CL0,CL0,CL0,CL0,CL0,CL0
57,49.788,48.246,-61.113,96.082,-31.685,4.257,332,-168.062,-1.729,25.953,-137.983,-154.858,CL5,CL0,CL0,CL0,CL6,CL0,CL6,CL0,CL0,CL0,CL0,CL0,CL0,CL0,CL0,CL0,CL0,CL0,CL0
58,-7.854,48.246,45.468,96.082,-31.685,-58.016,63.779,-197.495,28.783,75.830,-71.126,-52.593,CL1,CL0,CL0,CL0,CL6,CL0,CL3,CL0,CL0,CL0,CL0,CL0,CL0,CL0,CL0,CL0,CL0,CL0,CL0
59,109.449,-48.246,-122.751,96.082,-31.685,22.393,63.779,-1.928,-45.321,-40.581,186.203,122.470,CL5,CL1,CL1,CL0,CL6,CL5,CL5,CL5,CL2,CL3,CL1,CL3,CL3,CL1,CL0,CL2,CL6,CL0,CL1
60,109.449,-48.246,45.468,96.082,-31.685,-46.725,-123.177,-127.553,-162.090,-14.277,-137.983,-154.858,CL5,CL0,CL0,CL0,CL6,CL0,CL6,CL0,CL0,CL0,CL0,CL0,CL0,CL0,CL0,CL0,CL0,CL0,CL0
61,-7.854,48.246,198.437,96.082,-31.685,137.297,32.197,29.338,-30.172,-27.607,-137.983,7.987,CL5,CL0,CL0,CL3,CL6,CL0,CL6,CL0,CL0,CL0,CL0,CL0,CL0,CL0,CL0,CL0,CL1,CL0,CL0
62,109.449,-48.246,116.365,96.082,-50.212,-221.844,158.487,124.033,13.136,130.612,-137.983,-118.084,CL5,CL1,CL0,CL0,CL4,CL1,CL5,CL0,CL0,CL0,CL0,CL0,CL0,CL0,CL0,CL1,CL0,CL0,CL1
63,-7.854,-48.246,45.468,96.082,-31.685,-58.016,-137.639,-182.919,-134.289,41.594,-137.983,-118.084,CL5,CL0,CL0,CL0,CL5,CL0,CL5,CL0,CL0,CL0,CL0,CL0,CL0,CL0,CL0,CL0,CL4,CL0,CL0
64,109.449,-48.246,45.468,96.082,-31.685,102.119,-30.033,-71.727,-60.633,-665,-137.983,-118.084,CL5,CL0,CL0,CL0,CL6,CL0,CL5,CL0,CL0,CL0,CL0,CL0,CL0,CL0,CL0,CL0,CL0,CL0,CL0
65,109.449,-48.246,198.437,96.082,-31.685,-155.078,47.617,106.238,-45.321,93.949,-137.983,-52.593,CL6,CL1,CL0,CL1,CL6,CL6,CL5,CL4,CL0,CL0,CL0,CL0,CL0,CL1,CL0,CL1,CL1,CL0,CL0
66,49.788,-48.246,-61.113,96.082,-31.685,73.545,47.617,-84.732,111.406,58.489,52.975,-21.575,CL5,CL0,CL0,CL3,CL6,CL0,CL6,CL0,CL0,CL0,CL0,CL0,CL0,CL0,CL0,CL0,CL0,CL0,CL0
67,109.449,-48.246,-173.790,96.082,-31.685,-105.308,-69.509,-111.902,128.610,41.594,-71.126,-118.084,CL4,CL0,CL0,CL0,CL0,CL0,CL5,CL0,CL0,CL0,CL0,CL0,CL0,CL0,CL0,CL0,CL0,CL0,CL0
68,-7.854,-48.246,116.365,96.082,-31.685,-34.799,-30.033,106.238,-91.699,-14.277,88.113,-21.575,CL5,CL1,CL1,CL0,CL6,CL2,CL5,CL1,CL0,CL0,CL0,CL0,CL0,CL1,CL0,CL1,CL5,CL0,CL0
69,49.788,-48.246,-5.921,-28.519,-31.685,-92.104,332,29.338,-15.487,-27.607,-21.712,7.987,CL5,CL1,CL1,CL0,CL5,CL2,CL6,CL3,CL0,CL2,CL0,CL1,CL1,CL1,CL0,CL1,CL1,CL0,CL0
70,109.449,48.246,-173.790,96.082,-31.685,-5.188,-69.509,-168.062,28.783,-665,-137.983,-84.637,CL6,CL0,CL0,CL6,CL1,CL0,CL6,CL0,CL0,CL0,CL0,CL0,CL0,CL0,CL0,CL0,CL1,CL0,CL0
71,-7.854,-48.246,-61.113,96.082,-31.685,-34.799,-30.033,14.143,-192.595,-27.607,52.975,76.540,CL6,CL2,CL1,CL0,CL4,CL2,CL6,CL3,CL0,CL3,CL0,CL2,CL2,CL2,CL0,CL0,CL2,CL0,CL1
72,109.449,48.246,-122.751,24.923,-31.685,-46.725,111.406,-31.776,111.406,12.331,-255.524,-84.637,CL5,CL0,CL0,CL0,CL6,CL1,CL6,CL0,CL0,CL0,CL0,CL0,CL0,CL0,CL0,CL0,CL6,CL0,CL0
73,109.449,-48.246,-122.751,96.082,-31.685,-155.078,96.248,-1.928,43.852,93.949,19.268,40.148,CL6,CL1,CL1,CL0,CL6,CL1,CL5,CL0,CL0,CL0,CL0,CL0,CL0,CL0,CL0,CL0,CL2,CL0,CL0
74,109.449,-48.246,-5.921,96.082,-31.685,-67.825,-57.545,-31.776,28.783,113.407,-71.126,-21.575,CL6,CL0,CL0,CL0,CL6,CL0,CL6,CL0,CL0,CL0,CL0,CL0,CL0,CL0,CL0,CL0,CL1,CL0,CL0
75,259.171,48.246,-173.790,96.082,-31.685,-119.430,-176.250,-285.950,-147.955,25.953,52.975,-207.848,CL3,CL0,CL0,CL0,CL6,CL0,CL6,CL0,CL0,CL0,CL0,CL0,CL0,CL0,CL0,CL0,CL1,CL0,CL0
76,-7.854,-48.246,45.468,96.082,-31.685,-14.882,16.767,-155.521,-76.096,-40.581,52.975,-21.575,CL5,CL0,CL0,CL0,CL6,CL1,CL6,CL0,CL0,CL0,CL0,CL0,CL0,CL0,CL0,CL0,CL0,CL0,CL0
77,109.449,48.246,-143.719,24.923,-31.685,-34.799,-69.509,-155.521,43.852,58.489,-255.524,-207.848,CL4,CL0,CL0,CL0,CL6,CL0,CL5,CL0,CL0,CL0,CL0,CL0,CL0,CL0,CL0,CL0,CL6,CL0,CL0
78,49.788,-48.246,45.468,96.082,-31.685,13.606,-163.340,-58.331,-121.213,-40.581,-21.712,-207.848,CL3,CL1,CL0,CL0,CL6,CL2,CL5,CL1,CL0,CL1,CL0,CL0,CL0,CL1,CL0,CL0,CL6,CL0,CL0
79,49.788,-48.246,-61.113,96.082,-31.685,-79.151,-80.615,-209.015,-162.090,-218.109,-255.524,-118.084,CL6,CL0,CL1,CL0,CL6,CL1,CL5,CL1,CL0,CL1,CL0,CL0,CL0,CL0,CL0,CL0,CL3,CL0,CL1
80,49.788,-48.246,-5.921,96.082,-31.685,-34.799,-80.615,-197.495,111.406,-65.253,-21.712,-21.575,CL5,CL0,CL0,CL0,CL6,CL0,CL6,CL0,CL0,CL0,CL0,CL0,CL0,CL0,CL0,CL0,CL1,CL0,CL0
81,259.171,48.246,198.437,24.923,-31.685,4.257,32.197,44.585,-15.487,146.191,-21.712,-21.575,CL6,CL0,CL0,CL3,CL6,CL1,CL5,CL1,CL0,CL0,CL0,CL0,CL0,CL0,CL0,CL0,CL0,CL0,CL0
82,182.213,48.246,45.468,96.082,-31.685,-79.151,-123.177,-1.928,-91.699,-14.277,88.113,40.148,CL5,CL1,CL1,CL1,CL6,CL2,CL6,CL1,CL0,CL0,CL1,CL0,CL0,CL1,CL1,CL1,CL1,CL0,CL0
83,182.213,-48.246,116.365,24.923,-31.685,-205.048,145.421,-97.631,59.042,146.191,-21.712,-118.084,CL5,CL0,CL0,CL0,CL6,CL0,CL6,CL0,CL0,CL0,CL0,CL0,CL0,CL0,CL0,CL0,CL0,CL0,CL0
84,182.213,48.246,-143.719,96.082,-22.166,102.119,-94.779,-111.902,145.039,-164.101,19.268,-21.575,CL3,CL0,CL0,CL5,CL6,CL1,CL6,CL0,CL0,CL0,CL0,CL0,CL0,CL0,CL0,CL0,CL6,CL0,CL0
85,109.449,-48.246,-173.790,96.082,-31.685,-34.799,16.767,-31.776,-30.172,-14.277,-137.983,7.987,CL5,CL0,CL0,CL0,CL6,CL2,CL4,CL0,CL0,CL0,CL0,CL0,CL0,CL0,CL0,CL0,CL0,CL0,CL0
86,-7.854,48.246,-122.751,96.082,-31.685,-46.725,332,-155.521,13.136,41.594,52.975,122.470,CL3,CL0,CL1,CL0,CL6,CL1,CL6,CL0,CL0,CL0,CL0,CL0,CL0,CL0,CL0,CL0,CL6,CL0,CL0
87,49.788,-48.246,-61.113,96.082,-31.685,73.545,-15.487,-111.902,13.136,-14.277,-21.712,40.148,CL5,CL0,CL1,CL0,CL6,CL1,CL5,CL0,CL0,CL0,CL0,CL0,CL0,CL0,CL0,CL0,CL6,CL0,CL0
88,182.213,-48.246,-173.790,96.082,-31.685,-92.104,16.767,-45.174,-30.172,25.953,-71.126,40.148,CL5,CL0,CL0,CL0,CL5,CL1,CL5,CL0,CL0,CL0,CL0,CL0,CL0,CL0,CL0,CL0,CL0,CL0,CL0
89,49.788,48.246,-61.113,96.082,-31.685,31.287,-192.173,-142.424,-76.096,-52.745,-137.983,-207.848,CL3,CL0,CL1,CL1,CL6,CL2,CL6,CL0,CL0,CL0,CL0,CL0,CL0,CL0,CL0,CL1,CL1,CL0,CL0
90,49.788,48.246,116.365,96.082,-31.685,91.093,-57.545,29.338,-60.633,-27.607,52.975,-21.575,CL5,CL1,CL1,CL2,CL6,CL0,CL5,CL0,CL0,CL0,CL0,CL0,CL0,CL1,CL0,CL1,CL0,CL0,CL1
91,49.788,48.246,116.365,96.082,-31.685,137.297,32.197,72.330,28.783,-78.155,-137.983,7.987,CL6,CL0,CL0,CL0,CL6,CL3,CL6,CL0,CL0,CL0,CL0,CL0,CL0,CL0,CL0,CL0,CL4,CL0,CL0
92,49.788,-48.246,-5.921,24.923,-31.685,41.667,-43.999,72.330,28.783,75.830,88.113,76.540,CL2,CL0,CL0,CL3,CL6,CL1,CL0,CL0,CL0,CL0,CL0,CL0,CL0,CL1,CL0,CL1,CL1,CL0,CL0
93,-7.854,-48.246,-122.751,96.082,-31.685,-155.078,-30.033,-45.174,28.783,-665,-71.126,-84.637,CL4,CL0,CL0,CL0,CL6,CL1,CL6,CL0,CL0,CL0,CL0,CL0,CL0,CL0,CL0,CL0,CL1,CL0,CL0
94,259.171,48.246,-173.790,96.082,-31.685,-14.882,-80.615,-97.631,76.096,41.594,-137.983,-154.858,CL3,CL0,CL0,CL0,CL6,CL0,CL6,CL0,CL0,CL0,CL0,CL0,CL0,CL0,CL0,CL0,CL0,CL0,CL0
95,109.449,-48.246,116.365,96.082,-31.685,-67.825,-57.545,-97.631,59.042,-14.277,-137.983,-207.848,CL5,CL0,CL0,CL3,CL6,CL2,CL5,CL0,CL0,CL0,CL0,CL0,CL0,CL0,CL0,CL0,CL3,CL0,CL0
96,109.449,-48.246,116.365,96.082,-31.685,-46.725,32.197,106.238,-162.090,113.407,52.975,-21.575,CL6,CL1,CL1,CL1,CL6,CL1,CL6,CL1,CL0,CL0,CL0,CL0,CL0,CL1,CL0,CL1,CL1,CL0,CL0
97,49.788,48.246,45.468,24.923,-31.685,13.606,-109.207,29.338,-15.487,75.830,-137.983,-154.858,CL4,CL1,CL0,CL0,CL6,CL2,CL6,CL1,CL0,CL0,CL0,CL0,CL0,CL1,CL0,CL1,CL3,CL0,CL0
98,109.449,48.246,116.365,96.082,-31.685,-46.725,63.779,-31.776,-60.633,-113.788,19.268,-84.637,CL5,CL1,CL0,CL1,CL6,CL1,CL5,CL1,CL0,CL0,CL0,CL0,CL0,CL0,CL0,CL0,CL2,CL0,CL0
99,49.788,-48.246,198.437,24.923,-31.685,-119.430,-43.999,-1.928,-60.633,93.949,-21.712,122.470,CL4,CL1,CL0,CL0,CL6,CL1,CL4,CL1,CL0,CL0,CL0,CL0,CL0,CL1,CL0,CL1,CL2,CL0,CL0
100,-7.854,48.246,45.468,96.082,-31.685,-67.825,300.537,72.330,94.156,163.088,52.975,40.148,CL6,CL2,CL0,CL3,CL6,CL3,CL5,CL0,CL0,CL1,CL0,CL0,CL0,CL0,CL0,CL0,CL5,CL0,CL0
101,-7.854,-48.246,116.365,-28.519,-31.685,-105.308,257.309,58.331,-147.955,-40.581,-21.712,122.470,CL6,CL3,CL3,CL4,CL6,CL6,CL5,CL3,CL0,CL3,CL0,CL3,CL2,CL2,CL0,CL3,CL0,CL0,CL0
102,109.449,48.246,-173.790,-9.765,-31.685,-58.016,47.617,-168.062,-15.487,93.949,-137.983,-84.637,CL4,CL0,CL0,CL0,CL6,CL1,CL5,CL0,CL0,CL0,CL0,CL0,CL0,CL0,CL0,CL0,CL6,CL0,CL0
103,109.449,-48.246,-122.751,96.082,-31.685,-58.016,128.610,143.533,-134.289,-665,-71.126,122.470,CL6,CL1,CL3,CL4,CL6,CL1,CL4,CL4,CL1,CL2,CL2,CL1,CL1,CL2,CL0,CL2,CL1,CL0,CL0
104,109.449,48.246,-5.921,24.923,-31.685,4.257,63.779,-31.776,-30.172,12.331,19.268,76.540,CL4,CL0,CL0,CL0,CL6,CL0,CL6,CL0,CL0,CL0,CL0,CL0,CL0,CL0,CL0,CL0,CL0,CL0,CL0
105,-7.854,48.246,-61.113,24.923,-31.685,-92.104,16.767,-17.779,111.406,58.489,-71.126,7.987,CL5,CL0,CL0,CL0,CL6,CL6,CL6,CL2,CL0,CL2,CL0,CL0,CL0,CL0,CL0,CL2,CL6,CL0,CL0
106,49.788,-48.246,-5.921,96.082,-31.685,-221.844,47.617,-182.919,-76.096,204.506,-137.983,-154.858,CL3,CL0,CL0,CL0,CL6,CL0,CL6,CL0,CL0,CL0,CL0,CL0,CL0,CL0,CL0,CL0,CL0,CL0,CL0
107,-7.854,48.246,-61.113,96.082,-31.685,102.119,-30.033,-182.919,28.783,-40.581,-137.983,-84.637,CL4,CL0,CL0,CL0,CL5,CL0,CL5,CL0,CL0,CL0,CL0,CL0,CL0,CL0,CL0,CL0,CL0,CL0,CL0
108,49.788,48.246,-173.790,96.082,-31.685,13.606,332,-127.553,-76.096,58.489,52.975,-21.575,CL5,CL3,CL0,CL0,CL6,CL0,CL6,CL3,CL0,CL0,CL0,CL0,CL0,CL0,CL0,CL0,CL6,CL0,CL0
109,-7.854,48.246,45.468,96.082,-31.685,-46.725,212.700,14.143,13.136,75.830,186.203,122.470,CL5,CL0,CL0,CL3,CL6,CL3,CL6,CL4,CL0,CL0,CL0,CL0,CL0,CL0,CL0,CL0,CL1,CL0,CL0
110,109.449,48.246,-61.113,96.082,-31.685,-79.151,47.617,-142.424,-91.699,-52.745,-71.126,7.987,CL5,CL1,CL0,CL0,CL6,CL2,CL6,CL0,CL0,CL0,CL0,CL0,CL0,CL0,CL0,CL0,CL3,CL0,CL0
111,109.449,-48.246,116.365,96.082,-50.212,-14.882,32.197,14.143,-30.172,-14.277,19.268,-52.593,CL5,CL0,CL0,CL0,CL6,CL0,CL6,CL0,CL0,CL0,CL0,CL0,CL0,CL0,CL0,CL0,CL0,CL0,CL0
112,-7.854,-48.246,116.365,96.082,-31.685,31.287,-109.207,-84.732,-60.633,-65.253,19.268,40.148,CL6,CL1,CL0,CL0,CL6,CL3,CL0,CL0,CL0,CL0,CL0,CL0,CL0,CL1,CL0,CL1,CL0,CL0,CL0
113,-7.854,48.246,45.468,96.082,-31.685,-119.430,32.197,88.309,-121.213,-78.155,-21.712,-21.575,CL3,CL0,CL0,CL0,CL6,CL2,CL6,CL0,CL0,CL0,CL0,CL0,CL0,CL0,CL0,CL0,CL6,CL0,CL0
114,109.449,48.246,-5.921,96.082,-31.685,4.257,63.779,29.338,13.136,75.830,19.268,-21.575,CL4,CL0,CL0,CL1,CL6,CL2,CL4,CL0,CL0,CL0,CL0,CL0,CL0,CL0,CL0,CL0,CL6,CL0,CL0
115,49.788,-48.246,-61.113,96.082,-31.685,-234.360,193.886,143.533,-76.096,-138.502,186.203,122.470,CL4,CL1,CL1,CL2,CL6,CL6,CL4,CL1,CL0,CL2,CL2,CL2,CL0,CL2,CL0,CL2,CL6,CL0,CL0
116,-7.854,48.246,-5.921,24.923,-31.685,22.393,-57.545,-84.732,28.783,113.407,-137.983,-207.848,CL5,CL1,CL2,CL0,CL6,CL2,CL5,CL2,CL0,CL2,CL0,CL0,CL0,CL1,CL0,CL2,CL6,CL0,CL0
117,49.788,-48.246,-5.921,24.923,-31.685,62.967,-57.545,14.143,-177.200,-40.581,52.975,-21.575,CL4,CL0,CL0,CL0,CL4,CL2,CL6,CL0,CL0,CL0,CL0,CL0,CL0,CL0,CL0,CL0,CL6,CL0,CL0
118,-7.854,48.246,45.468,96.082,-31.685,160.383,80.523,143.533,13.136,-113.788,52.975,40.148,CL5,CL1,CL1,CL3,CL6,CL1,CL5,CL3,CL0,CL3,CL2,CL2,CL2,CL2,CL0,CL3,CL4,CL0,CL0
119,49.788,48.246,-61.113,-57.009,-31.685,183.990,-192.173,-239.883,111.406,25.953,-21.712,-154.858,CL5,CL0,CL0,CL6,CL6,CL1,CL6,CL0,CL0,CL0,CL0,CL0,CL0,CL1,CL1,CL0,CL6,CL0,CL0
120,49.788,48.246,45.468,96.082,-31.685,-34.799,63.779,-97.631,28.783,146.191,-21.712,-84.637,CL5,CL0,CL0,CL0,CL4,CL0,CL5,CL0,CL0,CL0,CL0,CL0,CL0,CL0,CL0,CL0,CL2,CL0,CL0
121,-7.854,48.246,116.365,96.082,-31.685,-105.308,63.779,-97.631,-107.533,75.830,19.268,192.173,CL6,CL1,CL0,CL0,CL6,CL1,CL6,CL0,CL0,CL0,CL0,CL0,CL0,CL1,CL0,CL1,CL2,CL0,CL0
122,49.788,48.246,-5.921,96.082,-31.685,149.158,-123.177,-155.521,-207.848,-78.155,52.975,7.987,CL2,CL0,CL0,CL0,CL6,CL0,CL5,CL0,CL0,CL0,CL0,CL0,CL0,CL0,CL0,CL0,CL1,CL0,CL0
123,182.213,-48.246,116.365,96.082,-31.685,22.393,16.767,-17.779,-30.172,-89.891,-21.712,-52.593,CL6,CL0,CL0,CL0,CL6,CL1,CL3,CL0,CL0,CL0,CL0,CL0,CL0,CL0,CL0,CL0,CL1,CL0,CL0
124,-7.854,48.246,45.468,96.082,-31.685,22.393,-69.509,-45.174,-1.729,12.331,129.221,7.987,CL5,CL1,CL0,CL0,CL6,CL3,CL5,CL2,CL0,CL0,CL0,CL0,CL0,CL0,CL0,CL0,CL3,CL0,CL1
125,109.449,-48.246,-173.790,96.082,-31.685,-34.799,193.886,29.338,43.852,58.489,-21.712,-21.575,CL3,CL0,CL0,CL0,CL6,CL0,CL5,CL0,CL0,CL0,CL0,CL0,CL0,CL0,CL0,CL0,CL0,CL0,CL0
126,182.213,-48.246,45.468,96.082,-31.685,-46.725,128.610,44.585,13.136,113.407,52.975,40.148,CL6,CL0,CL0,CL0,CL5,CL0,CL6,CL0,CL0,CL0,CL0,CL0,CL0,CL0,CL0,CL0,CL2,CL0,CL0
127,109.449,-48.246,45.468,96.082,-31.685,-119.430,63.779,-111.902,-45.321,-665,-21.712,-84.637,CL5,CL1,CL1,CL0,CL5,CL1,CL5,CL0,CL0,CL0,CL0,CL0,CL0,CL0,CL0,CL1,CL0,CL0,CL0
128,109.449,48.246,-143.719,96.082,-31.685,-34.799,-80.615,-84.732,28.783,93.949,-137.983,-207.848,CL5,CL0,CL0,CL0,CL0,CL0,CL5,CL0,CL0,CL0,CL0,CL0,CL0,CL0,CL0,CL0,CL0,CL0,CL0
129,49.788,-48.246,198.437,96.082,-50.212,4.257,63.779,14.143,13.136,25.953,-21.712,-118.084,CL0,CL0,CL0,CL2,CL1,CL0,CL3,CL0,CL0,CL0,CL0,CL0,CL0,CL0,CL0,CL0,CL1,CL0,CL0
130,109.449,48.246,116.365,96.082,-31.685,-79.151,96.248,-111.902,94.156,41.594,19.268,40.148,CL6,CL0,CL0,CL0,CL6,CL0,CL5,CL0,CL0,CL0,CL0,CL0,CL0,CL0,CL0,CL0,CL0,CL0,CL0
131,109.449,48.246,-173.790,96.082,-31.685,91.093,32.197,-142.424,43.852,233.337,-71.126,-118.084,CL5,CL0,CL0,CL0,CL6,CL0,CL4,CL0,CL0,CL0,CL0,CL0,CL0,CL0,CL0,CL0,CL0,CL0,CL0
132,109.449,48.246,-173.790,96.082,11.440,-155.078,-15.487,-127.553,246.262,58.489,-137.983,-207.848,CL4,CL0,CL0,CL2,CL6,CL0,CL5,CL0,CL0,CL0,CL0,CL0,CL0,CL0,CL0,CL0,CL6,CL0,CL0
133,49.788,48.246,-122.751,21.128,-31.685,-24.649,-57.545,-58.331,-15.487,25.953,-137.983,-154.858,CL4,CL0,CL0,CL0,CL6,CL0,CL6,CL0,CL0,CL0,CL0,CL0,CL0,CL0,CL0,CL0,CL6,CL0,CL0
134,49.788,-48.246,116.365,96.082,-31.685,-5.188,16.767,29.338,-15.487,12.331,52.975,40.148,CL5,CL0,CL0,CL1,CL6,CL1,CL5,CL0,CL0,CL0,CL0,CL0,CL0,CL0,CL0,CL0,CL5,CL0,CL0
135,-7.854,48.246,116.365,96.082,12.600,327.393,-150.796,-31.776,59.042,-65.253,-137.983,40.148,CL6,CL1,CL0,CL0,CL6,CL1,CL6,CL2,CL0,CL0,CL0,CL0,CL0,CL0,CL0,CL0,CL2,CL0,CL1
136,49.788,48.246,-173.790,96.082,-31.685,-169.163,158.487,-58.331,181.866,163.088,52.975,-52.593,CL1,CL0,CL0,CL0,CL6,CL0,CL5,CL0,CL0,CL0,CL0,CL0,CL0,CL0,CL0,CL0,CL0,CL0,CL0
137,109.449,48.246,45.468,96.082,-31.685,-14.882,-30.033,-168.062,181.866,163.088,129.221,7.987,CL5,CL0,CL0,CL0,CL6,CL1,CL5,CL0,CL0,CL0,CL0,CL0,CL0,CL0,CL0,CL0,CL0,CL0,CL0
138,109.449,48.246,45.468,96.082,-31.685,-119.430,158.487,29.338,76.096,41.594,-255.524,-118.084,CL4,CL0,CL0,CL0,CL5,CL0,CL5,CL0,CL0,CL0,CL0,CL0,CL0,CL0,CL0,CL0,CL5,CL0,CL0
139,182.213,-48.246,45.468,96.082,-31.685,-46.725,-80.615,14.143,28.783,93.949,-137.983,-118.084,CL6,CL0,CL0,CL4,CL6,CL1,CL6,CL0,CL0,CL0,CL0,CL0,CL0,CL0,CL2,CL0,CL6,CL0,CL0
140,109.449,-48.246,-173.790,96.082,-31.685,-5.188,32.197,-58.331,94.156,-27.607,-21.712,-21.575,CL6,CL0,CL0,CL0,CL6,CL1,CL5,CL0,CL0,CL0,CL0,CL0,CL0,CL0,CL0,CL0,CL6,CL0,CL0
141,-7.854,48.246,45.468,96.082,-50.212,198.437,32.197,143.533,94.156,-27.607,-71.126,-21.575,CL5,CL0,CL0,CL2,CL6,CL0,CL5,CL0,CL0,CL0,CL0,CL0,CL0,CL0,CL0,CL0,CL0,CL0,CL0
142,49.788,48.246,-173.790,96.082,-31.685,-79.151,63.779,-111.902,128.610,58.489,-137.983,-207.848,CL5,CL0,CL0,CL0,CL5,CL0,CL5,CL0,CL0,CL0,CL0,CL0,CL0,CL0,CL0,CL0,CL5,CL0,CL0
143,49.788,-48.246,-143.719,96.082,-31.685,-46.725,-30.033,-127.553,28.783,-14.277,52.975,40.148,CL6,CL0,CL0,CL0,CL6,CL1,CL6,CL0,CL0,CL0,CL0,CL0,CL0,CL0,CL0,CL0,CL3,CL0,CL0
144,49.788,-48.246,-5.921,96.082,-110.702,-169.163,128.610,-58.331,128.610,204.506,-71.126,-52.593,CL1,CL0,CL0,CL0,CL6,CL0,CL6,CL0,CL0,CL0,CL0,CL0,CL0,CL0,CL0,CL0,CL0,CL0,CL0
145,109.449,-48.246,-5.921,24.923,-31.685,13.606,-109.207,-45.174,-121.213,-665,-21.712,76.540,CL6,CL0,CL0,CL0,CL6,CL3,CL5,CL0,CL0,CL0,CL0,CL0,CL0,CL1,CL0,CL1,CL1,CL0,CL1
146,109.449,48.246,45.468,96.082,-31.685,-46.725,16.767,-111.902,223.427,75.830,129.221,40.148,CL4,CL0,CL0,CL1,CL6,CL1,CL5,CL0,CL0,CL0,CL0,CL0,CL0,CL0,CL0,CL0,CL1,CL0,CL0
147,182.213,-48.246,-5.921,96.082,-31.685,22.393,-123.177,-17.779,-45.321,-27.607,19.268,-118.084,CL6,CL0,CL0,CL1,CL6,CL1,CL5,CL0,CL0,CL0,CL0,CL0,CL0,CL0,CL0,CL0,CL0,CL0,CL0
148,49.788,-48.246,116.365,96.082,-110.702,-58.016,47.617,-71.727,13.136,93.949,-21.712,-52.593,CL4,CL0,CL0,CL0,CL6,CL0,CL6,CL0,CL0,CL0,CL0,CL0,CL0,CL0,CL0,CL0,CL0,CL0,CL0
149,49.788,48.246,-5.921,96.082,-31.685,-5.188,-109.207,-263.199,-91.699,25.953,-137.983,-154.858,CL4,CL0,CL0,CL0,CL6,CL0,CL6,CL0,CL0,CL0,CL0,CL0,CL0,CL0,CL0,CL0,CL0,CL0,CL0
150,109.449,48.246,45.468,96.082,-31.685,-79.151,193.886,-71.727,203.972,163.088,-21.712,-118.084,CL4,CL0,CL0,CL0,CL3,CL2,CL6,CL0,CL0,CL0,CL0,CL0,CL0,CL0,CL0,CL0,CL1,CL0,CL0
151,49.788,48.246,-61.113,96.082,-31.685,-24.649,128.610,14.143,59.042,113.407,19.268,7.987,CL5,CL0,CL0,CL0,CL6,CL0,CL6,CL0,CL0,CL0,CL0,CL0,CL0,CL0,CL0,CL0,CL1,CL0,CL0
152,49.788,48.246,45.468,96.082,-31.685,52.135,-163.340,-182.919,43.852,-89.891,-71.126,-84.637,CL5,CL0,CL0,CL0,CL6,CL2,CL6,CL0,CL0,CL2,CL0,CL0,CL0,CL0,CL0,CL0,CL2,CL0,CL0
153,-7.854,48.246,45.468,96.082,-31.685,-46.725,-150.796,-71.727,-60.633,-65.253,-255.524,-154.858,CL5,CL0,CL1,CL2,CL6,CL2,CL4,CL1,CL0,CL1,CL0,CL0,CL2,CL0,CL0,CL1,CL5,CL0,CL0
154,-7.854,-48.246,45.468,96.082,-31.685,-67.825,96.248,-168.062,76.096,75.830,-21.712,-52.593,CL6,CL0,CL1,CL0,CL4,CL1,CL6,CL0,CL0,CL0,CL0,CL0,CL0,CL0,CL0,CL0,CL1,CL0,CL0
155,-95.197,48.246,-61.113,96.082,-31.685,282.196,-137.639,72.330,-45.321,58.489,-21.712,76.540,CL5,CL0,CL0,CL5,CL6,CL0,CL6,CL0,CL0,CL0,CL0,CL0,CL0,CL0,CL0,CL0,CL0,CL0,CL0
156,49.788,48.246,45.468,96.082,-110.702,62.967,-137.639,-127.553,28.783,-27.607,-71.126,-84.637,CL5,CL0,CL0,CL0,CL6,CL0,CL6,CL0,CL0,CL0,CL0,CL0,CL0,CL0,CL0,CL0,CL0,CL0,CL0
157,49.788,48.246,-61.113,96.082,-31.685,123.461,332,-31.776,111.406,12.331,19.268,-52.593,CL5,CL2,CL1,CL1,CL6,CL2,CL6,CL2,CL0,CL0,CL0,CL0,CL0,CL0,CL0,CL0,CL5,CL0,CL0
158,-7.854,-48.246,-173.790,96.082,-31.685,-105.308,111.406,-182.919,-45.321,75.830,-21.712,76.540,CL6,CL0,CL0,CL0,CL6,CL0,CL6,CL0,CL0,CL0,CL0,CL0,CL0,CL0,CL0,CL0,CL1,CL0,CL0
159,49.788,48.246,45.468,-9.765,-31.685,-24.649,16.767,-31.776,-30.172,41.594,88.113,122.470,CL3,CL0,CL0,CL0,CL6,CL0,CL6,CL0,CL0,CL0,CL0,CL0,CL0,CL0,CL0,CL0,CL0,CL0,CL0
160,109.449,48.246,-61.113,96.082,-110.702,-46.725,-57.545,-58.331,13.136,25.953,-21.712,-118.084,CL4,CL0,CL0,CL0,CL6,CL0,CL3,CL0,CL0,CL0,CL0,CL0,CL0,CL0,CL0,CL0,CL0,CL0,CL0
161,109.449,-48.246,116.365,-28.519,-31.685,102.119,80.523,44.585,-15.487,25.953,-21.712,40.148,CL5,CL1,CL1,CL1,CL6,CL6,CL6,CL1,CL0,CL2,CL0,CL0,CL0,CL1,CL0,CL1,CL3,CL0,CL0
162,49.788,-48.246,45.468,96.082,-110.702,-67.825,32.197,-84.732,181.866,-40.581,-71.126,-118.084,CL5,CL0,CL0,CL0,CL6,CL0,CL5,CL0,CL0,CL0,CL0,CL0,CL0,CL0,CL0,CL0,CL4,CL0,CL0
163,-7.854,48.246,45.468,-46.841,-31.685,22.393,332,-17.779,161.108,93.949,-137.983,-21.575,CL3,CL0,CL0,CL0,CL5,CL2,CL6,CL0,CL0,CL2,CL0,CL0,CL2,CL0,CL0,CL0,CL1,CL0,CL0
164,-7.854,48.246,-61.113,96.082,-31.685,183.990,332,-31.776,94.156,12.331,-21.712,-84.637,CL4,CL0,CL0,CL0,CL6,CL0,CL6,CL0,CL0,CL0,CL0,CL0,CL0,CL0,CL0,CL0,CL6,CL0,CL0
165,-7.854,48.246,198.437,96.082,-31.685,13.606,32.197,-155.521,145.039,113.407,-137.983,-52.593,CL3,CL1,CL0,CL0,CL3,CL1,CL6,CL0,CL0,CL0,CL0,CL0,CL0,CL0,CL0,CL0,CL1,CL0,CL0
166,109.449,-48.246,116.365,96.082,-31.685,-24.649,-30.033,-31.776,-45.321,163.088,-137.983,-84.637,CL6,CL0,CL0,CL0,CL6,CL1,CL5,CL0,CL0,CL0,CL0,CL0,CL0,CL0,CL0,CL1,CL0,CL0,CL0
167,-95.197,-48.246,-61.113,96.082,-31.685,149.158,-123.177,72.330,-235.413,-192.173,88.113,7.987,CL5,CL0,CL0,CL0,CL5,CL4,CL5,CL3,CL3,CL0,CL0,CL0,CL2,CL0,CL0,CL3,CL6,CL0,CL3
168,-7.854,48.246,-5.921,96.082,-110.702,4.257,332,-97.631,-45.321,93.949,52.975,-52.593,CL2,CL0,CL0,CL0,CL5,CL0,CL6,CL0,CL0,CL0,CL0,CL0,CL0,CL0,CL0,CL0,CL0,CL0,CL0
169,-7.854,48.246,45.468,96.082,-31.685,22.393,128.610,-127.553,-30.172,-113.788,52.975,40.148,CL5,CL0,CL0,CL0,CL6,CL0,CL6,CL2,CL0,CL0,CL0,CL0,CL0,CL0,CL0,CL0,CL1,CL0,CL0
170,-95.197,48.246,-122.751,96.082,-31.685,-34.799,332,-142.424,59.042,-14.277,-71.126,40.148,CL5,CL0,CL3,CL0,CL6,CL0,CL5,CL0,CL0,CL0,CL0,CL0,CL0,CL0,CL0,CL0,CL4,CL0,CL0
171,109.449,-48.246,-173.790,96.082,-31.685,137.297,-30.033,-31.776,13.136,-14.277,88.113,40.148,CL2,CL1,CL1,CL3,CL6,CL2,CL5,CL2,CL0,CL0,CL0,CL0,CL0,CL0,CL3,CL0,CL1,CL0,CL0
172,49.788,-48.246,116.365,96.082,-31.685,-34.799,96.248,215.324,76.096,-78.155,129.221,192.173,CL6,CL0,CL1,CL0,CL6,CL1,CL6,CL0,CL0,CL0,CL0,CL0,CL0,CL0,CL0,CL1,CL1,CL0,CL0
173,109.449,48.246,-5.921,96.082,-31.685,52.135,-57.545,-45.174,-45.321,75.830,19.268,-118.084,CL5,CL0,CL0,CL0,CL6,CL2,CL6,CL0,CL0,CL0,CL0,CL0,CL0,CL1,CL0,CL1,CL5,CL0,CL0
174,49.788,48.246,45.468,96.082,-31.685,102.119,63.779,124.033,13.136,25.953,52.975,40.148,CL6,CL0,CL0,CL0,CL6,CL0,CL5,CL0,CL0,CL0,CL0,CL0,CL0,CL0,CL0,CL0,CL0,CL0,CL0
175,49.788,48.246,-5.921,96.082,-31.685,102.119,-57.545,-221.069,76.096,-151.840,88.113,7.987,CL6,CL0,CL0,CL2,CL6,CL0,CL5,CL0,CL0,CL0,CL0,CL0,CL0,CL0,CL0,CL0,CL6,CL0,CL0
176,182.213,48.246,45.468,96.082,-31.685,62.967,332,44.585,128.610,12.331,19.268,7.987,CL5,CL0,CL0,CL0,CL6,CL1,CL6,CL0,CL0,CL0,CL0,CL0,CL0,CL0,CL0,CL0,CL3,CL0,CL0
177,49.788,48.246,45.468,96.082,11.440,-14.882,-57.545,-84.732,-121.213,-52.745,-137.983,-118.084,CL3,CL0,CL0,CL0,CL5,CL0,CL4,CL0,CL0,CL0,CL0,CL0,CL0,CL0,CL0,CL0,CL0,CL0,CL0
178,49.788,48.246,45.468,96.082,-31.685,149.158,332,-127.553,-91.699,113.407,-71.126,-52.593,CL5,CL0,CL0,CL0,CL6,CL0,CL4,CL0,CL0,CL0,CL0,CL0,CL0,CL0,CL0,CL0,CL0,CL0,CL0
179,109.449,48.246,45.468,96.082,-31.685,82.562,-94.779,-45.174,76.096,-14.277,19.268,-21.575,CL5,CL1,CL0,CL0,CL6,CL1,CL6,CL0,CL0,CL0,CL0,CL0,CL0,CL0,CL0,CL1,CL6,CL0,CL0
180,49.788,48.246,-5.921,96.082,-31.685,41.667,-15.487,-97.631,111.406,-65.253,-137.983,-118.084,CL5,CL1,CL0,CL0,CL6,CL2,CL4,CL1,CL0,CL1,CL0,CL0,CL0,CL1,CL0,CL1,CL6,CL0,CL0
181,109.449,48.246,-5.921,96.082,-31.685,31.287,63.779,-155.521,28.783,93.949,19.268,7.987,CL5,CL0,CL0,CL0,CL6,CL0,CL5,CL0,CL0,CL0,CL0,CL0,CL0,CL0,CL0,CL0,CL2,CL0,CL0
182,-7.854,-48.246,198.437,96.082,-31.685,-132.828,-43.999,-31.776,59.042,93.949,-71.126,-118.084,CL5,CL0,CL0,CL0,CL6,CL0,CL5,CL0,CL0,CL0,CL0,CL0,CL0,CL0,CL0,CL0,CL0,CL0,CL0
183,49.788,48.246,-61.113,96.082,-31.685,31.287,80.523,-31.776,128.610,75.830,-137.983,-118.084,CL5,CL0,CL0,CL0,CL0,CL0,CL4,CL0,CL0,CL0,CL0,CL0,CL0,CL0,CL0,CL0,CL0,CL0,CL0
184,-95.197,48.246,45.468,96.082,-31.685,198.437,-43.999,29.338,-76.096,93.949,-71.126,40.148,CL6,CL3,CL0,CL0,CL6,CL0,CL5,CL6,CL0,CL3,CL0,CL3,CL3,CL0,CL0,CL0,CL6,CL0,CL6
185,182.213,-48.246,-122.751,96.082,-31.685,4.257,-80.615,-97.631,59.042,25.953,-137.983,-118.084,CL6,CL0,CL0,CL0,CL6,CL0,CL5,CL0,CL0,CL0,CL0,CL0,CL0,CL0,CL0,CL0,CL6,CL0,CL0
186,49.788,48.246,45.468,24.923,-31.685,31.287,63.779,-1.928,76.096,-14.277,-21.712,-52.593,CL5,CL0,CL0,CL0,CL6,CL3,CL5,CL1,CL0,CL0,CL0,CL0,CL0,CL1,CL0,CL1,CL0,CL0,CL0
187,49.788,48.246,116.365,96.082,-31.685,-67.825,145.421,14.143,28.783,181.175,-137.983,-154.858,CL6,CL0,CL0,CL0,CL6,CL1,CL4,CL0,CL0,CL0,CL0,CL0,CL0,CL0,CL0,CL0,CL1,CL0,CL0
188,182.213,48.246,-173.790,96.082,-31.685,-79.151,-80.615,-197.495,111.406,58.489,-137.983,-154.858,CL4,CL0,CL0,CL0,CL3,CL1,CL5,CL0,CL0,CL0,CL0,CL0,CL0,CL0,CL0,CL0,CL1,CL0,CL0
189,109.449,48.246,-173.790,96.082,-31.685,41.667,-137.639,-209.015,59.042,-27.607,-137.983,-207.848,CL4,CL0,CL0,CL2,CL3,CL0,CL6,CL0,CL0,CL0,CL0,CL0,CL0,CL0,CL0,CL0,CL6,CL0,CL0
190,-95.197,48.246,116.365,96.082,-31.685,-34.799,332,-45.174,13.136,75.830,-71.126,-84.637,CL5,CL0,CL0,CL0,CL5,CL2,CL4,CL0,CL0,CL0,CL0,CL0,CL0,CL0,CL0,CL0,CL3,CL0,CL0
191,182.213,48.246,-5.921,96.082,-31.685,-143.907,332,-84.732,59.042,-27.607,-71.126,-154.858,CL5,CL0,CL0,CL1,CL3,CL0,CL5,CL0,CL0,CL0,CL0,CL0,CL0,CL0,CL0,CL0,CL0,CL0,CL0
192,-95.197,-48.246,45.468,96.082,12.600,-34.799,128.610,-111.902,59.042,-52.745,52.975,7.987,CL5,CL0,CL0,CL0,CL6,CL2,CL5,CL0,CL0,CL0,CL0,CL0,CL0,CL0,CL0,CL0,CL2,CL0,CL0
193,-7.854,48.246,-5.921,24.923,-31.685,-79.151,-30.033,-17.779,28.783,-52.745,88.113,7.987,CL5,CL1,CL0,CL1,CL6,CL5,CL4,CL1,CL1,CL1,CL0,CL0,CL0,CL1,CL0,CL1,CL6,CL0,CL0
194,109.449,48.246,45.468,96.082,-31.685,31.287,-109.207,-45.174,13.136,12.331,-137.983,7.987,CL5,CL0,CL0,CL0,CL6,CL1,CL5,CL0,CL0,CL0,CL0,CL0,CL0,CL0,CL0,CL1,CL0,CL0,CL0
195,-7.854,48.246,45.468,24.923,12.600,-92.104,128.610,-1.928,-1.729,41.594,-71.126,-118.084,CL3,CL0,CL0,CL0,CL4,CL2,CL5,CL0,CL0,CL0,CL0,CL0,CL0,CL0,CL0,CL0,CL0,CL0,CL0
196,182.213,48.246,45.468,96.082,-31.685,62.967,32.197,72.330,-30.172,93.949,52.975,7.987,CL5,CL1,CL0,CL1,CL6,CL2,CL4,CL0,CL0,CL0,CL0,CL0,CL0,CL0,CL0,CL0,CL4,CL0,CL0
197,-95.197,-48.246,45.468,96.082,-110.702,-58.016,32.197,-58.331,128.610,-89.891,19.268,-118.084,CL4,CL0,CL0,CL0,CL5,CL0,CL4,CL0,CL0,CL0,CL0,CL0,CL0,CL0,CL0,CL0,CL0,CL0,CL0
198,182.213,48.246,45.468,96.082,-31.685,-34.799,47.617,-71.727,-91.699,-52.745,-71.126,-84.637,CL5,CL0,CL0,CL0,CL5,CL0,CL5,CL0,CL0,CL0,CL0,CL0,CL0,CL0,CL0,CL0,CL0,CL0,CL0
199,-7.854,48.246,-5.921,96.082,-31.685,-5.188,47.617,58.331,76.096,-665,186.203,122.470,CL6,CL5,CL5,CL2,CL5,CL6,CL6,CL5,CL0,CL3,CL2,CL3,CL3,CL3,CL0,CL3,CL6,CL0,CL1
200,109.449,48.246,-5.921,96.082,-31.685,-46.725,232.338,72.330,181.866,130.612,52.975,7.987,CL4,CL4,CL1,CL1,CL6,CL4,CL5,CL3,CL0,CL6,CL0,CL2,CL2,CL4,CL0,CL3,CL6,CL0,CL0
201,-95.197,48.246,45.468,96.082,-31.685,-58.016,16.767,-84.732,111.406,146.191,52.975,122.470,CL6,CL0,CL0,CL0,CL5,CL0,CL6,CL0,CL0,CL0,CL0,CL0,CL0,CL0,CL0,CL0,CL0,CL0,CL0
202,49.788,-48.246,116.365,96.082,11.440,-14.882,-94.779,-58.331,-134.289,130.612,-71.126,-84.637,CL5,CL3,CL3,CL2,CL6,CL2,CL6,CL4,CL2,CL4,CL0,CL2,CL2,CL2,CL0,CL2,CL4,CL0,CL0
203,49.788,48.246,45.468,96.082,-31.685,-67.825,128.610,-45.174,94.156,113.407,19.268,-84.637,CL6,CL0,CL0,CL3,CL6,CL1,CL2,CL0,CL0,CL0,CL0,CL0,CL0,CL0,CL0,CL0,CL1,CL0,CL0
204,259.171,-48.246,-243.591,96.082,-31.685,-155.078,-109.207,-239.883,-91.699,-65.253,-137.983,-207.848,CL5,CL0,CL0,CL0,CL6,CL0,CL5,CL0,CL0,CL0,CL0,CL0,CL0,CL0,CL0,CL0,CL6,CL0,CL0
205,-7.854,48.246,45.468,96.082,-31.685,-14.882,96.248,124.033,-1.729,25.953,-21.712,40.148,CL5,CL2,CL2,CL2,CL6,CL2,CL5,CL2,CL0,CL2,CL0,CL2,CL0,CL2,CL0,CL2,CL4,CL0,CL2
206,49.788,48.246,-173.790,96.082,-31.685,-14.882,111.406,29.338,-91.699,-101.450,186.203,40.148,CL5,CL0,CL0,CL3,CL6,CL0,CL6,CL0,CL0,CL0,CL0,CL0,CL0,CL0,CL0,CL0,CL0,CL0,CL0
207,-95.197,48.246,45.468,96.082,-31.685,-5.188,128.610,58.331,13.136,41.594,88.113,7.987,CL5,CL0,CL0,CL0,CL6,CL0,CL6,CL0,CL0,CL0,CL0,CL0,CL0,CL0,CL0,CL0,CL0,CL0,CL0
208,49.788,48.246,-5.921,96.082,-31.685,-67.825,47.617,-58.331,59.042,-14.277,-21.712,40.148,CL5,CL1,CL4,CL1,CL6,CL6,CL3,CL2,CL0,CL1,CL0,CL1,CL3,CL1,CL0,CL1,CL6,CL0,CL1
209,49.788,48.246,45.468,96.082,-31.685,13.606,332,-17.779,-30.172,-665,52.975,122.470,CL4,CL1,CL1,CL0,CL6,CL6,CL5,CL4,CL0,CL3,CL0,CL3,CL3,CL2,CL0,CL3,CL6,CL0,CL0
210,-7.854,-48.246,116.365,96.082,-50.212,-143.907,47.617,106.238,-45.321,113.407,-137.983,-84.637,CL0,CL0,CL0,CL0,CL6,CL0,CL4,CL0,CL0,CL0,CL0,CL0,CL0,CL0,CL0,CL0,CL0,CL0,CL0
211,-7.854,48.246,-61.113,96.082,-31.685,73.545,16.767,-142.424,-1.729,-125.773,186.203,76.540,CL3,CL0,CL0,CL0,CL6,CL0,CL5,CL0,CL0,CL0,CL0,CL0,CL0,CL0,CL0,CL0,CL0,CL0,CL0
212,109.449,48.246,-173.790,96.082,-31.685,-67.825,-57.545,-111.902,111.406,93.949,-137.983,-207.848,CL5,CL0,CL0,CL0,CL6,CL0,CL4,CL0,CL0,CL0,CL0,CL0,CL0,CL0,CL0,CL0,CL0,CL0,CL0
213,-7.854,48.246,-5.921,96.082,-31.685,13.606,63.779,-84.732,181.866,58.489,-21.712,-118.084,CL6,CL1,CL1,CL0,CL6,CL1,CL5,CL0,CL0,CL1,CL0,CL0,CL0,CL1,CL0,CL1,CL6,CL0,CL0
214,109.449,48.246,-5.921,21.128,-31.685,52.135,-15.487,-127.553,94.156,12.331,-137.983,-154.858,CL5,CL0,CL0,CL1,CL6,CL0,CL6,CL0,CL0,CL0,CL0,CL0,CL0,CL0,CL0,CL0,CL0,CL0,CL0
215,-7.854,48.246,-5.921,96.082,-31.685,-14.882,111.406,44.585,128.610,130.612,19.268,122.470,CL5,CL0,CL0,CL0,CL5,CL2,CL6,CL0,CL0,CL0,CL0,CL0,CL0,CL0,CL0,CL0,CL2,CL0,CL0
216,-7.854,48.246,45.468,24.923,-31.685,160.383,-30.033,-71.727,111.406,-40.581,19.268,7.987,CL5,CL2,CL0,CL0,CL6,CL4,CL4,CL3,CL0,CL3,CL0,CL0,CL0,CL0,CL0,CL2,CL3,CL0,CL0
217,-7.854,48.246,-5.921,96.082,-31.685,22.393,111.406,29.338,145.039,-665,88.113,76.540,CL5,CL1,CL1,CL0,CL6,CL1,CL5,CL2,CL0,CL1,CL0,CL3,CL0,CL0,CL0,CL0,CL3,CL0,CL0
218,49.788,-48.246,-5.921,96.082,-31.685,123.461,80.523,44.585,145.039,-164.101,186.203,76.540,CL2,CL1,CL1,CL1,CL6,CL1,CL6,CL1,CL1,CL1,CL1,CL1,CL0,CL1,CL1,CL0,CL6,CL0,CL1
219,-7.854,48.246,116.365,-28.519,-31.685,31.287,111.406,-84.732,-107.533,75.830,-21.712,-52.593,CL4,CL0,CL0,CL0,CL6,CL3,CL6,CL0,CL0,CL0,CL0,CL0,CL0,CL0,CL0,CL2,CL3,CL0,CL0
220,49.788,48.246,-61.113,96.082,-31.685,-34.799,-57.545,14.143,111.406,25.953,-137.983,-84.637,CL6,CL1,CL1,CL1,CL4,CL1,CL5,CL2,CL0,CL1,CL0,CL0,CL0,CL0,CL0,CL0,CL6,CL0,CL0
221,-95.197,48.246,45.468,96.082,-31.685,82.562,-30.033,29.338,-1.729,12.331,19.268,7.987,CL5,CL0,CL2,CL0,CL6,CL3,CL5,CL0,CL0,CL2,CL0,CL0,CL3,CL0,CL0,CL0,CL3,CL0,CL0
222,-7.854,48.246,45.468,96.082,-31.685,-14.882,47.617,-45.174,-76.096,93.949,52.975,-52.593,CL3,CL0,CL0,CL0,CL6,CL0,CL6,CL0,CL0,CL0,CL0,CL0,CL0,CL0,CL0,CL0,CL2,CL0,CL0
223,49.788,48.246,45.468,96.082,-31.685,-24.649,63.779,72.330,111.406,25.953,129.221,122.470,CL6,CL2,CL0,CL0,CL5,CL2,CL5,CL2,CL0,CL2,CL0,CL0,CL0,CL0,CL0,CL1,CL2,CL0,CL0
224,182.213,-48.246,45.468,96.082,-31.685,-119.430,111.406,-31.776,111.406,93.949,-21.712,7.987,CL1,CL0,CL0,CL0,CL1,CL0,CL6,CL0,CL0,CL0,CL0,CL0,CL0,CL0,CL0,CL0,CL1,CL0,CL0
225,109.449,48.246,45.468,96.082,-31.685,-46.725,145.421,29.338,43.852,75.830,-21.712,-21.575,CL5,CL0,CL0,CL0,CL0,CL0,CL6,CL0,CL0,CL0,CL0,CL0,CL0,CL0,CL0,CL0,CL0,CL0,CL0
226,49.788,48.246,45.468,96.082,-31.685,-132.828,63.779,88.309,-45.321,25.953,-137.983,-154.858,CL6,CL1,CL0,CL0,CL6,CL0,CL5,CL3,CL0,CL2,CL0,CL0,CL0,CL0,CL0,CL0,CL6,CL0,CL0
227,109.449,48.246,45.468,96.082,-31.685,-46.725,47.617,-71.727,145.039,146.191,-21.712,-84.637,CL5,CL0,CL0,CL0,CL6,CL1,CL6,CL0,CL0,CL0,CL0,CL0,CL0,CL0,CL0,CL0,CL1,CL0,CL0
228,-95.197,-48.246,-61.113,96.082,-31.685,22.393,96.248,-97.631,-60.633,58.489,129.221,40.148,CL5,CL0,CL0,CL0,CL5,CL4,CL6,CL0,CL0,CL0,CL0,CL0,CL0,CL0,CL0,CL0,CL4,CL0,CL0
229,109.449,-48.246,116.365,96.082,-31.685,-67.825,32.197,-1.928,-76.096,-14.277,19.268,7.987,CL6,CL1,CL1,CL1,CL6,CL2,CL6,CL1,CL0,CL1,CL0,CL1,CL0,CL0,CL0,CL1,CL2,CL0,CL0
230,109.449,48.246,45.468,96.082,-31.685,-105.308,145.421,14.143,94.156,163.088,-137.983,-207.848,CL6,CL0,CL0,CL0,CL6,CL1,CL6,CL0,CL0,CL0,CL0,CL0,CL0,CL0,CL0,CL0,CL0,CL0,CL0
231,49.788,48.246,-5.921,96.082,-31.685,102.119,-221.069,-182.919,59.042,41.594,-137.983,-154.858,CL5,CL0,CL0,CL2,CL5,CL1,CL6,CL0,CL0,CL0,CL0,CL0,CL0,CL0,CL0,CL0,CL3,CL0,CL0
232,259.171,48.246,116.365,96.082,-31.685,13.606,-109.207,-45.174,-45.321,25.953,-21.712,-154.858,CL6,CL0,CL0,CL1,CL6,CL0,CL5,CL0,CL0,CL0,CL0,CL0,CL0,CL0,CL0,CL0,CL1,CL0,CL0
233,-7.854,48.246,45.468,96.082,-31.685,4.257,128.610,-1.928,13.136,75.830,52.975,76.540,CL5,CL1,CL0,CL0,CL6,CL0,CL6,CL0,CL0,CL1,CL0,CL0,CL0,CL1,CL0,CL0,CL0,CL0,CL0
234,109.449,-48.246,45.468,96.082,-31.685,-67.825,80.523,-142.424,94.156,25.953,52.975,40.148,CL6,CL0,CL0,CL0,CL6,CL0,CL4,CL0,CL0,CL0,CL0,CL0,CL0,CL0,CL0,CL0,CL0,CL0,CL0
235,-7.854,48.246,45.468,96.082,-31.685,41.667,96.248,-1.928,-91.699,163.088,19.268,40.148,CL4,CL0,CL0,CL0,CL6,CL2,CL6,CL0,CL0,CL0,CL0,CL0,CL0,CL0,CL0,CL0,CL2,CL0,CL0
236,-7.854,48.246,-5.921,96.082,-31.685,4.257,96.248,-127.553,223.427,204.506,-137.983,-207.848,CL5,CL0,CL0,CL3,CL6,CL0,CL6,CL0,CL0,CL0,CL0,CL0,CL0,CL0,CL0,CL0,CL0,CL0,CL0
237,-7.854,48.246,116.365,96.082,-31.685,149.158,32.197,-17.779,43.852,41.594,19.268,-21.575,CL6,CL0,CL0,CL0,CL6,CL0,CL6,CL0,CL0,CL0,CL0,CL0,CL0,CL0,CL0,CL0,CL0,CL0,CL0
238,-7.854,48.246,-173.790,96.082,-31.685,91.093,-15.487,-221.069,28.783,130.612,-137.983,-207.848,CL5,CL1,CL1,CL0,CL6,CL3,CL6,CL0,CL0,CL0,CL0,CL0,CL0,CL0,CL0,CL0,CL6,CL0,CL0
239,-95.197,48.246,-122.751,96.082,-31.685,52.135,-15.487,-71.727,-60.633,25.953,-21.712,-21.575,CL4,CL0,CL0,CL0,CL6,CL0,CL6,CL0,CL0,CL0,CL0,CL0,CL0,CL0,CL0,CL0,CL0,CL0,CL0
240,109.449,48.246,-5.921,96.082,-31.685,-186.962,63.779,72.330,161.108,25.953,-137.983,-84.637,CL5,CL0,CL0,CL0,CL6,CL0,CL5,CL0,CL0,CL0,CL0,CL0,CL0,CL0,CL0,CL0,CL0,CL0,CL0
241,49.788,48.246,116.365,96.082,-31.685,62.967,-123.177,-1.928,161.108,263.199,-137.983,-84.637,CL4,CL0,CL0,CL0,CL6,CL0,CL6,CL0,CL0,CL0,CL0,CL0,CL0,CL0,CL0,CL1,CL1,CL0,CL0
242,-7.854,48.246,-122.751,-28.519,-31.685,212.700,-123.177,-84.732,76.096,-101.450,19.268,-118.084,CL5,CL0,CL0,CL0,CL4,CL2,CL6,CL0,CL0,CL0,CL0,CL0,CL0,CL0,CL0,CL0,CL2,CL0,CL1
243,-95.197,48.246,-61.113,96.082,-31.685,149.158,-150.796,-327.393,76.096,-89.891,-137.983,-154.858,CL5,CL0,CL0,CL0,CL6,CL0,CL5,CL0,CL0,CL0,CL0,CL0,CL0,CL0,CL0,CL0,CL4,CL0,CL3
244,-7.854,48.246,45.468,96.082,-31.685,-58.016,111.406,72.330,94.156,93.949,-137.983,-21.575,CL5,CL3,CL1,CL2,CL6,CL3,CL4,CL3,CL2,CL2,CL0,CL0,CL3,CL0,CL0,CL0,CL5,CL0,CL1
245,49.788,-48.246,45.468,96.082,-31.685,198.437,-150.796,-17.779,111.406,-290.161,-71.126,-52.593,CL5,CL0,CL0,CL3,CL6,CL1,CL6,CL0,CL0,CL1,CL0,CL0,CL0,CL0,CL0,CL0,CL0,CL0,CL0
246,-7.854,48.246,-61.113,96.082,-31.685,-24.649,-94.779,-168.062,-147.955,-138.502,-255.524,-154.858,CL5,CL1,CL0,CL0,CL6,CL1,CL6,CL0,CL0,CL0,CL0,CL0,CL0,CL0,CL0,CL0,CL6,CL0,CL0
247,-7.854,48.246,-5.921,96.082,-31.685,137.297,-69.509,-127.553,43.852,-65.253,-21.712,-84.637,CL5,CL0,CL0,CL2,CL0,CL2,CL5,CL0,CL0,CL0,CL0,CL0,CL0,CL0,CL0,CL0,CL5,CL0,CL0
248,109.449,-48.246,116.365,96.082,-31.685,-92.104,-30.033,-111.902,59.042,163.088,-21.712,-52.593,CL6,CL0,CL0,CL0,CL6,CL0,CL5,CL0,CL0,CL0,CL0,CL0,CL0,CL0,CL0,CL0,CL0,CL0,CL0
249,109.449,48.246,198.437,96.082,-31.685,-242.317,16.767,-31.776,203.972,181.175,-71.126,-118.084,CL5,CL0,CL0,CL0,CL5,CL0,CL5,CL0,CL0,CL0,CL0,CL0,CL0,CL0,CL0,CL0,CL0,CL0,CL0
250,109.449,48.246,-5.921,96.082,-31.685,113.281,32.197,-17.779,94.156,113.407,-71.126,-21.575,CL5,CL0,CL0,CL0,CL0,CL0,CL6,CL0,CL0,CL0,CL0,CL0,CL0,CL0,CL0,CL0,CL6,CL0,CL0
251,109.449,-48.246,45.468,96.082,-31.685,-46.725,16.767,-31.776,-45.321,146.191,19.268,-84.637,CL5,CL0,CL0,CL0,CL6,CL0,CL6,CL0,CL0,CL0,CL0,CL0,CL0,CL0,CL0,CL0,CL0,CL0,CL0
252,49.788,48.246,45.468,96.082,-31.685,62.967,-94.779,-71.727,-15.487,75.830,-137.983,-154.858,CL4,CL0,CL0,CL0,CL5,CL0,CL5,CL0,CL0,CL0,CL0,CL0,CL0,CL0,CL0,CL0,CL0,CL0,CL0
253,-95.197,48.246,116.365,96.082,-31.685,-143.907,96.248,-58.331,223.427,204.506,-71.126,-21.575,CL5,CL0,CL0,CL0,CL6,CL2,CL4,CL0,CL0,CL0,CL0,CL0,CL0,CL0,CL0,CL0,CL2,CL0,CL0
254,109.449,48.246,198.437,96.082,-31.685,-79.151,16.767,29.338,-1.729,93.949,-137.983,-207.848,CL6,CL0,CL0,CL0,CL6,CL2,CL5,CL2,CL0,CL0,CL0,CL0,CL0,CL0,CL0,CL0,CL2,CL0,CL0
255,-7.854,-48.246,-5.921,96.082,-31.685,137.297,-69.509,-71.727,-91.699,-27.607,-137.983,-84.637,CL4,CL0,CL0,CL0,CL6,CL3,CL4,CL0,CL0,CL0,CL0,CL0,CL0,CL0,CL0,CL0,CL3,CL0,CL0
256,49.788,48.246,116.365,96.082,-31.685,-119.430,174.091,106.238,128.610,75.830,19.268,40.148,CL5,CL1,CL0,CL0,CL5,CL2,CL6,CL0,CL0,CL0,CL0,CL0,CL0,CL0,CL0,CL0,CL2,CL0,CL0
257,-95.197,48.246,-61.113,96.082,-31.685,-46.725,63.779,-31.776,76.096,93.949,-71.126,-21.575,CL4,CL2,CL0,CL0,CL2,CL2,CL5,CL0,CL0,CL0,CL0,CL0,CL0,CL0,CL0,CL0,CL0,CL0,CL0
258,49.788,-48.246,198.437,96.082,-31.685,4.257,332,88.309,-270.172,-27.607,-71.126,7.987,CL4,CL1,CL1,CL1,CL6,CL1,CL6,CL2,CL0,CL2,CL0,CL0,CL2,CL1,CL0,CL1,CL4,CL0,CL1
259,259.171,-48.246,198.437,96.082,-31.685,52.135,-15.487,-45.174,-147.955,181.175,-71.126,-154.858,CL5,CL0,CL0,CL5,CL4,CL0,CL0,CL0,CL0,CL0,CL0,CL0,CL0,CL0,CL0,CL0,CL0,CL0,CL0
260,259.171,-48.246,-5.921,96.082,-31.685,-105.308,-30.033,29.338,43.852,75.830,-21.712,-52.593,CL6,CL0,CL0,CL0,CL6,CL0,CL5,CL0,CL0,CL0,CL0,CL0,CL0,CL0,CL0,CL0,CL0,CL0,CL0
261,109.449,48.246,-5.921,96.082,-31.685,-46.725,96.248,215.324,-91.699,-665,186.203,122.470,CL5,CL0,CL0,CL0,CL6,CL2,CL5,CL0,CL0,CL0,CL0,CL0,CL0,CL1,CL0,CL0,CL0,CL0,CL0
262,182.213,-48.246,45.468,96.082,-31.685,-67.825,-43.999,72.330,-1.729,-14.277,186.203,7.987,CL2,CL0,CL1,CL2,CL0,CL1,CL6,CL0,CL0,CL0,CL0,CL0,CL0,CL1,CL0,CL1,CL6,CL0,CL0
263,109.449,-48.246,116.365,96.082,-50.212,-92.104,80.523,-31.776,94.156,25.953,-137.983,-154.858,CL3,CL0,CL0,CL0,CL6,CL0,CL4,CL0,CL0,CL0,CL0,CL0,CL0,CL0,CL0,CL0,CL0,CL0,CL0
264,182.213,48.246,-243.591,96.082,-31.685,-105.308,332,-1.928,161.108,113.407,-71.126,-154.858,CL5,CL0,CL0,CL0,CL0,CL0,CL6,CL0,CL0,CL0,CL0,CL0,CL0,CL0,CL0,CL0,CL1,CL0,CL0
265,-95.197,48.246,45.468,96.082,-31.685,-46.725,16.767,-1.928,59.042,58.489,-137.983,-118.084,CL5,CL0,CL0,CL0,CL5,CL2,CL5,CL0,CL0,CL0,CL0,CL0,CL0,CL0,CL0,CL0,CL0,CL0,CL0
266,49.788,48.246,45.468,96.082,-110.702,-24.649,332,-45.174,-1.729,-665,-71.126,-207.848,CL2,CL0,CL0,CL0,CL6,CL0,CL6,CL0,CL0,CL0,CL0,CL0,CL0,CL0,CL0,CL0,CL0,CL0,CL0
267,182.213,-48.246,45.468,96.082,-31.685,-119.430,-15.487,-17.779,28.783,75.830,-21.712,7.987,CL6,CL1,CL0,CL0,CL6,CL3,CL6,CL0,CL0,CL0,CL0,CL0,CL0,CL1,CL0,CL0,CL1,CL0,CL0
268,49.788,-48.246,-5.921,96.082,-110.702,-92.104,145.421,-127.553,-45.321,-665,-21.712,7.987,CL6,CL0,CL0,CL0,CL6,CL0,CL5,CL0,CL0,CL0,CL0,CL0,CL0,CL0,CL0,CL0,CL0,CL0,CL0
269,109.449,48.246,116.365,96.082,-31.685,-105.308,174.091,58.331,43.852,204.506,-21.712,-52.593,CL6,CL0,CL0,CL0,CL6,CL1,CL6,CL0,CL0,CL0,CL0,CL0,CL0,CL0,CL0,CL0,CL1,CL0,CL0
270,49.788,48.246,116.365,96.082,-110.702,-92.104,16.767,-84.732,-76.096,12.331,-137.983,-207.848,CL4,CL0,CL0,CL2,CL2,CL0,CL4,CL0,CL0,CL0,CL0,CL0,CL0,CL0,CL0,CL0,CL0,CL0,CL0
271,109.449,48.246,116.365,96.082,-31.685,-234.360,212.700,165.653,76.096,75.830,88.113,40.148,CL6,CL0,CL0,CL0,CL6,CL1,CL6,CL0,CL0,CL0,CL0,CL0,CL0,CL1,CL0,CL0,CL0,CL0,CL0
272,109.449,48.246,116.365,96.082,-31.685,73.545,-69.509,44.585,28.783,-138.502,-71.126,76.540,CL6,CL1,CL1,CL0,CL6,CL1,CL5,CL0,CL0,CL0,CL0,CL0,CL1,CL0,CL2,CL1,CL2,CL0,CL0
273,182.213,-48.246,198.437,96.082,-31.685,-105.308,332,-1.928,28.783,-665,52.975,-84.637,CL6,CL0,CL0,CL0,CL6,CL0,CL6,CL0,CL0,CL0,CL0,CL0,CL0,CL0,CL0,CL0,CL1,CL0,CL0
274,-7.854,48.246,45.468,96.082,-31.685,22.393,16.767,-111.902,28.783,25.953,-71.126,-21.575,CL6,CL3,CL3,CL4,CL6,CL3,CL6,CL3,CL0,CL2,CL0,CL2,CL3,CL2,CL0,CL1,CL4,CL0,CL0
275,49.788,-48.246,116.365,96.082,-31.685,22.393,96.248,14.143,-91.699,58.489,-21.712,76.540,CL6,CL1,CL6,CL5,CL6,CL3,CL4,CL1,CL1,CL1,CL0,CL1,CL0,CL1,CL0,CL0,CL6,CL0,CL0
276,49.788,48.246,116.365,96.082,-31.685,41.667,-43.999,14.143,43.852,163.088,-137.983,-21.575,CL4,CL0,CL0,CL0,CL6,CL1,CL4,CL1,CL0,CL1,CL0,CL1,CL0,CL0,CL0,CL0,CL2,CL0,CL0
277,182.213,-48.246,198.437,96.082,-31.685,-92.104,47.617,-58.331,-30.172,-52.745,-21.712,-52.593,CL6,CL0,CL0,CL0,CL3,CL0,CL3,CL0,CL0,CL0,CL0,CL0,CL0,CL0,CL0,CL0,CL1,CL0,CL0
278,-7.854,-48.246,-61.113,96.082,-31.685,-105.308,145.421,106.238,76.096,-14.277,52.975,7.987,CL5,CL2,CL2,CL2,CL5,CL4,CL5,CL3,CL0,CL3,CL0,CL2,CL0,CL2,CL0,CL3,CL3,CL0,CL0
279,109.449,48.246,45.468,96.082,-31.685,-24.649,-43.999,-31.776,76.096,-665,-71.126,-52.593,CL5,CL0,CL0,CL0,CL6,CL0,CL5,CL0,CL0,CL0,CL0,CL0,CL0,CL0,CL0,CL0,CL0,CL0,CL0
280,109.449,-48.246,116.365,96.082,-31.685,-132.828,80.523,29.338,43.852,41.594,19.268,-52.593,CL5,CL1,CL0,CL2,CL6,CL1,CL6,CL0,CL0,CL0,CL0,CL0,CL0,CL0,CL0,CL0,CL1,CL0,CL0
281,182.213,-48.246,116.365,96.082,-31.685,-5.188,16.767,72.330,-1.729,-89.891,-71.126,-84.637,CL6,CL0,CL0,CL0,CL6,CL0,CL6,CL0,CL0,CL0,CL0,CL0,CL0,CL0,CL0,CL0,CL1,CL0,CL0
282,109.449,48.246,-61.113,96.082,-31.685,4.257,-30.033,-221.069,-15.487,-14.277,-71.126,-84.637,CL5,CL0,CL0,CL1,CL6,CL0,CL6,CL0,CL0,CL0,CL0,CL0,CL0,CL0,CL0,CL0,CL0,CL0,CL0
283,109.449,48.246,116.365,96.082,-31.685,-5.188,332,14.143,94.156,93.949,19.268,40.148,CL5,CL0,CL0,CL0,CL5,CL1,CL5,CL1,CL0,CL0,CL0,CL0,CL0,CL0,CL0,CL0,CL0,CL0,CL0
284,109.449,-48.246,45.468,96.082,-31.685,-92.104,158.487,14.143,-30.172,75.830,19.268,40.148,CL6,CL0,CL0,CL0,CL6,CL0,CL5,CL0,CL0,CL0,CL0,CL0,CL0,CL0,CL0,CL0,CL0,CL0,CL0
285,49.788,-48.246,-5.921,-28.519,-31.685,-119.430,-80.615,72.330,-45.321,25.953,129.221,-21.575,CL3,CL2,CL2,CL3,CL6,CL2,CL5,CL2,CL0,CL2,CL0,CL0,CL0,CL0,CL0,CL2,CL6,CL0,CL0
286,49.788,-48.246,45.468,96.082,-31.685,-92.104,128.610,-71.727,-30.172,25.953,-137.983,-21.575,CL5,CL0,CL0,CL0,CL6,CL0,CL4,CL0,CL0,CL0,CL0,CL0,CL0,CL0,CL0,CL0,CL5,CL0,CL0
287,109.449,48.246,45.468,96.082,-31.685,22.393,-137.639,-17.779,-134.289,-14.277,-137.983,-207.848,CL5,CL0,CL0,CL0,CL6,CL0,CL6,CL0,CL0,CL0,CL0,CL0,CL0,CL0,CL0,CL0,CL0,CL0,CL0
288,109.449,-48.246,116.365,96.082,-31.685,31.287,32.197,-45.174,43.852,-89.891,-21.712,-21.575,CL3,CL0,CL0,CL2,CL6,CL1,CL6,CL0,CL0,CL0,CL0,CL0,CL0,CL0,CL0,CL0,CL0,CL0,CL0
289,-7.854,-48.246,-61.113,96.082,-31.685,62.967,32.197,-71.727,-30.172,-665,-21.712,-154.858,CL6,CL0,CL0,CL0,CL6,CL0,CL6,CL0,CL0,CL0,CL0,CL0,CL0,CL0,CL0,CL0,CL6,CL0,CL0
290,-7.854,48.246,116.365,96.082,-31.685,-205.048,63.779,-71.727,161.108,113.407,-137.983,-118.084,CL4,CL0,CL1,CL0,CL6,CL2,CL5,CL0,CL0,CL0,CL0,CL0,CL0,CL0,CL0,CL0,CL6,CL0,CL0
291,49.788,48.246,-5.921,96.082,-110.702,-92.104,96.248,-84.732,145.039,93.949,-137.983,-154.858,CL0,CL0,CL0,CL0,CL5,CL0,CL6,CL0,CL0,CL0,CL0,CL0,CL0,CL0,CL0,CL0,CL0,CL0,CL0
292,49.788,48.246,-61.113,96.082,-31.685,62.967,-109.207,44.585,-76.096,-40.581,-137.983,-52.593,CL5,CL1,CL0,CL0,CL4,CL5,CL5,CL0,CL0,CL0,CL0,CL0,CL0,CL0,CL0,CL0,CL4,CL0,CL0
293,109.449,48.246,-5.921,96.082,-31.685,-5.188,-15.487,-58.331,-60.633,41.594,-71.126,-52.593,CL3,CL0,CL0,CL0,CL6,CL0,CL3,CL0,CL0,CL0,CL0,CL0,CL0,CL0,CL0,CL0,CL0,CL0,CL0
295,-7.854,48.246,-5.921,96.082,-31.685,113.281,332,-17.779,-76.096,-40.581,19.268,-21.575,CL3,CL1,CL1,CL0,CL3,CL3,CL6,CL0,CL0,CL0,CL0,CL0,CL0,CL0,CL0,CL0,CL6,CL0,CL1
296,-95.197,48.246,-143.719,96.082,-31.685,-34.799,47.617,-17.779,-60.633,-14.277,-71.126,-84.637,CL5,CL0,CL0,CL0,CL4,CL0,CL6,CL0,CL0,CL0,CL0,CL0,CL0,CL0,CL0,CL0,CL0,CL0,CL0
297,49.788,-48.246,-5.921,96.082,-31.685,137.297,-43.999,14.143,-1.729,-665,-71.126,-52.593,CL5,CL0,CL1,CL4,CL5,CL2,CL6,CL0,CL0,CL0,CL2,CL0,CL0,CL0,CL0,CL0,CL2,CL0,CL0
298,259.171,48.246,-173.790,96.082,-31.685,82.562,-80.615,14.143,-15.487,113.407,-21.712,-52.593,CL0,CL0,CL0,CL0,CL6,CL0,CL6,CL0,CL0,CL0,CL0,CL0,CL0,CL0,CL0,CL0,CL0,CL0,CL0
300,49.788,48.246,45.468,96.082,-31.685,13.606,-30.033,-142.424,161.108,41.594,-21.712,-154.858,CL5,CL0,CL0,CL0,CL6,CL0,CL5,CL0,CL0,CL0,CL0,CL0,CL0,CL0,CL0,CL0,CL0,CL0,CL0
301,49.788,48.246,-5.921,-57.009,-31.685,82.562,-94.779,-17.779,43.852,58.489,-71.126,-84.637,CL5,CL0,CL0,CL0,CL4,CL0,CL5,CL0,CL0,CL0,CL0,CL0,CL0,CL0,CL0,CL0,CL0,CL0,CL0
302,-7.854,48.246,-61.113,-57.009,-31.685,-24.649,-43.999,-155.521,13.136,58.489,-137.983,-154.858,CL3,CL0,CL0,CL0,CL2,CL0,CL6,CL0,CL0,CL0,CL0,CL0,CL0,CL0,CL0,CL0,CL6,CL0,CL0
303,49.788,48.246,198.437,96.082,-31.685,52.135,-43.999,-71.727,59.042,93.949,-71.126,-84.637,CL6,CL0,CL0,CL0,CL6,CL0,CL6,CL0,CL0,CL0,CL0,CL0,CL0,CL0,CL0,CL0,CL1,CL0,CL0
304,182.213,48.246,-5.921,96.082,-31.685,-14.882,63.779,-1.928,-76.096,-40.581,-21.712,7.987,CL6,CL0,CL0,CL1,CL6,CL2,CL5,CL0,CL0,CL0,CL0,CL0,CL0,CL0,CL0,CL2,CL1,CL0,CL0
305,109.449,48.246,45.468,96.082,-31.685,-34.799,332,-127.553,-15.487,93.949,-21.712,-118.084,CL6,CL0,CL0,CL0,CL6,CL0,CL6,CL0,CL0,CL0,CL0,CL0,CL0,CL0,CL0,CL0,CL0,CL0,CL0
306,109.449,48.246,45.468,96.082,-31.685,-105.308,-232.338,-127.553,161.108,12.331,-71.126,-154.858,CL4,CL1,CL2,CL0,CL6,CL0,CL4,CL1,CL0,CL1,CL0,CL0,CL0,CL1,CL0,CL0,CL0,CL0,CL0
307,49.788,-48.246,116.365,96.082,-31.685,22.393,-123.177,-84.732,-107.533,75.830,-137.983,-84.637,CL5,CL0,CL1,CL0,CL6,CL2,CL6,CL0,CL0,CL0,CL0,CL0,CL0,CL0,CL0,CL0,CL2,CL0,CL0
308,109.449,-48.246,116.365,96.082,-31.685,-46.725,-57.545,-71.727,111.406,75.830,-71.126,-52.593,CL5,CL0,CL0,CL0,CL6,CL2,CL5,CL0,CL0,CL0,CL0,CL0,CL0,CL0,CL0,CL0,CL0,CL0,CL0
309,49.788,48.246,-122.751,96.082,-31.685,-169.163,80.523,-17.779,-1.729,163.088,19.268,7.987,CL5,CL0,CL0,CL0,CL6,CL0,CL5,CL0,CL0,CL0,CL0,CL0,CL0,CL0,CL0,CL0,CL0,CL0,CL0
310,49.788,-48.246,116.365,96.082,-31.685,-79.151,16.767,-17.779,59.042,41.594,-137.983,-207.848,CL6,CL0,CL0,CL0,CL6,CL0,CL6,CL0,CL0,CL0,CL0,CL0,CL0,CL0,CL0,CL0,CL0,CL0,CL0
311,109.449,48.246,45.468,96.082,-31.685,-132.828,-15.487,-84.732,13.136,58.489,-137.983,-154.858,CL3,CL0,CL0,CL0,CL6,CL0,CL6,CL0,CL0,CL0,CL0,CL0,CL0,CL0,CL0,CL1,CL4,CL0,CL1
312,-95.197,48.246,-173.790,96.082,-31.685,113.281,-57.545,-197.495,-30.172,-14.277,186.203,76.540,CL3,CL0,CL0,CL0,CL6,CL1,CL6,CL1,CL0,CL0,CL0,CL0,CL0,CL0,CL0,CL0,CL2,CL0,CL0
313,109.449,48.246,116.365,96.082,-31.685,-34.799,332,-45.174,28.783,12.331,-137.983,-52.593,CL6,CL0,CL0,CL1,CL6,CL0,CL6,CL0,CL0,CL0,CL0,CL0,CL0,CL0,CL0,CL0,CL0,CL0,CL0
314,-7.854,48.246,116.365,96.082,-31.685,4.257,174.091,29.338,59.042,130.612,19.268,-52.593,CL5,CL1,CL1,CL0,CL6,CL0,CL5,CL1,CL0,CL1,CL0,CL0,CL0,CL1,CL0,CL1,CL5,CL0,CL0
315,-95.197,48.246,-122.751,21.128,-31.685,-58.016,16.767,-71.727,13.136,-14.277,-71.126,-118.084,CL5,CL0,CL0,CL0,CL6,CL0,CL4,CL0,CL0,CL0,CL0,CL0,CL0,CL0,CL0,CL0,CL5,CL0,CL0
316,109.449,48.246,198.437,96.082,-31.685,-79.151,80.523,58.331,-1.729,41.594,-71.126,-52.593,CL5,CL0,CL0,CL0,CL6,CL0,CL4,CL0,CL0,CL0,CL0,CL0,CL0,CL0,CL0,CL0,CL1,CL0,CL0
317,182.213,48.246,45.468,96.082,-31.685,-46.725,80.523,106.238,-45.321,-78.155,186.203,40.148,CL5,CL1,CL0,CL0,CL6,CL3,CL6,CL1,CL0,CL1,CL0,CL0,CL0,CL1,CL0,CL0,CL6,CL0,CL0
318,49.788,-48.246,45.468,96.082,-110.702,-79.151,193.886,-97.631,-1.729,113.407,-71.126,-52.593,CL5,CL0,CL0,CL0,CL6,CL2,CL4,CL0,CL0,CL0,CL0,CL0,CL0,CL0,CL0,CL0,CL3,CL0,CL0
319,-7.854,48.246,-5.921,96.082,-31.685,4.257,332,-71.727,28.783,93.949,-137.983,-118.084,CL2,CL0,CL0,CL0,CL6,CL0,CL5,CL0,CL0,CL0,CL0,CL0,CL0,CL0,CL0,CL0,CL0,CL0,CL0
320,109.449,48.246,-173.790,96.082,11.440,31.287,-30.033,-127.553,-15.487,58.489,88.113,40.148,CL4,CL0,CL0,CL0,CL0,CL0,CL6,CL0,CL0,CL0,CL0,CL0,CL0,CL0,CL0,CL0,CL0,CL0,CL0
321,109.449,48.246,45.468,96.082,-31.685,73.545,-30.033,-58.331,-107.533,-14.277,-137.983,-118.084,CL5,CL0,CL0,CL0,CL6,CL1,CL5,CL0,CL0,CL0,CL0,CL0,CL0,CL0,CL0,CL0,CL0,CL0,CL0
322,49.788,48.246,-61.113,96.082,-31.685,52.135,-30.033,-97.631,181.866,163.088,-137.983,-207.848,CL5,CL0,CL0,CL0,CL6,CL0,CL6,CL0,CL0,CL0,CL0,CL0,CL0,CL0,CL0,CL0,CL0,CL0,CL0
323,-95.197,48.246,45.468,96.082,-31.685,-79.151,47.617,44.585,94.156,12.331,-21.712,40.148,CL5,CL0,CL2,CL0,CL6,CL2,CL6,CL0,CL0,CL0,CL0,CL0,CL2,CL0,CL0,CL0,CL2,CL0,CL0
324,109.449,-48.246,-143.719,96.082,-31.685,91.093,-109.207,-168.062,28.783,-78.155,-71.126,7.987,CL6,CL1,CL1,CL0,CL6,CL2,CL5,CL1,CL0,CL1,CL1,CL0,CL0,CL1,CL0,CL1,CL1,CL0,CL0
325,-7.854,48.246,198.437,96.082,-31.685,22.393,332,143.533,-91.699,93.949,19.268,-52.593,CL5,CL0,CL0,CL0,CL6,CL1,CL5,CL0,CL0,CL0,CL0,CL0,CL0,CL0,CL0,CL0,CL0,CL0,CL0
326,49.788,48.246,-5.921,96.082,-31.685,-79.151,128.610,-17.779,94.156,233.337,19.268,-52.593,CL5,CL0,CL0,CL0,CL5,CL0,CL6,CL0,CL0,CL0,CL0,CL0,CL0,CL0,CL0,CL0,CL0,CL0,CL0
327,49.788,-48.246,-122.751,96.082,-31.685,-58.016,-163.340,-197.495,94.156,41.594,52.975,7.987,CL6,CL3,CL2,CL0,CL4,CL4,CL5,CL0,CL0,CL3,CL0,CL0,CL0,CL0,CL0,CL0,CL6,CL0,CL0
328,109.449,-48.246,116.365,96.082,-31.685,-186.962,158.487,-1.928,161.108,130.612,-137.983,-84.637,CL6,CL0,CL0,CL0,CL6,CL0,CL5,CL0,CL0,CL0,CL0,CL0,CL0,CL0,CL0,CL0,CL1,CL0,CL0
329,-7.854,48.246,-5.921,96.082,-31.685,22.393,-30.033,-127.553,111.406,-52.745,-137.983,-207.848,CL5,CL0,CL0,CL2,CL6,CL1,CL6,CL0,CL0,CL0,CL0,CL0,CL0,CL0,CL0,CL0,CL6,CL0,CL0
330,109.449,-48.246,-5.921,96.082,-31.685,-34.799,47.617,-97.631,43.852,-14.277,52.975,-21.575,CL4,CL0,CL0,CL1,CL6,CL1,CL5,CL0,CL0,CL0,CL0,CL0,CL0,CL0,CL0,CL0,CL2,CL0,CL0
331,109.449,48.246,-5.921,96.082,-31.685,-105.308,47.617,-71.727,76.096,75.830,-21.712,-21.575,CL1,CL0,CL0,CL0,CL6,CL0,CL5,CL0,CL0,CL0,CL0,CL0,CL0,CL0,CL0,CL0,CL0,CL0,CL0
332,49.788,-48.246,-243.591,96.082,-31.685,-24.649,-43.999,-97.631,-45.321,58.489,-137.983,-84.637,CL6,CL2,CL2,CL2,CL6,CL2,CL6,CL6,CL2,CL3,CL0,CL2,CL0,CL2,CL0,CL2,CL6,CL0,CL0
333,182.213,48.246,-122.751,24.923,-31.685,-46.725,-43.999,-155.521,94.156,75.830,-137.983,-154.858,CL0,CL0,CL0,CL0,CL5,CL0,CL0,CL0,CL0,CL0,CL0,CL0,CL0,CL0,CL0,CL0,CL5,CL0,CL0
334,-95.197,48.246,-61.113,96.082,-31.685,282.196,-192.173,-84.732,43.852,-178.169,19.268,-52.593,CL6,CL0,CL3,CL0,CL6,CL5,CL6,CL3,CL0,CL3,CL0,CL0,CL5,CL0,CL0,CL0,CL6,CL0,CL3
335,259.171,-48.246,-61.113,24.923,-31.685,-132.828,-43.999,-97.631,13.136,12.331,129.221,-21.575,CL4,CL0,CL0,CL5,CL6,CL0,CL6,CL0,CL0,CL0,CL0,CL0,CL0,CL0,CL0,CL0,CL1,CL0,CL0
336,259.171,48.246,-173.790,24.923,-31.685,-14.882,-15.487,-142.424,-134.289,-665,-21.712,76.540,CL4,CL0,CL0,CL0,CL6,CL0,CL6,CL0,CL0,CL0,CL0,CL0,CL0,CL0,CL0,CL0,CL6,CL0,CL0
337,-7.854,48.246,116.365,96.082,-31.685,41.667,-57.545,58.331,43.852,-101.450,186.203,76.540,CL6,CL0,CL0,CL0,CL6,CL3,CL5,CL0,CL0,CL0,CL0,CL0,CL0,CL0,CL0,CL0,CL3,CL0,CL0
338,109.449,48.246,116.365,96.082,-110.702,62.967,16.767,-17.779,-1.729,130.612,-21.712,-84.637,CL5,CL0,CL0,CL0,CL0,CL0,CL0,CL0,CL0,CL0,CL0,CL0,CL0,CL0,CL0,CL0,CL5,CL0,CL0
339,109.449,48.246,-5.921,24.923,-31.685,-58.016,32.197,106.238,-177.200,41.594,186.203,40.148,CL5,CL1,CL1,CL2,CL6,CL2,CL6,CL3,CL1,CL1,CL0,CL0,CL0,CL1,CL0,CL2,CL6,CL0,CL0
340,49.788,-48.246,198.437,96.082,-31.685,-186.962,128.610,29.338,76.096,146.191,-21.712,40.148,CL6,CL0,CL0,CL0,CL0,CL0,CL4,CL0,CL0,CL0,CL0,CL0,CL0,CL0,CL0,CL0,CL0,CL0,CL0
341,109.449,48.246,-5.921,96.082,-31.685,-14.882,-30.033,-58.331,94.156,75.830,-137.983,-21.575,CL5,CL0,CL0,CL0,CL3,CL0,CL5,CL0,CL0,CL0,CL0,CL0,CL0,CL0,CL0,CL0,CL0,CL0,CL0
342,49.788,48.246,116.365,96.082,-31.685,-46.725,111.406,88.309,28.783,41.594,-255.524,-21.575,CL5,CL0,CL0,CL0,CL6,CL6,CL5,CL1,CL0,CL0,CL0,CL0,CL3,CL0,CL0,CL2,CL6,CL0,CL0
343,182.213,48.246,-5.921,96.082,-31.685,-169.163,96.248,-31.776,94.156,181.175,-255.524,-154.858,CL5,CL0,CL0,CL0,CL6,CL0,CL6,CL0,CL0,CL0,CL0,CL0,CL0,CL0,CL0,CL0,CL0,CL0,CL0
344,182.213,48.246,-5.921,96.082,-31.685,62.967,332,-1.928,-15.487,58.489,19.268,-52.593,CL1,CL0,CL0,CL1,CL6,CL0,CL6,CL0,CL0,CL0,CL0,CL0,CL0,CL0,CL0,CL0,CL6,CL0,CL0
345,-95.197,48.246,-243.591,96.082,-31.685,22.393,-15.487,-1.928,-15.487,-40.581,88.113,-84.637,CL5,CL2,CL3,CL6,CL6,CL6,CL5,CL4,CL2,CL3,CL3,CL0,CL3,CL2,CL2,CL2,CL6,CL0,CL0
346,49.788,48.246,116.365,96.082,-31.685,-186.962,16.767,143.533,181.866,113.407,-71.126,-84.637,CL1,CL1,CL1,CL1,CL6,CL1,CL5,CL1,CL1,CL1,CL1,CL0,CL0,CL1,CL1,CL1,CL6,CL0,CL1
347,49.788,48.246,45.468,96.082,-31.685,4.257,47.617,-17.779,94.156,25.953,19.268,-21.575,CL2,CL2,CL2,CL2,CL6,CL2,CL6,CL2,CL0,CL2,CL0,CL0,CL2,CL2,CL0,CL2,CL6,CL0,CL1
348,109.449,48.246,45.468,96.082,-31.685,-14.882,174.091,165.653,246.262,25.953,186.203,122.470,CL6,CL1,CL0,CL0,CL6,CL3,CL5,CL0,CL0,CL0,CL0,CL0,CL4,CL1,CL0,CL0,CL6,CL0,CL0
349,109.449,-48.246,116.365,96.082,-31.685,-92.104,80.523,-1.928,-1.729,41.594,-137.983,-154.858,CL2,CL2,CL1,CL2,CL6,CL1,CL6,CL1,CL0,CL1,CL2,CL0,CL0,CL1,CL2,CL1,CL0,CL0,CL0
350,109.449,-48.246,-5.921,96.082,-110.702,-58.016,32.197,-45.174,-15.487,25.953,-21.712,-118.084,CL6,CL0,CL0,CL4,CL6,CL0,CL6,CL0,CL0,CL0,CL0,CL0,CL0,CL0,CL0,CL0,CL0,CL0,CL0
351,109.449,-48.246,45.468,96.082,-31.685,52.135,-69.509,-58.331,13.136,-14.277,-21.712,40.148,CL5,CL1,CL1,CL1,CL6,CL3,CL5,CL2,CL0,CL1,CL0,CL0,CL0,CL1,CL0,CL1,CL6,CL0,CL1
352,49.788,48.246,-61.113,96.082,-31.685,102.119,-57.545,88.309,128.610,-65.253,88.113,-21.575,CL4,CL2,CL1,CL4,CL6,CL2,CL5,CL2,CL2,CL2,CL2,CL2,CL0,CL1,CL2,CL1,CL6,CL0,CL1
353,49.788,-48.246,-5.921,96.082,-31.685,41.667,16.767,-1.928,-45.321,-52.745,-21.712,40.148,CL5,CL2,CL1,CL4,CL5,CL4,CL4,CL2,CL2,CL1,CL2,CL0,CL1,CL2,CL3,CL2,CL2,CL0,CL5
354,109.449,-48.246,45.468,96.082,-31.685,-14.882,-69.509,44.585,76.096,-138.502,19.268,-21.575,CL1,CL1,CL1,CL1,CL6,CL1,CL5,CL1,CL1,CL1,CL1,CL0,CL0,CL1,CL1,CL1,CL1,CL0,CL1
355,-7.854,-48.246,-173.790,96.082,-31.685,-46.725,332,-17.779,-60.633,41.594,52.975,-84.637,CL2,CL2,CL2,CL0,CL5,CL2,CL5,CL2,CL0,CL2,CL0,CL2,CL0,CL2,CL0,CL2,CL2,CL0,CL0
356,49.788,-48.246,-5.921,96.082,-31.685,22.393,-15.487,-1.928,28.783,-27.607,-71.126,40.148,CL2,CL1,CL1,CL2,CL6,CL1,CL5,CL2,CL2,CL1,CL2,CL1,CL0,CL1,CL2,CL1,CL3,CL0,CL0
357,-7.854,-48.246,-243.591,96.082,-31.685,62.967,332,124.033,181.866,93.949,186.203,192.173,CL6,CL1,CL2,CL3,CL6,CL3,CL6,CL2,CL3,CL3,CL2,CL3,CL0,CL1,CL3,CL1,CL6,CL0,CL1
358,109.449,-48.246,45.468,96.082,-31.685,-119.430,-15.487,-127.553,145.039,41.594,-71.126,7.987,CL6,CL0,CL0,CL1,CL6,CL1,CL5,CL0,CL0,CL0,CL0,CL0,CL0,CL0,CL0,CL0,CL2,CL0,CL0
359,49.788,-48.246,-173.790,96.082,-31.685,246.262,-123.177,-97.631,-177.200,-164.101,186.203,192.173,CL3,CL3,CL1,CL1,CL5,CL3,CL5,CL3,CL0,CL3,CL1,CL1,CL3,CL1,CL0,CL1,CL6,CL0,CL1
360,49.788,-48.246,-61.113,96.082,-31.685,41.667,-80.615,88.309,13.136,-40.581,52.975,-21.575,CL2,CL2,CL2,CL2,CL6,CL2,CL6,CL2,CL0,CL2,CL0,CL2,CL0,CL2,CL0,CL2,CL2,CL0,CL1
361,-7.854,48.246,-61.113,96.082,-31.685,-58.016,158.487,58.331,13.136,41.594,129.221,192.173,CL5,CL2,CL2,CL2,CL6,CL2,CL5,CL2,CL2,CL2,CL2,CL2,CL0,CL2,CL2,CL0,CL3,CL0,CL2
362,109.449,48.246,45.468,96.082,-31.685,52.135,80.523,-1.928,13.136,-14.277,-21.712,7.987,CL2,CL1,CL1,CL1,CL6,CL2,CL5,CL1,CL0,CL2,CL0,CL0,CL0,CL1,CL0,CL1,CL2,CL0,CL0
363,49.788,48.246,-5.921,96.082,-31.685,62.967,63.779,106.238,94.156,130.612,88.113,40.148,CL5,CL5,CL2,CL4,CL6,CL3,CL4,CL3,CL2,CL3,CL2,CL2,CL0,CL1,CL2,CL1,CL6,CL0,CL2
364,109.449,-48.246,45.468,96.082,-31.685,41.667,32.197,-17.779,59.042,41.594,-71.126,-52.593,CL2,CL1,CL1,CL2,CL6,CL2,CL5,CL1,CL2,CL1,CL2,CL0,CL0,CL1,CL2,CL1,CL6,CL0,CL1
365,109.449,48.246,-5.921,96.082,-31.685,123.461,-15.487,-127.553,76.096,41.594,-137.983,-207.848,CL5,CL0,CL0,CL1,CL6,CL0,CL6,CL0,CL0,CL0,CL0,CL0,CL0,CL0,CL0,CL0,CL0,CL0,CL0
366,49.788,48.246,198.437,96.082,-31.685,41.667,-15.487,14.143,-1.729,-52.745,-21.712,-21.575,CL5,CL0,CL0,CL0,CL5,CL1,CL4,CL0,CL0,CL0,CL0,CL0,CL0,CL0,CL0,CL0,CL1,CL0,CL0
367,109.449,-48.246,-5.921,96.082,-50.212,-14.882,332,-58.331,-45.321,-125.773,-137.983,-154.858,CL5,CL0,CL0,CL1,CL6,CL1,CL4,CL0,CL0,CL0,CL0,CL0,CL0,CL0,CL0,CL0,CL2,CL0,CL0
368,49.788,48.246,45.468,96.082,-50.212,-105.308,47.617,-17.779,-15.487,58.489,-137.983,-118.084,CL0,CL0,CL0,CL0,CL6,CL0,CL5,CL0,CL0,CL0,CL0,CL0,CL0,CL0,CL0,CL0,CL0,CL0,CL0
369,109.449,48.246,45.468,96.082,-31.685,-119.430,47.617,29.338,43.852,25.953,19.268,-21.575,CL5,CL0,CL0,CL5,CL6,CL2,CL5,CL0,CL0,CL0,CL0,CL0,CL0,CL1,CL2,CL1,CL2,CL0,CL0
370,-7.854,-48.246,-5.921,96.082,-31.685,-5.188,-94.779,-168.062,13.136,75.830,-21.712,-84.637,CL6,CL1,CL0,CL0,CL6,CL6,CL5,CL1,CL0,CL0,CL0,CL0,CL0,CL0,CL0,CL0,CL6,CL0,CL0
371,-7.854,48.246,45.468,96.082,-31.685,123.461,32.197,29.338,76.096,-65.253,19.268,-21.575,CL3,CL2,CL2,CL5,CL6,CL2,CL5,CL2,CL2,CL1,CL2,CL0,CL0,CL1,CL0,CL0,CL6,CL0,CL2
372,-95.197,-48.246,-122.751,24.923,-31.685,22.393,32.197,14.143,-91.699,-27.607,-71.126,7.987,CL5,CL2,CL0,CL0,CL6,CL6,CL0,CL0,CL0,CL2,CL0,CL0,CL2,CL2,CL0,CL3,CL6,CL0,CL0
373,49.788,48.246,45.468,96.082,-31.685,102.119,232.338,165.653,-134.289,41.594,129.221,192.173,CL5,CL0,CL0,CL3,CL6,CL2,CL6,CL1,CL0,CL2,CL0,CL0,CL0,CL0,CL0,CL1,CL6,CL0,CL0
374,-95.197,48.246,-61.113,96.082,-31.685,91.093,96.248,-111.902,59.042,25.953,-21.712,40.148,CL5,CL2,CL2,CL0,CL4,CL3,CL5,CL3,CL0,CL2,CL0,CL3,CL3,CL2,CL0,CL2,CL5,CL0,CL0
375,109.449,-48.246,45.468,96.082,-31.685,-34.799,-176.250,72.330,-91.699,12.331,-21.712,-52.593,CL6,CL1,CL1,CL0,CL6,CL4,CL5,CL1,CL0,CL3,CL0,CL0,CL1,CL1,CL0,CL2,CL0,CL0,CL0
376,182.213,48.246,116.365,96.082,-31.685,-24.649,128.610,88.309,161.108,113.407,-71.126,-118.084,CL6,CL0,CL0,CL0,CL6,CL0,CL6,CL0,CL0,CL0,CL0,CL0,CL0,CL0,CL0,CL0,CL0,CL0,CL0
377,259.171,-48.246,-5.921,96.082,-31.685,13.606,16.767,29.338,-134.289,146.191,-137.983,-84.637,CL6,CL0,CL0,CL1,CL6,CL0,CL4,CL0,CL0,CL0,CL0,CL0,CL0,CL0,CL0,CL0,CL0,CL0,CL0
378,109.449,48.246,116.365,96.082,-31.685,-92.104,332,-71.727,13.136,93.949,-71.126,40.148,CL5,CL0,CL0,CL0,CL6,CL2,CL5,CL1,CL0,CL0,CL0,CL0,CL0,CL0,CL0,CL0,CL2,CL0,CL0
379,-7.854,48.246,45.468,96.082,-31.685,-46.725,-57.545,-168.062,43.852,-52.745,-71.126,-118.084,CL5,CL0,CL0,CL0,CL6,CL1,CL5,CL0,CL0,CL0,CL0,CL0,CL0,CL0,CL0,CL0,CL0,CL0,CL0
380,-7.854,-48.246,116.365,-28.519,-31.685,82.562,-94.779,58.331,59.042,75.830,52.975,-21.575,CL0,CL0,CL0,CL0,CL4,CL0,CL4,CL0,CL0,CL0,CL0,CL0,CL0,CL0,CL0,CL0,CL0,CL0,CL0
381,109.449,48.246,-5.921,96.082,-31.685,82.562,-43.999,72.330,-1.729,25.953,-21.712,-21.575,CL6,CL0,CL0,CL0,CL6,CL1,CL6,CL0,CL0,CL0,CL0,CL0,CL0,CL0,CL0,CL0,CL1,CL0,CL0
382,49.788,-48.246,45.468,96.082,-31.685,-46.725,111.406,-31.776,-60.633,12.331,19.268,76.540,CL2,CL2,CL2,CL2,CL6,CL2,CL5,CL2,CL2,CL2,CL0,CL2,CL0,CL1,CL2,CL2,CL2,CL0,CL0
383,49.788,-48.246,-173.790,-28.519,-31.685,-34.799,-57.545,-111.902,-91.699,-78.155,129.221,-52.593,CL4,CL1,CL1,CL0,CL6,CL6,CL6,CL1,CL0,CL1,CL0,CL0,CL0,CL1,CL0,CL1,CL6,CL0,CL1
384,49.788,48.246,116.365,-28.519,-31.685,-79.151,16.767,-17.779,-30.172,75.830,19.268,40.148,CL5,CL0,CL0,CL0,CL6,CL1,CL6,CL0,CL0,CL0,CL0,CL0,CL0,CL0,CL0,CL0,CL1,CL0,CL0
385,109.449,48.246,45.468,96.082,-31.685,13.606,-30.033,-45.174,111.406,75.830,-255.524,-52.593,CL5,CL0,CL0,CL0,CL6,CL0,CL6,CL0,CL0,CL0,CL0,CL0,CL0,CL0,CL0,CL0,CL0,CL0,CL0
386,109.449,48.246,45.468,96.082,-110.702,-24.649,16.767,-97.631,76.096,58.489,19.268,-154.858,CL1,CL0,CL0,CL0,CL0,CL0,CL4,CL0,CL0,CL0,CL0,CL0,CL0,CL0,CL0,CL0,CL0,CL0,CL0
387,-7.854,-48.246,-5.921,96.082,-31.685,-58.016,-43.999,-239.883,13.136,-40.581,-71.126,-21.575,CL5,CL0,CL2,CL0,CL6,CL2,CL6,CL2,CL0,CL2,CL0,CL0,CL0,CL2,CL0,CL0,CL6,CL0,CL0
388,109.449,-48.246,-122.751,96.082,-31.685,-205.048,47.617,-111.902,161.108,58.489,-71.126,-52.593,CL4,CL0,CL0,CL0,CL6,CL0,CL6,CL0,CL0,CL0,CL0,CL0,CL0,CL0,CL0,CL0,CL0,CL0,CL0
389,-7.854,-48.246,45.468,96.082,-110.702,-132.828,32.197,-58.331,-134.289,204.506,-71.126,7.987,CL0,CL0,CL0,CL0,CL0,CL0,CL5,CL0,CL0,CL0,CL0,CL0,CL0,CL0,CL0,CL0,CL0,CL0,CL0
390,49.788,-48.246,-5.921,96.082,-31.685,13.606,-30.033,14.143,-15.487,-27.607,-21.712,-84.637,CL3,CL0,CL0,CL0,CL6,CL1,CL6,CL0,CL0,CL0,CL0,CL0,CL0,CL0,CL1,CL0,CL6,CL0,CL0
391,-7.854,-48.246,198.437,96.082,-31.685,-58.016,32.197,-17.779,13.136,58.489,-137.983,-154.858,CL5,CL0,CL0,CL0,CL6,CL1,CL6,CL0,CL0,CL0,CL0,CL0,CL0,CL0,CL0,CL0,CL4,CL0,CL0
392,49.788,48.246,-61.113,96.082,-31.685,-67.825,-43.999,29.338,13.136,-665,19.268,-84.637,CL2,CL0,CL1,CL3,CL6,CL1,CL6,CL1,CL0,CL0,CL0,CL0,CL0,CL0,CL3,CL0,CL6,CL0,CL0
393,-7.854,48.246,45.468,96.082,-31.685,62.967,332,14.143,28.783,12.331,-71.126,-52.593,CL5,CL0,CL0,CL0,CL6,CL2,CL5,CL0,CL0,CL0,CL0,CL0,CL0,CL0,CL0,CL0,CL0,CL0,CL0
394,49.788,48.246,-143.719,96.082,-31.685,-46.725,32.197,-58.331,-1.729,113.407,-71.126,-118.084,CL5,CL0,CL0,CL0,CL6,CL0,CL6,CL0,CL0,CL0,CL0,CL0,CL0,CL0,CL0,CL0,CL0,CL0,CL0
395,-7.854,48.246,-5.921,96.082,-31.685,-79.151,-15.487,-221.069,-60.633,146.191,-137.983,-207.848,CL6,CL0,CL0,CL0,CL0,CL0,CL6,CL1,CL0,CL0,CL0,CL0,CL0,CL0,CL0,CL0,CL0,CL0,CL0
396,-7.854,-48.246,-5.921,96.082,-31.685,-143.907,63.779,-17.779,-76.096,181.175,52.975,40.148,CL6,CL2,CL1,CL0,CL6,CL1,CL6,CL2,CL1,CL3,CL0,CL2,CL0,CL2,CL1,CL2,CL5,CL0,CL1
397,49.788,-48.246,45.468,96.082,-31.685,22.393,128.610,-45.174,-147.955,-78.155,186.203,122.470,CL6,CL1,CL1,CL1,CL4,CL2,CL5,CL3,CL0,CL3,CL0,CL0,CL3,CL1,CL0,CL1,CL5,CL0,CL0
398,49.788,48.246,45.468,96.082,-31.685,-186.962,63.779,-97.631,-30.172,58.489,-21.712,-52.593,CL6,CL0,CL0,CL0,CL6,CL2,CL5,CL0,CL0,CL0,CL0,CL0,CL0,CL0,CL0,CL1,CL1,CL0,CL0
399,109.449,-48.246,-5.921,96.082,-31.685,13.606,47.617,-84.732,-147.955,41.594,129.221,122.470,CL6,CL0,CL0,CL0,CL6,CL0,CL5,CL0,CL0,CL0,CL0,CL0,CL0,CL0,CL0,CL0,CL6,CL0,CL0
400,-7.854,48.246,116.365,96.082,-31.685,-79.151,32.197,29.338,-134.289,93.949,88.113,-52.593,CL6,CL0,CL0,CL0,CL6,CL5,CL3,CL0,CL0,CL0,CL0,CL0,CL0,CL0,CL0,CL0,CL6,CL0,CL1
401,109.449,-48.246,116.365,96.082,-31.685,-92.104,128.610,143.533,94.156,58.489,-71.126,-118.084,CL1,CL1,CL1,CL0,CL5,CL1,CL6,CL1,CL0,CL1,CL0,CL1,CL0,CL0,CL0,CL1,CL4,CL0,CL1
402,-7.854,48.246,-122.751,96.082,-31.685,-14.882,-15.487,-197.495,59.042,75.830,-71.126,-84.637,CL4,CL0,CL0,CL0,CL6,CL1,CL6,CL0,CL0,CL0,CL0,CL0,CL0,CL0,CL0,CL0,CL1,CL0,CL0
403,109.449,-48.246,-173.790,96.082,-31.685,13.606,-109.207,-45.174,-162.090,-65.253,186.203,122.470,CL5,CL2,CL2,CL0,CL6,CL6,CL6,CL2,CL0,CL2,CL0,CL2,CL2,CL2,CL0,CL2,CL6,CL0,CL0
404,-95.197,-48.246,-61.113,96.082,-31.685,-92.104,-69.509,-31.776,-60.633,-125.773,52.975,40.148,CL5,CL0,CL0,CL0,CL5,CL5,CL6,CL0,CL0,CL0,CL0,CL0,CL0,CL0,CL0,CL0,CL0,CL0,CL0
405,-95.197,-48.246,45.468,96.082,-31.685,-143.907,63.779,-31.776,-76.096,-40.581,-137.983,-52.593,CL5,CL0,CL0,CL2,CL5,CL5,CL5,CL0,CL0,CL0,CL0,CL0,CL0,CL0,CL0,CL0,CL6,CL0,CL0
406,109.449,-48.246,-143.719,96.082,-31.685,91.093,-15.487,-17.779,-15.487,25.953,88.113,7.987,CL3,CL1,CL1,CL1,CL6,CL6,CL6,CL2,CL0,CL0,CL0,CL0,CL0,CL1,CL0,CL1,CL6,CL0,CL1
407,-95.197,48.246,-243.591,96.082,-31.685,13.606,158.487,188.511,128.610,-665,129.221,76.540,CL5,CL3,CL2,CL3,CL6,CL5,CL6,CL0,CL0,CL3,CL0,CL0,CL4,CL0,CL0,CL3,CL6,CL0,CL0
408,109.449,48.246,45.468,96.082,-31.685,183.990,-94.779,165.653,-1.729,-40.581,19.268,40.148,CL3,CL1,CL0,CL0,CL6,CL6,CL6,CL1,CL0,CL2,CL0,CL0,CL3,CL0,CL0,CL1,CL6,CL0,CL0
409,49.788,-48.246,-143.719,96.082,11.440,137.297,-15.487,-31.776,-30.172,-65.253,-21.712,7.987,CL6,CL1,CL1,CL2,CL6,CL6,CL2,CL1,CL1,CL2,CL0,CL0,CL0,CL1,CL0,CL1,CL6,CL0,CL0
410,-7.854,-48.246,45.468,96.082,-31.685,-67.825,16.767,58.331,13.136,-27.607,19.268,-154.858,CL3,CL1,CL1,CL1,CL6,CL6,CL6,CL1,CL0,CL1,CL0,CL2,CL2,CL1,CL6,CL1,CL6,CL0,CL1
411,49.788,48.246,-5.921,-57.009,-31.685,-155.078,80.523,72.330,28.783,58.489,-21.712,40.148,CL1,CL1,CL0,CL2,CL6,CL6,CL6,CL1,CL0,CL0,CL0,CL0,CL0,CL0,CL3,CL0,CL6,CL0,CL0
412,109.449,-48.246,-122.751,96.082,-31.685,102.119,-137.639,44.585,94.156,-138.502,88.113,40.148,CL5,CL2,CL0,CL3,CL6,CL6,CL6,CL1,CL0,CL2,CL1,CL2,CL2,CL1,CL6,CL2,CL2,CL0,CL1
413,49.788,48.246,-61.113,-28.519,-31.685,-46.725,-150.796,29.338,13.136,-164.101,-21.712,-84.637,CL3,CL0,CL0,CL1,CL3,CL1,CL6,CL1,CL1,CL1,CL0,CL0,CL0,CL1,CL0,CL1,CL1,CL0,CL0
414,-7.854,48.246,45.468,96.082,-31.685,13.606,111.406,-97.631,43.852,-27.607,-71.126,-52.593,CL6,CL0,CL0,CL0,CL3,CL2,CL6,CL2,CL0,CL2,CL0,CL0,CL0,CL0,CL0,CL0,CL2,CL0,CL0
415,49.788,-48.246,-61.113,96.082,-31.685,4.257,-15.487,72.330,13.136,-40.581,-21.712,-21.575,CL5,CL2,CL2,CL2,CL6,CL6,CL5,CL3,CL0,CL2,CL0,CL2,CL2,CL2,CL0,CL2,CL6,CL0,CL0
416,49.788,48.246,-61.113,96.082,-31.685,-186.962,32.197,-111.902,-15.487,-65.253,19.268,-21.575,CL6,CL0,CL0,CL0,CL6,CL1,CL4,CL0,CL0,CL0,CL0,CL0,CL0,CL0,CL0,CL1,CL1,CL0,CL0
417,-95.197,-48.246,-122.751,96.082,-31.685,-58.016,-109.207,-58.331,-207.848,263.199,-21.712,76.540,CL6,CL3,CL3,CL0,CL6,CL6,CL6,CL3,CL0,CL3,CL0,CL5,CL4,CL3,CL0,CL3,CL5,CL0,CL0
418,-95.197,-48.246,-61.113,96.082,-31.685,-5.188,-69.509,29.338,-221.844,-125.773,19.268,76.540,CL5,CL0,CL3,CL3,CL6,CL6,CL5,CL5,CL0,CL3,CL0,CL4,CL3,CL0,CL0,CL2,CL6,CL0,CL0
419,-7.854,-48.246,-61.113,96.082,-31.685,-79.151,96.248,14.143,-107.533,-65.253,129.221,192.173,CL5,CL2,CL2,CL0,CL5,CL2,CL4,CL2,CL2,CL2,CL0,CL0,CL0,CL2,CL0,CL2,CL2,CL0,CL2
420,-7.854,48.246,198.437,96.082,-31.685,31.287,332,106.238,-45.321,41.594,-21.712,-21.575,CL6,CL0,CL3,CL0,CL6,CL4,CL5,CL0,CL0,CL0,CL0,CL0,CL0,CL0,CL0,CL2,CL0,CL0,CL0
421,-7.854,-48.246,45.468,96.082,-31.685,62.967,16.767,-17.779,-30.172,12.331,19.268,-52.593,CL6,CL0,CL0,CL0,CL6,CL0,CL6,CL0,CL0,CL0,CL0,CL0,CL0,CL0,CL0,CL0,CL0,CL0,CL0
422,-95.197,-48.246,-122.751,96.082,-31.685,31.287,80.523,-1.928,-91.699,113.407,52.975,76.540,CL4,CL3,CL0,CL0,CL6,CL6,CL4,CL0,CL0,CL3,CL0,CL3,CL0,CL0,CL0,CL0,CL5,CL0,CL0
423,-7.854,-48.246,-61.113,96.082,-31.685,31.287,-176.250,-142.424,-30.172,-40.581,52.975,-84.637,CL5,CL2,CL2,CL0,CL6,CL2,CL6,CL0,CL0,CL0,CL0,CL0,CL0,CL0,CL0,CL0,CL6,CL0,CL0
424,49.788,-48.246,-5.921,96.082,-31.685,-79.151,-15.487,-1.928,181.866,-65.253,-21.712,-118.084,CL4,CL1,CL1,CL3,CL6,CL6,CL6,CL1,CL0,CL1,CL0,CL0,CL2,CL1,CL1,CL1,CL6,CL0,CL1
425,49.788,48.246,45.468,96.082,12.600,-105.308,80.523,-71.727,128.610,93.949,-21.712,-84.637,CL6,CL0,CL0,CL0,CL6,CL0,CL6,CL0,CL0,CL0,CL0,CL0,CL0,CL0,CL0,CL0,CL1,CL0,CL0
426,109.449,48.246,198.437,-57.009,-31.685,52.135,332,165.653,94.156,-665,129.221,40.148,CL3,CL1,CL1,CL1,CL6,CL6,CL6,CL1,CL1,CL2,CL1,CL0,CL2,CL2,CL1,CL2,CL1,CL0,CL1
427,49.788,-48.246,45.468,96.082,-31.685,-34.799,-30.033,14.143,-30.172,-164.101,-21.712,-84.637,CL6,CL2,CL3,CL0,CL6,CL5,CL5,CL1,CL0,CL3,CL0,CL0,CL3,CL1,CL0,CL2,CL5,CL0,CL0
428,109.449,-48.246,-173.790,96.082,-31.685,22.393,332,-31.776,-15.487,-665,52.975,-21.575,CL5,CL1,CL0,CL3,CL5,CL1,CL4,CL0,CL0,CL0,CL0,CL0,CL0,CL0,CL0,CL0,CL1,CL0,CL0
429,49.788,-48.246,45.468,-28.519,-31.685,62.967,-80.615,-17.779,-134.289,-14.277,88.113,7.987,CL6,CL1,CL1,CL1,CL6,CL6,CL5,CL3,CL0,CL3,CL0,CL1,CL3,CL3,CL0,CL4,CL0,CL0,CL2
430,-7.854,48.246,-122.751,96.082,-31.685,-92.104,-15.487,-209.015,28.783,75.830,-137.983,-154.858,CL5,CL0,CL0,CL3,CL6,CL2,CL6,CL0,CL0,CL0,CL0,CL0,CL0,CL0,CL0,CL0,CL2,CL0,CL0
431,-7.854,-48.246,-243.591,96.082,-31.685,22.393,-94.779,-142.424,-76.096,-27.607,-21.712,-21.575,CL5,CL1,CL0,CL0,CL6,CL1,CL6,CL0,CL0,CL1,CL0,CL0,CL0,CL1,CL0,CL1,CL6,CL0,CL1
432,-7.854,48.246,-122.751,96.082,-31.685,4.257,32.197,-97.631,94.156,-101.450,19.268,-21.575,CL5,CL2,CL1,CL0,CL6,CL2,CL5,CL2,CL0,CL2,CL0,CL2,CL0,CL0,CL0,CL2,CL5,CL0,CL0
433,-7.854,-48.246,45.468,96.082,-31.685,-24.649,-30.033,-168.062,28.783,12.331,-71.126,-118.084,CL5,CL0,CL0,CL0,CL5,CL0,CL5,CL0,CL0,CL0,CL0,CL0,CL0,CL0,CL0,CL0,CL0,CL0,CL0
434,109.449,48.246,-173.790,96.082,-31.685,22.393,193.886,-111.902,128.610,-14.277,186.203,76.540,CL6,CL1,CL1,CL0,CL2,CL2,CL4,CL0,CL0,CL0,CL0,CL0,CL0,CL0,CL0,CL0,CL3,CL0,CL0
435,-95.197,48.246,45.468,96.082,-31.685,-14.882,96.248,-155.521,223.427,163.088,-21.712,-52.593,CL5,CL0,CL2,CL0,CL6,CL0,CL6,CL0,CL0,CL0,CL0,CL0,CL0,CL0,CL0,CL0,CL0,CL0,CL0
436,-7.854,48.246,45.468,96.082,-31.685,4.257,47.617,-111.902,59.042,181.175,-71.126,-52.593,CL4,CL0,CL0,CL0,CL4,CL0,CL6,CL0,CL0,CL0,CL0,CL0,CL0,CL0,CL0,CL0,CL0,CL0,CL0
437,182.213,-48.246,-61.113,-57.009,-31.685,-67.825,-30.033,106.238,181.866,75.830,-137.983,-118.084,CL1,CL0,CL0,CL0,CL2,CL6,CL5,CL1,CL0,CL0,CL0,CL0,CL0,CL1,CL0,CL0,CL0,CL0,CL0
438,109.449,-48.246,-173.790,96.082,-31.685,-143.907,47.617,29.338,-91.699,41.594,52.975,40.148,CL6,CL2,CL2,CL2,CL6,CL6,CL4,CL3,CL5,CL2,CL2,CL0,CL0,CL1,CL1,CL0,CL2,CL0,CL0
439,-7.854,48.246,45.468,-57.009,-31.685,282.196,-43.999,-84.732,-177.200,-204.506,88.113,7.987,CL5,CL2,CL0,CL6,CL6,CL2,CL6,CL2,CL2,CL0,CL2,CL0,CL2,CL0,CL2,CL2,CL6,CL0,CL0
440,-95.197,48.246,-61.113,-57.009,-31.685,137.297,-30.033,29.338,-15.487,-178.169,19.268,-21.575,CL4,CL0,CL0,CL0,CL5,CL4,CL6,CL0,CL0,CL0,CL0,CL0,CL0,CL0,CL0,CL0,CL3,CL0,CL3
441,49.788,48.246,45.468,96.082,-31.685,-46.725,47.617,-58.331,76.096,181.175,-21.712,-52.593,CL6,CL0,CL0,CL0,CL6,CL2,CL6,CL2,CL0,CL0,CL0,CL0,CL0,CL0,CL0,CL1,CL2,CL0,CL0
442,-95.197,48.246,-61.113,96.082,-31.685,-67.825,145.421,-209.015,-1.729,58.489,52.975,7.987,CL3,CL0,CL0,CL0,CL5,CL2,CL6,CL0,CL0,CL0,CL0,CL0,CL0,CL0,CL0,CL0,CL0,CL0,CL0
443,-7.854,48.246,116.365,96.082,-31.685,-92.104,332,29.338,-15.487,-665,19.268,7.987,CL5,CL2,CL0,CL0,CL6,CL6,CL6,CL3,CL0,CL4,CL0,CL2,CL3,CL2,CL0,CL2,CL6,CL0,CL0
444,49.788,-48.246,-173.790,96.082,-31.685,41.667,63.779,-71.727,-76.096,-27.607,-21.712,-21.575,CL5,CL0,CL0,CL0,CL6,CL1,CL6,CL0,CL0,CL0,CL0,CL0,CL0,CL0,CL0,CL0,CL5,CL0,CL0
445,109.449,48.246,-5.921,96.082,-31.685,-46.725,80.523,58.331,13.136,75.830,-255.524,-84.637,CL5,CL0,CL0,CL0,CL6,CL0,CL6,CL0,CL0,CL0,CL0,CL0,CL0,CL0,CL0,CL0,CL0,CL0,CL0
446,109.449,48.246,45.468,96.082,-31.685,102.119,-94.779,-58.331,-91.699,41.594,-21.712,-154.858,CL5,CL0,CL0,CL0,CL6,CL0,CL5,CL0,CL0,CL0,CL0,CL0,CL0,CL0,CL0,CL0,CL6,CL0,CL0
447,-7.854,48.246,45.468,96.082,-31.685,22.393,-109.207,44.585,275.696,-65.253,-71.126,40.148,CL6,CL2,CL2,CL2,CL5,CL3,CL5,CL2,CL0,CL2,CL0,CL2,CL3,CL3,CL3,CL2,CL6,CL0,CL0
448,-7.854,-48.246,116.365,96.082,-31.685,4.257,-15.487,-84.732,-76.096,-113.788,129.221,7.987,CL6,CL2,CL1,CL0,CL6,CL2,CL6,CL2,CL0,CL2,CL0,CL0,CL2,CL0,CL0,CL2,CL6,CL0,CL0
449,-95.197,48.246,-61.113,96.082,-31.685,113.281,145.421,106.238,-177.200,-89.891,129.221,122.470,CL5,CL0,CL2,CL3,CL6,CL3,CL5,CL0,CL0,CL2,CL0,CL0,CL3,CL4,CL0,CL3,CL5,CL0,CL0
450,-95.197,-48.246,45.468,96.082,-31.685,-34.799,63.779,44.585,-30.172,75.830,-21.712,7.987,CL5,CL3,CL3,CL0,CL3,CL3,CL6,CL3,CL0,CL4,CL0,CL4,CL3,CL3,CL3,CL3,CL0,CL0,CL0
451,-95.197,48.246,45.468,96.082,-31.685,73.545,-15.487,-84.732,59.042,-101.450,52.975,7.987,CL5,CL2,CL2,CL2,CL6,CL5,CL4,CL2,CL2,CL2,CL0,CL2,CL2,CL0,CL0,CL2,CL6,CL0,CL0
452,-95.197,48.246,116.365,96.082,-31.685,-119.430,80.523,-84.732,-15.487,75.830,19.268,-52.593,CL5,CL0,CL0,CL0,CL4,CL2,CL5,CL0,CL0,CL0,CL0,CL0,CL0,CL0,CL0,CL0,CL2,CL0,CL0
453,49.788,48.246,45.468,96.082,-31.685,-14.882,-15.487,14.143,13.136,93.949,-137.983,7.987,CL5,CL0,CL0,CL0,CL3,CL2,CL6,CL2,CL0,CL0,CL0,CL0,CL0,CL0,CL0,CL0,CL3,CL0,CL0
454,-7.854,-48.246,45.468,96.082,-31.685,123.461,-176.250,-31.776,13.136,41.594,-137.983,-21.575,CL5,CL2,CL3,CL0,CL4,CL3,CL5,CL0,CL0,CL2,CL0,CL2,CL2,CL0,CL0,CL2,CL2,CL0,CL0
455,109.449,-48.246,198.437,96.082,-31.685,-14.882,-57.545,88.309,-76.096,-27.607,186.203,76.540,CL6,CL6,CL2,CL5,CL6,CL6,CL6,CL3,CL2,CL3,CL5,CL2,CL4,CL4,CL5,CL3,CL4,CL0,CL1
456,-95.197,48.246,45.468,96.082,-31.685,82.562,-80.615,72.330,-76.096,-257.309,88.113,-21.575,CL6,CL3,CL3,CL0,CL6,CL3,CL5,CL0,CL0,CL2,CL0,CL0,CL4,CL0,CL0,CL0,CL5,CL0,CL0
457,49.788,-48.246,45.468,96.082,-31.685,160.383,-43.999,29.338,-221.844,-65.253,88.113,40.148,CL6,CL3,CL1,CL4,CL6,CL4,CL6,CL3,CL1,CL3,CL3,CL2,CL2,CL2,CL1,CL2,CL6,CL0,CL1
458,49.788,48.246,116.365,96.082,-31.685,-46.725,-57.545,14.143,59.042,75.830,-137.983,-207.848,CL5,CL0,CL0,CL0,CL6,CL1,CL6,CL0,CL0,CL0,CL0,CL0,CL0,CL0,CL0,CL0,CL0,CL0,CL0
459,-95.197,48.246,45.468,96.082,-31.685,62.967,332,14.143,59.042,12.331,-21.712,7.987,CL6,CL4,CL2,CL0,CL6,CL6,CL6,CL2,CL0,CL4,CL0,CL4,CL4,CL3,CL0,CL3,CL6,CL0,CL0
460,-7.854,-48.246,116.365,96.082,-31.685,91.093,128.610,188.511,-253.830,-40.581,52.975,7.987,CL4,CL3,CL0,CL0,CL6,CL4,CL6,CL2,CL0,CL3,CL0,CL4,CL3,CL3,CL3,CL3,CL5,CL0,CL0
461,-95.197,48.246,45.468,96.082,-31.685,123.461,-137.639,124.033,-177.200,25.953,88.113,7.987,CL6,CL3,CL3,CL4,CL6,CL5,CL6,CL3,CL0,CL2,CL3,CL5,CL3,CL2,CL3,CL2,CL6,CL0,CL0
462,-95.197,-48.246,-61.113,96.082,-31.685,149.158,-137.639,-263.199,181.866,-125.773,52.975,-118.084,CL5,CL0,CL2,CL0,CL6,CL2,CL4,CL0,CL0,CL3,CL0,CL0,CL2,CL0,CL0,CL2,CL0,CL0,CL0
463,49.788,-48.246,-61.113,96.082,-31.685,82.562,47.617,143.533,13.136,-230.408,129.221,122.470,CL3,CL2,CL2,CL1,CL6,CL2,CL6,CL2,CL0,CL2,CL0,CL0,CL2,CL1,CL0,CL1,CL6,CL0,CL1
464,109.449,-48.246,-122.751,96.082,-31.685,102.119,-94.779,-58.331,145.039,-125.773,-21.712,40.148,CL6,CL1,CL2,CL0,CL6,CL1,CL3,CL1,CL0,CL0,CL0,CL0,CL1,CL1,CL0,CL1,CL3,CL0,CL1
465,-95.197,48.246,45.468,96.082,-31.685,31.287,-80.615,106.238,76.096,93.949,19.268,-21.575,CL5,CL2,CL2,CL3,CL5,CL3,CL5,CL0,CL0,CL2,CL0,CL0,CL2,CL3,CL3,CL3,CL6,CL0,CL0
466,-95.197,48.246,116.365,96.082,-31.685,137.297,-109.207,-1.928,-45.321,-40.581,129.221,76.540,CL5,CL0,CL2,CL0,CL6,CL2,CL6,CL0,CL0,CL0,CL0,CL0,CL0,CL0,CL0,CL0,CL6,CL0,CL0
467,-95.197,48.246,45.468,96.082,-50.212,31.287,63.779,106.238,111.406,-27.607,-71.126,76.540,CL0,CL2,CL0,CL2,CL6,CL6,CL5,CL0,CL0,CL3,CL0,CL0,CL2,CL0,CL0,CL2,CL6,CL0,CL2
468,109.449,-48.246,45.468,96.082,-31.685,22.393,332,124.033,-1.729,146.191,-21.712,-21.575,CL6,CL1,CL1,CL0,CL2,CL1,CL5,CL1,CL0,CL0,CL0,CL0,CL0,CL1,CL0,CL1,CL2,CL0,CL0
469,49.788,-48.246,45.468,96.082,-31.685,-5.188,16.767,-71.727,-30.172,12.331,-137.983,-118.084,CL6,CL0,CL0,CL0,CL6,CL0,CL6,CL0,CL0,CL0,CL0,CL0,CL0,CL0,CL0,CL0,CL0,CL0,CL0
470,-7.854,-48.246,45.468,96.082,-31.685,-119.430,174.091,143.533,76.096,-665,88.113,122.470,CL5,CL3,CL2,CL0,CL6,CL3,CL5,CL3,CL0,CL3,CL0,CL0,CL2,CL3,CL0,CL2,CL6,CL0,CL0
471,109.449,48.246,-173.790,-57.009,-31.685,282.196,-163.340,-142.424,161.108,-204.506,-21.712,7.987,CL3,CL1,CL1,CL6,CL6,CL1,CL6,CL1,CL1,CL1,CL2,CL0,CL0,CL1,CL6,CL0,CL6,CL0,CL0
472,-95.197,48.246,45.468,96.082,-31.685,13.606,80.523,29.338,-15.487,75.830,-71.126,-84.637,CL4,CL0,CL0,CL0,CL6,CL0,CL6,CL0,CL0,CL0,CL0,CL0,CL0,CL0,CL0,CL0,CL0,CL0,CL0
473,-95.197,-48.246,116.365,96.082,-22.166,-92.104,257.309,106.238,111.406,233.337,-21.712,40.148,CL5,CL2,CL2,CL2,CL6,CL6,CL5,CL2,CL0,CL3,CL0,CL0,CL2,CL3,CL0,CL3,CL6,CL0,CL0
474,-95.197,48.246,-243.591,96.082,-31.685,31.287,332,-17.779,128.610,-665,19.268,-21.575,CL5,CL2,CL2,CL2,CL6,CL3,CL5,CL2,CL2,CL2,CL2,CL0,CL2,CL2,CL2,CL0,CL6,CL0,CL2
475,49.788,48.246,-61.113,-57.009,-31.685,137.297,332,-45.174,-76.096,-52.745,88.113,-21.575,CL2,CL0,CL0,CL3,CL6,CL6,CL5,CL2,CL0,CL0,CL0,CL0,CL0,CL0,CL2,CL0,CL6,CL0,CL0
476,182.213,48.246,45.468,96.082,12.600,-24.649,96.248,14.143,-15.487,41.594,-137.983,-207.848,CL6,CL0,CL0,CL0,CL6,CL0,CL5,CL0,CL0,CL0,CL0,CL0,CL0,CL0,CL0,CL0,CL0,CL0,CL0
477,109.449,48.246,45.468,-57.009,-31.685,-119.430,96.248,-45.174,76.096,93.949,-71.126,-84.637,CL3,CL1,CL0,CL0,CL6,CL6,CL4,CL1,CL0,CL0,CL0,CL0,CL0,CL1,CL0,CL0,CL1,CL0,CL0
478,49.788,-48.246,45.468,96.082,-31.685,172.012,-94.779,58.331,-177.200,-40.581,19.268,-84.637,CL6,CL0,CL0,CL0,CL6,CL2,CL3,CL0,CL0,CL0,CL0,CL0,CL0,CL0,CL0,CL0,CL6,CL0,CL3
479,49.788,48.246,-5.921,96.082,-31.685,149.158,-69.509,-71.727,-121.213,-125.773,129.221,76.540,CL6,CL0,CL1,CL6,CL6,CL2,CL5,CL3,CL0,CL0,CL0,CL0,CL0,CL0,CL0,CL0,CL6,CL0,CL0
480,-7.854,48.246,45.468,96.082,-31.685,41.667,80.523,-31.776,94.156,58.489,-21.712,7.987,CL6,CL0,CL0,CL0,CL6,CL2,CL6,CL0,CL0,CL0,CL0,CL0,CL0,CL0,CL0,CL0,CL2,CL0,CL0
481,-7.854,48.246,116.365,-9.765,-31.685,41.667,-43.999,143.533,145.039,25.953,19.268,40.148,CL6,CL0,CL0,CL2,CL6,CL2,CL5,CL0,CL0,CL0,CL0,CL0,CL0,CL0,CL0,CL0,CL3,CL0,CL0
482,-95.197,-48.246,-61.113,-57.009,-31.685,113.281,-80.615,-17.779,-134.289,-65.253,-137.983,-84.637,CL3,CL3,CL0,CL3,CL6,CL3,CL4,CL3,CL0,CL3,CL3,CL3,CL3,CL3,CL3,CL3,CL6,CL0,CL0
483,49.788,48.246,45.468,-9.765,-31.685,102.119,16.767,29.338,-15.487,58.489,19.268,40.148,CL6,CL2,CL1,CL6,CL6,CL3,CL5,CL2,CL0,CL2,CL1,CL1,CL0,CL1,CL2,CL1,CL6,CL0,CL0
484,49.788,-48.246,-61.113,96.082,-31.685,-67.825,-15.487,29.338,13.136,163.088,-71.126,-21.575,CL0,CL1,CL0,CL0,CL6,CL6,CL2,CL1,CL0,CL1,CL1,CL0,CL0,CL1,CL0,CL1,CL3,CL0,CL1
485,-7.854,48.246,45.468,96.082,-31.685,123.461,47.617,143.533,28.783,93.949,19.268,-84.637,CL2,CL0,CL2,CL2,CL5,CL6,CL5,CL0,CL0,CL4,CL0,CL3,CL2,CL0,CL0,CL3,CL3,CL0,CL0
486,49.788,48.246,-173.790,96.082,-31.685,-58.016,96.248,-58.331,76.096,-27.607,-137.983,-118.084,CL4,CL1,CL1,CL0,CL6,CL6,CL6,CL1,CL0,CL1,CL0,CL0,CL0,CL0,CL0,CL0,CL6,CL0,CL0
487,109.449,48.246,-173.790,96.082,-31.685,-46.725,32.197,-155.521,111.406,-78.155,-137.983,-84.637,CL6,CL0,CL1,CL0,CL6,CL6,CL5,CL0,CL0,CL0,CL0,CL0,CL0,CL0,CL0,CL0,CL6,CL0,CL0
488,-7.854,-48.246,-122.751,-28.519,-31.685,149.158,-163.340,106.238,-76.096,-138.502,-71.126,-118.084,CL5,CL5,CL0,CL2,CL6,CL5,CL4,CL0,CL0,CL0,CL0,CL0,CL2,CL0,CL0,CL0,CL5,CL0,CL1
489,49.788,48.246,-122.751,-57.009,-31.685,183.990,-176.250,124.033,-107.533,25.953,19.268,-52.593,CL4,CL0,CL0,CL6,CL6,CL6,CL6,CL1,CL1,CL0,CL1,CL0,CL0,CL1,CL0,CL1,CL6,CL0,CL0
490,-7.854,-48.246,-173.790,96.082,-31.685,41.667,-137.639,14.143,76.096,-40.581,-21.712,122.470,CL6,CL3,CL2,CL2,CL6,CL6,CL6,CL3,CL0,CL3,CL0,CL0,CL3,CL0,CL0,CL2,CL3,CL0,CL2
491,-95.197,-48.246,-243.591,96.082,-31.685,198.437,-137.639,29.338,-192.595,-164.101,-21.712,7.987,CL3,CL0,CL0,CL0,CL0,CL6,CL4,CL0,CL0,CL0,CL0,CL0,CL4,CL0,CL0,CL0,CL0,CL0,CL0
492,-95.197,-48.246,-61.113,96.082,-31.685,-105.308,111.406,88.309,-134.289,-138.502,-71.126,122.470,CL5,CL0,CL0,CL0,CL6,CL6,CL5,CL3,CL0,CL4,CL0,CL3,CL4,CL4,CL0,CL4,CL5,CL0,CL0
493,109.449,48.246,-5.921,96.082,-31.685,62.967,80.523,44.585,-30.172,-78.155,129.221,192.173,CL5,CL1,CL1,CL1,CL6,CL6,CL5,CL1,CL1,CL1,CL1,CL0,CL0,CL1,CL1,CL1,CL6,CL0,CL0
494,-95.197,-48.246,-122.751,96.082,-31.685,-92.104,47.617,44.585,59.042,-665,19.268,40.148,CL6,CL2,CL2,CL0,CL5,CL6,CL4,CL3,CL0,CL4,CL0,CL2,CL3,CL0,CL0,CL3,CL4,CL0,CL2
495,-95.197,-48.246,-5.921,96.082,-31.685,52.135,-57.545,88.309,-1.729,25.953,88.113,76.540,CL5,CL0,CL4,CL4,CL6,CL6,CL5,CL0,CL0,CL0,CL0,CL0,CL3,CL0,CL0,CL0,CL6,CL0,CL0
496,-95.197,-48.246,-61.113,96.082,-31.685,73.545,-163.340,88.309,-121.213,-164.101,-137.983,-52.593,CL6,CL0,CL0,CL0,CL6,CL3,CL5,CL0,CL0,CL5,CL0,CL3,CL3,CL4,CL0,CL4,CL6,CL0,CL0
497,-95.197,-48.246,-5.921,-28.519,11.440,-119.430,-43.999,44.585,59.042,12.331,-137.983,-21.575,CL4,CL0,CL2,CL0,CL6,CL6,CL5,CL0,CL0,CL0,CL0,CL0,CL0,CL0,CL0,CL0,CL6,CL0,CL0
498,182.213,-48.246,-61.113,-57.009,-31.685,-79.151,16.767,58.331,59.042,93.949,-137.983,-52.593,CL3,CL1,CL0,CL1,CL6,CL2,CL6,CL1,CL0,CL0,CL0,CL0,CL3,CL1,CL4,CL0,CL6,CL0,CL0
499,-7.854,-48.246,116.365,96.082,-31.685,4.257,128.610,290.161,-60.633,-665,-71.126,7.987,CL6,CL2,CL2,CL2,CL6,CL2,CL6,CL2,CL0,CL2,CL0,CL0,CL0,CL2,CL0,CL2,CL6,CL0,CL0
500,-7.854,-48.246,-173.790,-28.519,-31.685,-5.188,-57.545,88.309,43.852,-78.155,-21.712,7.987,CL4,CL1,CL1,CL0,CL6,CL6,CL5,CL1,CL0,CL1,CL0,CL0,CL0,CL1,CL0,CL1,CL6,CL0,CL1
501,182.213,48.246,-61.113,96.082,-31.685,137.297,-69.509,143.533,-15.487,-192.173,88.113,122.470,CL5,CL1,CL1,CL3,CL6,CL6,CL6,CL2,CL2,CL2,CL1,CL0,CL2,CL1,CL1,CL1,CL2,CL0,CL0
502,49.788,48.246,-5.921,21.128,-31.685,4.257,47.617,-84.732,-76.096,113.407,52.975,76.540,CL3,CL0,CL1,CL2,CL6,CL6,CL6,CL4,CL0,CL4,CL0,CL0,CL3,CL0,CL0,CL0,CL6,CL0,CL1
503,-7.854,48.246,-5.921,96.082,-31.685,-58.016,-15.487,-142.424,-1.729,-40.581,88.113,-207.848,CL3,CL1,CL0,CL0,CL6,CL2,CL5,CL0,CL0,CL1,CL0,CL0,CL0,CL0,CL2,CL0,CL6,CL0,CL1
504,-95.197,-48.246,-61.113,-57.009,-31.685,-155.078,63.779,-31.776,-60.633,-27.607,52.975,76.540,CL5,CL0,CL0,CL0,CL6,CL6,CL6,CL0,CL0,CL0,CL0,CL0,CL0,CL4,CL0,CL3,CL5,CL0,CL0
505,182.213,48.246,-5.921,24.923,-31.685,4.257,-30.033,-31.776,-76.096,58.489,129.221,76.540,CL1,CL0,CL1,CL4,CL5,CL5,CL4,CL1,CL1,CL0,CL0,CL0,CL6,CL1,CL4,CL1,CL1,CL0,CL1
506,49.788,-48.246,-173.790,96.082,-31.685,-5.188,332,-31.776,-1.729,41.594,-137.983,-118.084,CL1,CL0,CL0,CL0,CL6,CL6,CL5,CL0,CL0,CL0,CL0,CL0,CL0,CL0,CL0,CL1,CL6,CL0,CL0
507,109.449,-48.246,-5.921,-28.519,-31.685,41.667,47.617,29.338,-107.533,-113.788,88.113,7.987,CL3,CL1,CL0,CL3,CL6,CL2,CL6,CL2,CL0,CL1,CL0,CL0,CL0,CL1,CL0,CL1,CL6,CL0,CL0
508,49.788,-48.246,45.468,96.082,-31.685,-46.725,63.779,88.309,-76.096,58.489,19.268,7.987,CL4,CL2,CL3,CL1,CL6,CL2,CL5,CL1,CL0,CL0,CL0,CL0,CL2,CL0,CL0,CL3,CL2,CL0,CL1
509,-7.854,-48.246,45.468,96.082,-31.685,13.606,-30.033,-97.631,-134.289,-665,19.268,-52.593,CL3,CL2,CL3,CL0,CL5,CL6,CL6,CL3,CL0,CL2,CL0,CL2,CL0,CL0,CL0,CL2,CL6,CL0,CL0
510,49.788,-48.246,-173.790,96.082,-31.685,149.158,-109.207,-111.902,-177.200,-78.155,-71.126,7.987,CL5,CL2,CL2,CL3,CL5,CL2,CL6,CL1,CL0,CL0,CL0,CL0,CL0,CL1,CL0,CL0,CL2,CL0,CL0
511,49.788,48.246,116.365,-28.519,-31.685,-105.308,111.406,-31.776,28.783,12.331,-137.983,-52.593,CL5,CL0,CL0,CL0,CL5,CL0,CL5,CL0,CL0,CL0,CL0,CL0,CL0,CL0,CL0,CL0,CL1,CL0,CL1
512,49.788,-48.246,45.468,96.082,-31.685,4.257,96.248,-58.331,-30.172,-40.581,52.975,-21.575,CL5,CL2,CL2,CL0,CL6,CL5,CL5,CL2,CL1,CL2,CL0,CL1,CL0,CL1,CL0,CL1,CL5,CL0,CL0
513,109.449,48.246,116.365,96.082,-31.685,41.667,47.617,-17.779,-15.487,25.953,-21.712,-118.084,CL5,CL1,CL1,CL1,CL6,CL5,CL6,CL1,CL1,CL0,CL1,CL0,CL0,CL1,CL1,CL0,CL5,CL0,CL0
514,-95.197,-48.246,-61.113,96.082,-31.685,41.667,47.617,58.331,13.136,-101.450,186.203,40.148,CL6,CL3,CL0,CL0,CL6,CL6,CL6,CL3,CL0,CL3,CL0,CL0,CL3,CL0,CL5,CL0,CL6,CL0,CL0
515,182.213,-48.246,-173.790,-57.009,-31.685,-14.882,-30.033,-17.779,76.096,41.594,-21.712,-21.575,CL3,CL2,CL1,CL1,CL6,CL5,CL6,CL4,CL3,CL3,CL1,CL0,CL0,CL1,CL2,CL1,CL6,CL0,CL1
516,49.788,-48.246,-173.790,96.082,-31.685,91.093,-30.033,-155.521,-45.321,-27.607,-21.712,-21.575,CL6,CL0,CL0,CL0,CL5,CL0,CL6,CL0,CL0,CL0,CL0,CL0,CL0,CL0,CL0,CL0,CL6,CL0,CL0
517,-95.197,48.246,-143.719,-57.009,-31.685,-143.907,193.886,44.585,13.136,25.953,88.113,192.173,CL5,CL3,CL0,CL5,CL6,CL6,CL5,CL0,CL0,CL3,CL0,CL0,CL4,CL0,CL4,CL3,CL6,CL0,CL2
518,49.788,48.246,-173.790,96.082,-31.685,-14.882,16.767,-71.727,-162.090,25.953,-21.712,-52.593,CL6,CL2,CL2,CL2,CL6,CL2,CL6,CL2,CL2,CL1,CL2,CL1,CL0,CL0,CL2,CL2,CL6,CL0,CL1
519,-7.854,48.246,116.365,96.082,-31.685,31.287,-15.487,29.338,-45.321,93.949,-71.126,-21.575,CL2,CL0,CL2,CL3,CL6,CL2,CL5,CL0,CL0,CL0,CL0,CL0,CL0,CL0,CL0,CL0,CL2,CL0,CL0
520,-7.854,-48.246,-5.921,-28.519,-31.685,52.135,-57.545,14.143,-15.487,-78.155,52.975,122.470,CL2,CL3,CL2,CL6,CL6,CL6,CL6,CL3,CL0,CL3,CL3,CL0,CL0,CL2,CL2,CL0,CL6,CL0,CL1
521,-7.854,-48.246,116.365,96.082,-31.685,-14.882,32.197,-127.553,111.406,181.175,52.975,122.470,CL5,CL2,CL2,CL4,CL5,CL3,CL5,CL2,CL2,CL3,CL2,CL2,CL0,CL0,CL0,CL0,CL5,CL0,CL2
522,49.788,48.246,45.468,96.082,-31.685,22.393,-30.033,-97.631,-76.096,93.949,-137.983,-207.848,CL5,CL0,CL2,CL0,CL6,CL3,CL5,CL0,CL0,CL0,CL0,CL0,CL0,CL0,CL0,CL0,CL5,CL0,CL0
523,109.449,48.246,-173.790,-9.765,-31.685,62.967,-30.033,-84.732,-45.321,12.331,-71.126,-118.084,CL3,CL0,CL0,CL6,CL5,CL4,CL6,CL0,CL0,CL0,CL0,CL0,CL0,CL0,CL0,CL0,CL6,CL0,CL0
524,-95.197,-48.246,-61.113,-57.009,-31.685,4.257,32.197,-1.928,-134.289,-14.277,52.975,7.987,CL5,CL0,CL0,CL0,CL6,CL6,CL5,CL0,CL0,CL3,CL0,CL0,CL0,CL3,CL0,CL3,CL6,CL0,CL0
525,-95.197,-48.246,-61.113,96.082,-31.685,-24.649,47.617,-17.779,-76.096,-125.773,19.268,7.987,CL5,CL0,CL0,CL0,CL6,CL6,CL6,CL0,CL0,CL0,CL0,CL0,CL4,CL0,CL0,CL0,CL6,CL0,CL0
526,49.788,48.246,-243.591,96.082,-31.685,13.606,-80.615,-182.919,13.136,41.594,-137.983,-207.848,CL2,CL2,CL2,CL2,CL6,CL2,CL5,CL2,CL2,CL2,CL2,CL0,CL0,CL1,CL2,CL0,CL3,CL0,CL1
527,109.449,48.246,45.468,-9.765,-31.685,-67.825,63.779,106.238,203.972,263.199,19.268,7.987,CL5,CL1,CL1,CL6,CL0,CL6,CL3,CL1,CL1,CL1,CL0,CL0,CL0,CL3,CL6,CL1,CL0,CL0,CL1
528,182.213,-48.246,-122.751,96.082,-31.685,-186.962,47.617,-111.902,-1.729,41.594,-71.126,-52.593,CL6,CL0,CL0,CL0,CL6,CL0,CL4,CL0,CL0,CL0,CL0,CL0,CL0,CL0,CL0,CL0,CL1,CL0,CL0
529,-95.197,-48.246,-5.921,96.082,-31.685,91.093,-137.639,-31.776,-192.595,-138.502,88.113,7.987,CL4,CL0,CL2,CL0,CL4,CL5,CL5,CL4,CL0,CL3,CL0,CL0,CL2,CL0,CL3,CL0,CL4,CL0,CL0
530,49.788,-48.246,198.437,96.082,-31.685,62.967,-15.487,-17.779,59.042,-164.101,52.975,-21.575,CL6,CL0,CL0,CL0,CL6,CL2,CL5,CL0,CL0,CL0,CL0,CL0,CL0,CL0,CL0,CL0,CL0,CL0,CL0
531,-7.854,48.246,-5.921,96.082,-31.685,73.545,111.406,-1.928,-1.729,-665,-21.712,122.470,CL5,CL2,CL2,CL1,CL6,CL3,CL6,CL5,CL0,CL2,CL0,CL1,CL0,CL1,CL0,CL2,CL5,CL0,CL1
532,182.213,-48.246,45.468,96.082,-31.685,91.093,332,58.331,-192.595,58.489,-21.712,-118.084,CL5,CL0,CL0,CL0,CL6,CL1,CL4,CL0,CL0,CL0,CL0,CL0,CL0,CL0,CL0,CL0,CL0,CL0,CL0
533,109.449,-48.246,45.468,96.082,-31.685,102.119,-150.796,-71.727,28.783,-89.891,-21.712,76.540,CL5,CL2,CL1,CL2,CL6,CL6,CL5,CL3,CL3,CL2,CL1,CL0,CL0,CL2,CL2,CL2,CL6,CL0,CL1
534,-95.197,48.246,45.468,96.082,-31.685,-24.649,16.767,-71.727,161.108,113.407,19.268,-118.084,CL4,CL0,CL0,CL2,CL5,CL0,CL3,CL0,CL0,CL0,CL0,CL0,CL0,CL0,CL0,CL0,CL2,CL0,CL0
535,-7.854,-48.246,116.365,96.082,-31.685,-34.799,-15.487,-71.727,-162.090,-65.253,52.975,7.987,CL4,CL0,CL0,CL0,CL5,CL0,CL6,CL0,CL0,CL0,CL0,CL0,CL0,CL0,CL0,CL0,CL0,CL0,CL0
536,49.788,48.246,116.365,96.082,-31.685,-186.962,232.338,-45.174,145.039,146.191,19.268,-118.084,CL6,CL0,CL0,CL0,CL6,CL0,CL5,CL0,CL0,CL0,CL0,CL0,CL0,CL0,CL0,CL0,CL2,CL0,CL0
537,-7.854,48.246,45.468,-57.009,-31.685,91.093,332,88.309,-207.848,-52.745,19.268,-21.575,CL5,CL4,CL0,CL6,CL6,CL2,CL4,CL6,CL0,CL2,CL3,CL2,CL0,CL2,CL3,CL2,CL6,CL0,CL1
538,-95.197,48.246,45.468,96.082,-31.685,137.297,80.523,-97.631,94.156,-65.253,52.975,7.987,CL6,CL0,CL3,CL0,CL5,CL4,CL5,CL3,CL0,CL3,CL0,CL0,CL3,CL0,CL0,CL0,CL3,CL0,CL0
539,109.449,48.246,-61.113,96.082,-50.212,73.545,-30.033,-127.553,76.096,-89.891,-137.983,-154.858,CL0,CL0,CL0,CL0,CL6,CL0,CL5,CL0,CL0,CL0,CL0,CL0,CL0,CL0,CL0,CL0,CL6,CL0,CL0
540,49.788,48.246,45.468,96.082,-31.685,113.281,-30.033,-1.928,59.042,58.489,19.268,40.148,CL6,CL0,CL0,CL0,CL6,CL0,CL5,CL0,CL0,CL0,CL0,CL0,CL0,CL0,CL0,CL0,CL1,CL0,CL0
541,109.449,-48.246,116.365,96.082,-31.685,-132.828,128.610,-17.779,59.042,181.175,-255.524,-118.084,CL6,CL0,CL0,CL1,CL6,CL0,CL6,CL0,CL0,CL0,CL0,CL0,CL0,CL0,CL0,CL0,CL0,CL0,CL0
542,109.449,48.246,45.468,96.082,-31.685,-105.308,32.197,-17.779,-91.699,12.331,-137.983,-154.858,CL5,CL0,CL0,CL2,CL6,CL1,CL6,CL0,CL0,CL0,CL0,CL0,CL0,CL0,CL0,CL0,CL2,CL0,CL0
543,109.449,48.246,45.468,-28.519,-110.702,22.393,80.523,-1.928,76.096,41.594,19.268,7.987,CL4,CL0,CL0,CL0,CL6,CL0,CL6,CL0,CL0,CL0,CL0,CL0,CL0,CL0,CL0,CL0,CL0,CL0,CL0
544,49.788,-48.246,-143.719,96.082,-31.685,73.545,80.523,88.309,-121.213,-101.450,19.268,122.470,CL6,CL1,CL1,CL5,CL6,CL5,CL5,CL2,CL0,CL2,CL1,CL2,CL4,CL1,CL0,CL1,CL6,CL0,CL1
545,-7.854,48.246,45.468,96.082,-31.685,82.562,63.779,-97.631,-76.096,25.953,-21.712,-21.575,CL6,CL0,CL0,CL0,CL5,CL0,CL5,CL2,CL0,CL2,CL0,CL0,CL0,CL0,CL0,CL0,CL5,CL0,CL0
546,-95.197,48.246,-173.790,96.082,-31.685,123.461,-57.545,-71.727,-76.096,-101.450,129.221,-21.575,CL5,CL0,CL2,CL0,CL6,CL4,CL5,CL0,CL0,CL0,CL0,CL0,CL0,CL0,CL0,CL0,CL6,CL0,CL1
547,49.788,48.246,-5.921,96.082,-31.685,160.383,16.767,-45.174,59.042,-78.155,-71.126,-21.575,CL5,CL0,CL0,CL2,CL6,CL0,CL6,CL0,CL0,CL0,CL0,CL0,CL0,CL0,CL0,CL0,CL0,CL0,CL0
548,109.449,48.246,-61.113,-57.009,-31.685,-92.104,-43.999,88.309,315.735,-665,-137.983,-118.084,CL2,CL2,CL0,CL2,CL6,CL2,CL6,CL2,CL2,CL0,CL0,CL0,CL0,CL1,CL2,CL0,CL6,CL0,CL0
549,-7.854,48.246,116.365,96.082,-31.685,-186.962,-69.509,-97.631,-45.321,204.506,-137.983,-84.637,CL5,CL0,CL0,CL0,CL6,CL0,CL5,CL0,CL0,CL0,CL0,CL0,CL0,CL0,CL0,CL0,CL0,CL0,CL0
550,-95.197,-48.246,45.468,96.082,-31.685,123.461,-43.999,14.143,13.136,-178.169,52.975,-118.084,CL4,CL0,CL0,CL0,CL6,CL0,CL6,CL0,CL0,CL0,CL0,CL0,CL0,CL0,CL0,CL0,CL2,CL0,CL0
551,-7.854,48.246,116.365,-28.519,-31.685,-119.430,111.406,14.143,-60.633,-14.277,-21.712,-84.637,CL4,CL0,CL0,CL0,CL5,CL2,CL0,CL0,CL0,CL0,CL0,CL0,CL0,CL0,CL0,CL0,CL3,CL0,CL0
552,-95.197,48.246,45.468,96.082,-31.685,-14.882,-43.999,-142.424,76.096,130.612,-137.983,-52.593,CL6,CL0,CL0,CL0,CL6,CL3,CL5,CL0,CL0,CL0,CL0,CL0,CL0,CL0,CL0,CL0,CL2,CL0,CL0
553,49.788,48.246,116.365,96.082,-31.685,-79.151,128.610,14.143,-107.533,113.407,-21.712,122.470,CL4,CL2,CL1,CL0,CL6,CL4,CL5,CL3,CL0,CL3,CL0,CL3,CL3,CL3,CL0,CL3,CL3,CL0,CL0
554,-95.197,48.246,116.365,96.082,-31.685,172.012,-150.796,-17.779,76.096,25.953,-21.712,-118.084,CL2,CL0,CL0,CL0,CL6,CL0,CL5,CL0,CL0,CL0,CL0,CL0,CL0,CL0,CL0,CL0,CL0,CL0,CL0
555,-7.854,48.246,116.365,-28.519,-22.166,102.119,-192.173,-45.174,-1.729,41.594,-71.126,-207.848,CL6,CL0,CL0,CL0,CL6,CL2,CL6,CL0,CL0,CL0,CL0,CL0,CL0,CL0,CL0,CL0,CL0,CL0,CL0
556,-7.854,48.246,198.437,96.082,-31.685,62.967,47.617,-45.174,-1.729,130.612,52.975,7.987,CL4,CL0,CL0,CL0,CL6,CL0,CL6,CL0,CL0,CL0,CL0,CL0,CL0,CL0,CL0,CL0,CL0,CL0,CL0
557,109.449,48.246,116.365,96.082,-31.685,22.393,-94.779,-111.902,-1.729,93.949,-71.126,-118.084,CL6,CL0,CL0,CL0,CL6,CL0,CL5,CL0,CL0,CL0,CL0,CL0,CL0,CL0,CL0,CL0,CL0,CL0,CL0
558,-95.197,48.246,45.468,96.082,-31.685,-14.882,-30.033,29.338,-15.487,25.953,-137.983,-52.593,CL6,CL2,CL2,CL0,CL6,CL2,CL4,CL0,CL0,CL3,CL0,CL2,CL3,CL0,CL0,CL2,CL2,CL0,CL0
559,-7.854,48.246,45.468,96.082,-31.685,-169.163,96.248,-17.779,145.039,130.612,-71.126,-21.575,CL4,CL0,CL0,CL0,CL5,CL0,CL6,CL0,CL0,CL0,CL0,CL0,CL0,CL0,CL0,CL0,CL0,CL0,CL0
560,-95.197,48.246,45.468,96.082,-31.685,-46.725,-15.487,-58.331,94.156,-14.277,129.221,122.470,CL5,CL2,CL2,CL0,CL6,CL2,CL3,CL2,CL0,CL0,CL0,CL0,CL0,CL0,CL0,CL0,CL2,CL0,CL0
561,109.449,48.246,45.468,96.082,-31.685,-79.151,332,44.585,28.783,113.407,19.268,-52.593,CL6,CL1,CL1,CL0,CL6,CL1,CL6,CL1,CL0,CL0,CL0,CL0,CL0,CL1,CL0,CL0,CL6,CL0,CL0
562,-95.197,48.246,45.468,96.082,-31.685,102.119,16.767,-71.727,28.783,41.594,-71.126,-52.593,CL6,CL0,CL0,CL0,CL6,CL0,CL3,CL0,CL0,CL0,CL0,CL0,CL0,CL0,CL0,CL0,CL0,CL0,CL0
563,49.788,48.246,45.468,96.082,-31.685,62.967,63.779,44.585,-107.533,75.830,-21.712,-21.575,CL5,CL1,CL0,CL3,CL6,CL2,CL6,CL2,CL0,CL2,CL0,CL2,CL0,CL0,CL0,CL0,CL3,CL0,CL0
564,49.788,48.246,116.365,96.082,11.440,261.139,47.617,-155.521,-30.172,146.191,-21.712,-84.637,CL6,CL0,CL1,CL1,CL6,CL2,CL6,CL0,CL0,CL0,CL0,CL0,CL0,CL1,CL0,CL1,CL6,CL0,CL1
565,-7.854,48.246,116.365,96.082,-31.685,82.562,32.197,-58.331,-177.200,-27.607,19.268,7.987,CL5,CL0,CL3,CL2,CL6,CL2,CL6,CL0,CL0,CL0,CL0,CL0,CL0,CL0,CL0,CL0,CL0,CL0,CL0
566,109.449,48.246,-61.113,96.082,-31.685,-46.725,-43.999,-1.928,13.136,-40.581,186.203,-84.637,CL2,CL6,CL0,CL0,CL6,CL3,CL5,CL1,CL0,CL0,CL0,CL0,CL0,CL0,CL0,CL1,CL6,CL0,CL1
567,109.449,48.246,116.365,96.082,-31.685,31.287,-80.615,14.143,59.042,-78.155,-71.126,-84.637,CL5,CL0,CL0,CL1,CL5,CL0,CL5,CL0,CL0,CL0,CL0,CL0,CL0,CL0,CL0,CL0,CL0,CL0,CL0
568,-95.197,48.246,45.468,96.082,-31.685,91.093,111.406,-97.631,94.156,58.489,-137.983,-118.084,CL5,CL2,CL2,CL2,CL5,CL4,CL6,CL0,CL0,CL2,CL0,CL0,CL0,CL0,CL0,CL0,CL6,CL0,CL1
569,-95.197,-48.246,45.468,96.082,-31.685,183.990,63.779,124.033,-91.699,-52.745,-21.712,7.987,CL6,CL0,CL2,CL0,CL6,CL3,CL6,CL2,CL0,CL0,CL0,CL0,CL2,CL0,CL0,CL0,CL6,CL0,CL0
570,49.788,-48.246,116.365,96.082,-31.685,102.119,-80.615,-17.779,-30.172,-665,-21.712,-21.575,CL1,CL0,CL0,CL0,CL1,CL1,CL5,CL0,CL0,CL0,CL0,CL0,CL0,CL0,CL0,CL1,CL1,CL0,CL0
571,49.788,48.246,198.437,96.082,-31.685,-34.799,80.523,-17.779,-91.699,263.199,-71.126,-52.593,CL6,CL0,CL0,CL0,CL6,CL1,CL5,CL0,CL0,CL0,CL0,CL0,CL0,CL0,CL0,CL0,CL6,CL0,CL1
572,49.788,48.246,-5.921,-9.765,-31.685,22.393,111.406,-111.902,-177.200,-40.581,52.975,76.540,CL6,CL0,CL0,CL0,CL6,CL0,CL6,CL0,CL0,CL0,CL0,CL0,CL0,CL0,CL0,CL0,CL2,CL0,CL0
573,-95.197,48.246,116.365,96.082,-31.685,-169.163,193.886,-17.779,111.406,181.175,19.268,76.540,CL6,CL0,CL0,CL0,CL6,CL0,CL6,CL0,CL0,CL0,CL0,CL0,CL0,CL0,CL0,CL0,CL0,CL0,CL0
574,49.788,-48.246,-5.921,96.082,-31.685,123.461,-123.177,-168.062,-107.533,-65.253,186.203,7.987,CL6,CL1,CL1,CL1,CL6,CL3,CL6,CL1,CL0,CL1,CL0,CL0,CL0,CL1,CL0,CL0,CL6,CL0,CL1
575,182.213,48.246,-61.113,-57.009,-31.685,-92.104,96.248,44.585,-60.633,-40.581,52.975,-21.575,CL5,CL0,CL0,CL2,CL6,CL4,CL6,CL0,CL0,CL0,CL0,CL0,CL0,CL0,CL0,CL0,CL0,CL0,CL0
576,49.788,48.246,45.468,96.082,-31.685,212.700,-150.796,-182.919,59.042,-178.169,-71.126,-154.858,CL6,CL1,CL0,CL0,CL5,CL2,CL6,CL1,CL0,CL1,CL0,CL0,CL0,CL1,CL0,CL0,CL2,CL0,CL0
577,49.788,-48.246,-173.790,96.082,-31.685,-186.962,80.523,-155.521,-45.321,113.407,-21.712,7.987,CL5,CL0,CL0,CL0,CL3,CL0,CL5,CL0,CL0,CL0,CL0,CL0,CL0,CL0,CL0,CL2,CL6,CL0,CL0
578,-7.854,48.246,116.365,96.082,11.440,82.562,32.197,14.143,59.042,93.949,-71.126,-52.593,CL4,CL0,CL0,CL0,CL3,CL0,CL6,CL0,CL0,CL0,CL0,CL0,CL0,CL0,CL0,CL0,CL0,CL0,CL0
579,-7.854,48.246,45.468,96.082,-31.685,102.119,80.523,-71.727,128.610,-14.277,-71.126,-21.575,CL4,CL0,CL0,CL0,CL6,CL2,CL6,CL0,CL0,CL0,CL0,CL0,CL0,CL0,CL0,CL0,CL1,CL0,CL0
580,109.449,48.246,116.365,96.082,-31.685,102.119,-15.487,29.338,111.406,146.191,-137.983,-154.858,CL6,CL1,CL0,CL2,CL4,CL1,CL6,CL0,CL0,CL0,CL0,CL0,CL0,CL1,CL0,CL1,CL1,CL0,CL0
581,-95.197,48.246,116.365,96.082,-31.685,-14.882,80.523,58.331,13.136,75.830,-21.712,-21.575,CL5,CL0,CL2,CL0,CL6,CL2,CL6,CL0,CL0,CL0,CL0,CL0,CL0,CL0,CL0,CL0,CL2,CL0,CL0
582,49.788,48.246,-61.113,96.082,-31.685,-119.430,332,-111.902,-1.729,-192.173,186.203,-21.575,CL6,CL1,CL1,CL1,CL6,CL2,CL6,CL2,CL0,CL1,CL0,CL0,CL0,CL1,CL0,CL1,CL2,CL0,CL0
583,-95.197,-48.246,-61.113,96.082,-31.685,-92.104,158.487,44.585,-30.172,-65.253,88.113,76.540,CL6,CL0,CL4,CL0,CL6,CL5,CL6,CL0,CL0,CL5,CL0,CL4,CL2,CL0,CL0,CL2,CL6,CL0,CL0
584,49.788,48.246,-5.921,96.082,-31.685,31.287,128.610,165.653,-30.172,93.949,52.975,7.987,CL6,CL0,CL0,CL0,CL6,CL0,CL6,CL0,CL0,CL0,CL0,CL0,CL0,CL0,CL0,CL0,CL0,CL0,CL0
585,-95.197,48.246,-61.113,-57.009,-31.685,62.967,332,-58.331,43.852,-40.581,-21.712,122.470,CL5,CL0,CL0,CL3,CL6,CL4,CL6,CL0,CL0,CL3,CL0,CL0,CL0,CL0,CL0,CL0,CL3,CL0,CL0
586,-7.854,-48.246,45.468,96.082,-31.685,-24.649,16.767,-31.776,-121.213,75.830,129.221,40.148,CL2,CL0,CL2,CL0,CL3,CL1,CL6,CL0,CL0,CL0,CL0,CL0,CL0,CL0,CL0,CL1,CL1,CL0,CL0
587,-95.197,-48.246,-5.921,96.082,-31.685,73.545,-57.545,124.033,-107.533,-27.607,52.975,40.148,CL2,CL0,CL0,CL0,CL6,CL4,CL5,CL0,CL0,CL0,CL0,CL0,CL0,CL0,CL0,CL0,CL4,CL0,CL0
588,-95.197,-48.246,-61.113,96.082,-31.685,31.287,32.197,-31.776,76.096,-178.169,19.268,76.540,CL5,CL5,CL2,CL4,CL6,CL6,CL6,CL0,CL0,CL0,CL0,CL0,CL3,CL3,CL0,CL3,CL6,CL0,CL0
589,-7.854,48.246,-173.790,96.082,-31.685,-46.725,158.487,44.585,94.156,12.331,-21.712,7.987,CL5,CL3,CL1,CL3,CL6,CL6,CL6,CL1,CL0,CL1,CL0,CL0,CL0,CL0,CL0,CL1,CL6,CL0,CL0
590,182.213,48.246,-61.113,-57.009,-31.685,-132.828,-15.487,29.338,-91.699,41.594,52.975,7.987,CL2,CL1,CL0,CL1,CL6,CL6,CL6,CL1,CL0,CL1,CL0,CL0,CL0,CL1,CL0,CL0,CL0,CL0,CL0
591,49.788,-48.246,-243.591,96.082,-31.685,-58.016,332,-58.331,-60.633,58.489,-21.712,40.148,CL3,CL3,CL2,CL1,CL6,CL6,CL5,CL2,CL0,CL2,CL1,CL0,CL0,CL1,CL1,CL0,CL6,CL0,CL1
592,49.788,48.246,45.468,96.082,-31.685,41.667,-43.999,-31.776,-162.090,163.088,-21.712,-84.637,CL6,CL0,CL0,CL1,CL6,CL1,CL6,CL0,CL0,CL0,CL0,CL0,CL0,CL0,CL0,CL0,CL2,CL0,CL0
593,49.788,48.246,-5.921,-57.009,-31.685,-275.696,96.248,14.143,43.852,204.506,-71.126,-21.575,CL5,CL0,CL0,CL0,CL6,CL6,CL6,CL2,CL3,CL2,CL0,CL0,CL3,CL0,CL0,CL0,CL6,CL0,CL0
594,-7.854,-48.246,-5.921,-28.519,-22.166,-5.188,96.248,-1.928,59.042,58.489,19.268,76.540,CL5,CL0,CL3,CL0,CL6,CL5,CL5,CL3,CL0,CL0,CL0,CL0,CL4,CL0,CL0,CL2,CL6,CL0,CL0
595,49.788,-48.246,-173.790,96.082,-31.685,-34.799,-57.545,-58.331,-121.213,-65.253,129.221,76.540,CL5,CL2,CL3,CL4,CL6,CL5,CL5,CL2,CL0,CL3,CL0,CL2,CL3,CL2,CL0,CL3,CL0,CL0,CL0
596,109.449,-48.246,-5.921,-28.519,-31.685,31.287,16.767,-45.174,-134.289,41.594,-21.712,76.540,CL6,CL1,CL1,CL2,CL6,CL1,CL4,CL1,CL1,CL0,CL0,CL0,CL0,CL1,CL0,CL1,CL1,CL0,CL0
597,-95.197,-48.246,-173.790,96.082,-31.685,-143.907,80.523,72.330,94.156,93.949,52.975,122.470,CL5,CL2,CL0,CL0,CL5,CL5,CL5,CL3,CL0,CL4,CL0,CL0,CL0,CL0,CL0,CL0,CL6,CL0,CL0
598,182.213,48.246,-5.921,24.923,-31.685,-34.799,-43.999,-31.776,-76.096,58.489,88.113,122.470,CL1,CL1,CL1,CL2,CL6,CL4,CL5,CL1,CL1,CL0,CL0,CL0,CL6,CL1,CL3,CL1,CL1,CL0,CL1
599,109.449,48.246,-5.921,-57.009,-31.685,4.257,16.767,-58.331,43.852,25.953,-21.712,-52.593,CL5,CL1,CL0,CL2,CL6,CL6,CL6,CL1,CL0,CL0,CL0,CL0,CL2,CL1,CL0,CL2,CL3,CL0,CL0
600,-95.197,-48.246,-61.113,96.082,-31.685,52.135,-15.487,29.338,-1.729,-89.891,52.975,40.148,CL4,CL0,CL2,CL0,CL5,CL6,CL6,CL0,CL0,CL0,CL0,CL0,CL2,CL0,CL0,CL3,CL6,CL0,CL0
601,109.449,48.246,116.365,96.082,-31.685,73.545,-57.545,-58.331,181.866,12.331,-71.126,-118.084,CL6,CL0,CL0,CL0,CL6,CL1,CL6,CL1,CL0,CL0,CL0,CL0,CL0,CL0,CL0,CL0,CL0,CL0,CL0
602,-95.197,-48.246,-61.113,-57.009,-31.685,102.119,111.406,72.330,13.136,-101.450,186.203,122.470,CL4,CL5,CL0,CL0,CL6,CL6,CL5,CL4,CL0,CL4,CL0,CL3,CL4,CL0,CL0,CL4,CL6,CL0,CL0
603,-95.197,-48.246,-61.113,-57.009,-31.685,52.135,-163.340,-111.902,-207.848,58.489,52.975,122.470,CL6,CL3,CL0,CL0,CL6,CL6,CL5,CL0,CL0,CL0,CL0,CL0,CL3,CL0,CL0,CL0,CL6,CL0,CL2
604,-95.197,-48.246,-61.113,-57.009,-31.685,198.437,-94.779,72.330,-60.633,-101.450,52.975,76.540,CL6,CL3,CL0,CL2,CL6,CL6,CL3,CL0,CL0,CL2,CL0,CL0,CL6,CL3,CL3,CL4,CL6,CL0,CL0
605,-7.854,-48.246,45.468,-57.009,-31.685,-67.825,-80.615,-45.174,-147.955,12.331,-71.126,-21.575,CL5,CL0,CL0,CL2,CL6,CL5,CL5,CL2,CL0,CL2,CL0,CL2,CL2,CL3,CL0,CL3,CL5,CL0,CL2
606,49.788,48.246,-61.113,-57.009,-31.685,41.667,32.197,29.338,94.156,41.594,-71.126,-52.593,CL5,CL0,CL0,CL5,CL6,CL5,CL4,CL1,CL0,CL0,CL0,CL0,CL0,CL0,CL2,CL1,CL5,CL0,CL0
607,182.213,48.246,116.365,-57.009,-31.685,-252.197,111.406,188.511,128.610,-101.450,-71.126,-52.593,CL5,CL3,CL1,CL2,CL6,CL6,CL6,CL1,CL2,CL0,CL1,CL0,CL0,CL1,CL0,CL1,CL0,CL0,CL0
608,-95.197,-48.246,45.468,96.082,-31.685,-46.725,332,-111.902,145.039,-78.155,-21.712,122.470,CL5,CL0,CL0,CL0,CL6,CL4,CL4,CL0,CL0,CL0,CL0,CL0,CL0,CL0,CL0,CL0,CL3,CL0,CL0
609,109.449,-48.246,-61.113,-57.009,-31.685,-5.188,332,88.309,203.972,-14.277,-71.126,7.987,CL2,CL1,CL0,CL0,CL6,CL3,CL3,CL1,CL1,CL0,CL1,CL0,CL0,CL1,CL0,CL1,CL6,CL0,CL0
610,-7.854,-48.246,45.468,96.082,-31.685,-169.163,128.610,124.033,13.136,113.407,52.975,192.173,CL6,CL6,CL4,CL4,CL6,CL6,CL6,CL6,CL2,CL4,CL2,CL3,CL4,CL2,CL0,CL3,CL1,CL0,CL5
611,182.213,48.246,-5.921,24.923,-31.685,123.461,-80.615,-142.424,111.406,-151.840,186.203,-21.575,CL4,CL1,CL0,CL1,CL5,CL5,CL4,CL3,CL3,CL0,CL0,CL0,CL0,CL1,CL0,CL4,CL1,CL0,CL1
612,-7.854,-48.246,-61.113,96.082,-31.685,-92.104,96.248,88.309,13.136,-65.253,19.268,192.173,CL6,CL1,CL2,CL0,CL6,CL6,CL6,CL2,CL0,CL3,CL0,CL0,CL3,CL1,CL0,CL0,CL6,CL0,CL0
613,-7.854,-48.246,45.468,96.082,-31.685,-67.825,32.197,-58.331,128.610,58.489,52.975,122.470,CL5,CL0,CL0,CL0,CL6,CL5,CL5,CL0,CL2,CL0,CL0,CL0,CL3,CL0,CL0,CL2,CL6,CL0,CL2
614,49.788,-48.246,45.468,96.082,-31.685,-119.430,16.767,-17.779,-30.172,-40.581,-21.712,-52.593,CL1,CL1,CL1,CL1,CL6,CL6,CL6,CL1,CL0,CL4,CL0,CL1,CL5,CL1,CL0,CL2,CL1,CL0,CL0
615,-7.854,48.246,116.365,96.082,-31.685,198.437,-30.033,-31.776,-162.090,-65.253,19.268,7.987,CL6,CL3,CL2,CL5,CL5,CL6,CL6,CL3,CL0,CL2,CL0,CL0,CL6,CL0,CL0,CL2,CL6,CL0,CL1
616,-7.854,48.246,-243.591,-57.009,-31.685,-24.649,63.779,-71.727,-91.699,25.953,129.221,-21.575,CL3,CL2,CL0,CL3,CL6,CL3,CL4,CL3,CL3,CL3,CL3,CL0,CL0,CL3,CL3,CL2,CL6,CL0,CL2
617,49.788,48.246,116.365,96.082,-31.685,13.606,-15.487,-45.174,76.096,-27.607,88.113,122.470,CL6,CL0,CL0,CL1,CL6,CL2,CL2,CL0,CL0,CL1,CL0,CL0,CL0,CL1,CL0,CL0,CL6,CL0,CL1
618,109.449,48.246,-61.113,-57.009,-31.685,102.119,16.767,-17.779,-60.633,-101.450,129.221,122.470,CL2,CL6,CL1,CL6,CL6,CL6,CL6,CL2,CL1,CL0,CL0,CL0,CL2,CL1,CL2,CL4,CL4,CL0,CL0
619,109.449,-48.246,-5.921,21.128,-31.685,-92.104,128.610,-31.776,-60.633,75.830,-71.126,7.987,CL3,CL2,CL2,CL3,CL6,CL6,CL5,CL0,CL0,CL0,CL1,CL0,CL5,CL2,CL0,CL2,CL6,CL0,CL1
620,-7.854,48.246,45.468,96.082,-31.685,-5.188,111.406,88.309,13.136,-665,52.975,7.987,CL5,CL0,CL2,CL0,CL6,CL3,CL6,CL0,CL0,CL0,CL0,CL0,CL0,CL0,CL0,CL0,CL2,CL0,CL0
621,182.213,-48.246,116.365,96.082,-31.685,-67.825,-94.779,72.330,-91.699,58.489,-137.983,-84.637,CL5,CL0,CL0,CL0,CL6,CL0,CL5,CL0,CL0,CL0,CL0,CL0,CL0,CL0,CL0,CL0,CL0,CL0,CL0
622,-95.197,-48.246,-122.751,96.082,-31.685,52.135,-137.639,-45.174,145.039,-178.169,129.221,40.148,CL5,CL0,CL0,CL0,CL6,CL5,CL6,CL0,CL0,CL4,CL0,CL4,CL2,CL0,CL0,CL0,CL6,CL0,CL2
623,49.788,-48.246,116.365,96.082,-31.685,-92.104,63.779,-17.779,-134.289,25.953,88.113,40.148,CL5,CL0,CL1,CL0,CL6,CL2,CL6,CL0,CL0,CL0,CL0,CL0,CL0,CL1,CL0,CL1,CL1,CL0,CL0
624,49.788,48.246,116.365,96.082,-31.685,-14.882,47.617,-31.776,28.783,163.088,-71.126,-154.858,CL5,CL0,CL0,CL0,CL6,CL1,CL4,CL0,CL0,CL0,CL0,CL0,CL0,CL0,CL0,CL0,CL0,CL0,CL0
625,109.449,48.246,116.365,96.082,-31.685,-34.799,332,-45.174,-30.172,-138.502,186.203,-52.593,CL6,CL0,CL1,CL0,CL6,CL1,CL6,CL0,CL0,CL0,CL0,CL0,CL1,CL0,CL0,CL1,CL2,CL0,CL1
626,49.788,48.246,198.437,96.082,-31.685,4.257,332,-127.553,-1.729,25.953,-137.983,-21.575,CL6,CL0,CL0,CL1,CL6,CL1,CL4,CL0,CL0,CL0,CL0,CL0,CL0,CL0,CL0,CL1,CL1,CL0,CL0
627,49.788,48.246,-5.921,96.082,-31.685,-34.799,-57.545,-58.331,-91.699,25.953,-71.126,-154.858,CL6,CL1,CL0,CL0,CL6,CL2,CL6,CL2,CL0,CL2,CL0,CL0,CL0,CL2,CL0,CL2,CL2,CL0,CL0
628,49.788,-48.246,45.468,96.082,-31.685,-5.188,-43.999,-84.732,-45.321,41.594,-21.712,-21.575,CL6,CL1,CL2,CL0,CL6,CL2,CL5,CL0,CL0,CL0,CL0,CL0,CL0,CL1,CL0,CL1,CL2,CL0,CL0
629,49.788,-48.246,198.437,96.082,-31.685,-169.163,-94.779,-155.521,181.866,58.489,-255.524,-84.637,CL5,CL1,CL1,CL2,CL5,CL5,CL6,CL3,CL0,CL4,CL0,CL0,CL0,CL0,CL0,CL2,CL5,CL0,CL0
630,-7.854,48.246,198.437,96.082,-31.685,123.461,-109.207,-127.553,161.108,25.953,-137.983,-154.858,CL5,CL0,CL0,CL0,CL6,CL3,CL5,CL3,CL0,CL0,CL0,CL0,CL0,CL0,CL0,CL0,CL6,CL0,CL0
631,109.449,48.246,198.437,96.082,-22.166,-46.725,47.617,58.331,28.783,-14.277,-21.712,-207.848,CL5,CL0,CL0,CL1,CL6,CL0,CL4,CL0,CL0,CL0,CL0,CL0,CL0,CL0,CL0,CL0,CL6,CL0,CL0
632,49.788,48.246,198.437,96.082,-31.685,52.135,-30.033,165.653,28.783,113.407,-137.983,-207.848,CL6,CL1,CL0,CL0,CL6,CL2,CL6,CL1,CL0,CL1,CL0,CL0,CL0,CL0,CL0,CL1,CL5,CL0,CL0
633,-95.197,48.246,45.468,96.082,-31.685,41.667,-15.487,-31.776,223.427,113.407,-137.983,-52.593,CL5,CL0,CL0,CL0,CL6,CL0,CL5,CL0,CL0,CL0,CL0,CL0,CL0,CL0,CL0,CL0,CL0,CL0,CL0
634,-95.197,48.246,45.468,96.082,-31.685,123.461,-43.999,-127.553,-91.699,75.830,-137.983,-207.848,CL5,CL0,CL2,CL0,CL4,CL2,CL6,CL0,CL0,CL0,CL0,CL0,CL0,CL0,CL0,CL0,CL0,CL0,CL0
635,-7.854,48.246,116.365,96.082,-31.685,-67.825,174.091,44.585,13.136,25.953,-71.126,7.987,CL5,CL0,CL2,CL2,CL6,CL3,CL5,CL3,CL0,CL2,CL0,CL2,CL3,CL0,CL0,CL2,CL5,CL0,CL0
636,49.788,48.246,198.437,96.082,-31.685,123.461,16.767,-1.928,-107.533,-65.253,-21.712,122.470,CL6,CL3,CL3,CL6,CL6,CL5,CL5,CL5,CL0,CL5,CL1,CL3,CL3,CL2,CL1,CL2,CL6,CL0,CL1
637,49.788,-48.246,45.468,96.082,-31.685,-79.151,-30.033,-17.779,111.406,-52.745,-71.126,7.987,CL5,CL2,CL2,CL2,CL6,CL3,CL6,CL2,CL0,CL2,CL0,CL2,CL0,CL1,CL0,CL2,CL1,CL0,CL0
638,109.449,48.246,45.468,96.082,-31.685,-67.825,32.197,-45.174,43.852,-665,19.268,-21.575,CL4,CL0,CL0,CL0,CL6,CL1,CL6,CL0,CL0,CL0,CL0,CL0,CL0,CL0,CL0,CL0,CL0,CL0,CL0
639,49.788,48.246,-5.921,24.923,-31.685,-34.799,16.767,-97.631,76.096,41.594,-137.983,-118.084,CL4,CL0,CL0,CL0,CL6,CL0,CL4,CL0,CL0,CL0,CL0,CL0,CL0,CL0,CL0,CL0,CL0,CL0,CL0
640,-95.197,48.246,45.468,96.082,-31.685,-24.649,-57.545,-142.424,-15.487,163.088,-71.126,7.987,CL5,CL0,CL0,CL0,CL6,CL0,CL6,CL0,CL0,CL0,CL0,CL0,CL0,CL0,CL0,CL0,CL0,CL0,CL0
641,-7.854,-48.246,-173.790,96.082,-31.685,-24.649,174.091,88.309,128.610,41.594,52.975,192.173,CL5,CL1,CL2,CL3,CL6,CL6,CL6,CL4,CL0,CL3,CL0,CL2,CL2,CL2,CL0,CL2,CL6,CL0,CL0
642,109.449,-48.246,45.468,96.082,-31.685,-14.882,-69.509,44.585,13.136,-14.277,-21.712,-52.593,CL5,CL0,CL0,CL0,CL6,CL1,CL5,CL0,CL0,CL0,CL0,CL0,CL0,CL0,CL0,CL0,CL2,CL0,CL0
643,49.788,-48.246,116.365,96.082,-31.685,-67.825,96.248,88.309,223.427,181.175,-21.712,40.148,CL5,CL1,CL1,CL0,CL4,CL1,CL6,CL0,CL0,CL1,CL0,CL0,CL4,CL0,CL0,CL1,CL1,CL0,CL1
644,-7.854,48.246,116.365,96.082,-110.702,-105.308,63.779,-31.776,128.610,130.612,-71.126,40.148,CL5,CL0,CL0,CL0,CL4,CL4,CL6,CL0,CL0,CL0,CL0,CL0,CL0,CL0,CL0,CL0,CL6,CL0,CL0
645,-7.854,-48.246,-61.113,96.082,-31.685,22.393,-30.033,-168.062,59.042,-65.253,-21.712,7.987,CL5,CL3,CL3,CL0,CL5,CL4,CL6,CL5,CL0,CL3,CL0,CL3,CL0,CL0,CL0,CL0,CL3,CL0,CL0
646,109.449,-48.246,45.468,96.082,-31.685,4.257,-30.033,-31.776,-76.096,-40.581,129.221,-52.593,CL5,CL0,CL0,CL0,CL4,CL1,CL6,CL0,CL0,CL0,CL0,CL0,CL0,CL0,CL0,CL0,CL0,CL0,CL0
647,-95.197,48.246,45.468,96.082,-31.685,-46.725,-15.487,-31.776,-15.487,75.830,-21.712,-52.593,CL5,CL0,CL0,CL0,CL6,CL0,CL6,CL0,CL0,CL0,CL0,CL0,CL0,CL0,CL0,CL0,CL2,CL0,CL0
648,-95.197,-48.246,-61.113,-57.009,-31.685,-143.907,145.421,106.238,-162.090,93.949,-71.126,40.148,CL6,CL0,CL0,CL3,CL6,CL5,CL6,CL4,CL0,CL4,CL0,CL0,CL4,CL0,CL3,CL3,CL6,CL0,CL2
649,49.788,48.246,116.365,-57.009,-31.685,113.281,16.767,106.238,203.972,-101.450,129.221,192.173,CL6,CL2,CL1,CL3,CL4,CL6,CL5,CL3,CL4,CL1,CL3,CL0,CL2,CL1,CL0,CL1,CL6,CL0,CL0
650,-7.854,48.246,45.468,96.082,-31.685,-14.882,80.523,-127.553,-1.729,204.506,19.268,-118.084,CL5,CL2,CL1,CL0,CL2,CL2,CL5,CL2,CL0,CL2,CL0,CL1,CL0,CL1,CL0,CL0,CL2,CL0,CL0
651,109.449,48.246,116.365,96.082,-31.685,-46.725,212.700,244.904,161.108,12.331,129.221,40.148,CL5,CL2,CL2,CL4,CL6,CL5,CL6,CL4,CL1,CL5,CL0,CL3,CL4,CL2,CL1,CL2,CL6,CL0,CL0
652,-7.854,-48.246,116.365,96.082,-31.685,62.967,47.617,44.585,59.042,-101.450,19.268,-118.084,CL5,CL0,CL2,CL0,CL6,CL2,CL0,CL2,CL0,CL0,CL0,CL0,CL0,CL0,CL0,CL0,CL1,CL0,CL0
653,-95.197,-48.246,-61.113,-9.765,-31.685,102.119,128.610,124.033,-60.633,-101.450,19.268,40.148,CL5,CL5,CL3,CL4,CL6,CL6,CL6,CL3,CL0,CL3,CL0,CL4,CL5,CL5,CL3,CL4,CL6,CL0,CL3
654,-95.197,-48.246,-61.113,-57.009,-31.685,-67.825,63.779,-1.928,13.136,-665,129.221,40.148,CL6,CL0,CL0,CL0,CL4,CL3,CL6,CL0,CL0,CL0,CL0,CL0,CL3,CL0,CL0,CL3,CL2,CL0,CL0
655,49.788,48.246,-173.790,96.082,-31.685,-34.799,96.248,-71.727,43.852,113.407,-71.126,-84.637,CL5,CL0,CL1,CL0,CL6,CL1,CL6,CL0,CL0,CL0,CL0,CL0,CL0,CL1,CL3,CL0,CL2,CL0,CL0
656,-7.854,-48.246,116.365,-28.519,11.440,-46.725,174.091,-45.174,-15.487,-101.450,52.975,76.540,CL5,CL0,CL0,CL2,CL6,CL4,CL5,CL0,CL3,CL3,CL0,CL3,CL3,CL3,CL0,CL3,CL6,CL0,CL0
657,109.449,-48.246,-61.113,24.923,-31.685,123.461,-57.545,29.338,-121.213,-113.788,129.221,40.148,CL4,CL0,CL0,CL0,CL6,CL6,CL5,CL2,CL3,CL0,CL0,CL0,CL3,CL2,CL0,CL5,CL6,CL0,CL0
658,109.449,-48.246,-5.921,96.082,-31.685,113.281,-137.639,143.533,-45.321,-138.502,186.203,192.173,CL5,CL1,CL1,CL1,CL6,CL4,CL6,CL1,CL0,CL2,CL1,CL1,CL1,CL1,CL1,CL1,CL6,CL0,CL0
659,-95.197,-48.246,116.365,96.082,-31.685,62.967,16.767,44.585,-30.172,-52.745,88.113,7.987,CL5,CL0,CL0,CL0,CL6,CL3,CL6,CL0,CL0,CL0,CL0,CL0,CL0,CL0,CL0,CL0,CL4,CL0,CL0
660,-7.854,-48.246,198.437,21.128,-31.685,-79.151,145.421,188.511,-91.699,-40.581,129.221,40.148,CL5,CL3,CL2,CL0,CL6,CL6,CL5,CL5,CL2,CL4,CL0,CL2,CL0,CL2,CL2,CL2,CL6,CL0,CL1
661,-7.854,48.246,116.365,96.082,-110.702,-132.828,47.617,-1.928,111.406,12.331,-137.983,-154.858,CL6,CL0,CL0,CL0,CL6,CL0,CL6,CL0,CL0,CL0,CL0,CL0,CL0,CL0,CL0,CL0,CL0,CL0,CL0
662,-95.197,48.246,45.468,96.082,-31.685,-24.649,-109.207,-71.727,-15.487,146.191,-137.983,-84.637,CL6,CL0,CL0,CL0,CL6,CL2,CL6,CL0,CL0,CL0,CL0,CL0,CL3,CL0,CL0,CL0,CL5,CL0,CL0
663,-7.854,48.246,45.468,96.082,-31.685,4.257,16.767,29.338,203.972,181.175,52.975,-118.084,CL5,CL0,CL0,CL0,CL6,CL2,CL5,CL0,CL0,CL0,CL0,CL0,CL0,CL0,CL0,CL0,CL2,CL0,CL0
664,-7.854,48.246,198.437,96.082,-31.685,123.461,-123.177,-31.776,-134.289,-138.502,-21.712,-52.593,CL6,CL1,CL0,CL3,CL6,CL3,CL4,CL0,CL0,CL0,CL0,CL0,CL0,CL1,CL0,CL0,CL6,CL0,CL1
665,-95.197,-48.246,45.468,96.082,-31.685,-34.799,-43.999,58.331,28.783,-52.745,52.975,76.540,CL5,CL0,CL0,CL0,CL6,CL3,CL6,CL0,CL0,CL0,CL0,CL0,CL3,CL0,CL0,CL2,CL4,CL0,CL0
666,-7.854,48.246,198.437,96.082,-31.685,113.281,-43.999,14.143,28.783,-27.607,-71.126,-21.575,CL6,CL2,CL2,CL0,CL5,CL2,CL6,CL2,CL1,CL2,CL0,CL2,CL0,CL0,CL0,CL0,CL2,CL0,CL1
667,-95.197,-48.246,-122.751,96.082,-31.685,-205.048,-30.033,14.143,-15.487,-89.891,88.113,40.148,CL3,CL0,CL0,CL0,CL6,CL6,CL5,CL0,CL0,CL4,CL0,CL0,CL0,CL0,CL0,CL0,CL6,CL0,CL0
668,49.788,-48.246,-61.113,96.082,-31.685,91.093,-69.509,124.033,-30.172,25.953,-21.712,7.987,CL4,CL2,CL1,CL6,CL4,CL5,CL6,CL4,CL4,CL3,CL5,CL3,CL2,CL2,CL6,CL3,CL6,CL0,CL0
669,109.449,-48.246,45.468,96.082,-31.685,-169.163,212.700,14.143,28.783,-40.581,19.268,-21.575,CL5,CL0,CL1,CL0,CL6,CL2,CL6,CL0,CL0,CL0,CL0,CL0,CL2,CL0,CL0,CL2,CL0,CL0,CL1
670,-7.854,-48.246,-61.113,96.082,-31.685,-58.016,96.248,44.585,-30.172,-14.277,19.268,76.540,CL6,CL0,CL3,CL5,CL6,CL6,CL6,CL4,CL0,CL3,CL0,CL0,CL3,CL0,CL0,CL0,CL3,CL0,CL0
671,-95.197,-48.246,-5.921,96.082,-31.685,-34.799,16.767,-45.174,-76.096,-40.581,-255.524,-52.593,CL5,CL0,CL3,CL0,CL6,CL5,CL5,CL2,CL0,CL0,CL0,CL0,CL3,CL0,CL0,CL0,CL6,CL0,CL0
672,49.788,-48.246,-5.921,96.082,-31.685,-46.725,80.523,-1.928,-60.633,12.331,88.113,122.470,CL2,CL1,CL1,CL0,CL6,CL6,CL6,CL1,CL0,CL1,CL0,CL0,CL0,CL1,CL0,CL1,CL6,CL0,CL0
673,-95.197,-48.246,45.468,96.082,-31.685,-24.649,332,143.533,76.096,93.949,52.975,-21.575,CL2,CL0,CL0,CL0,CL6,CL6,CL4,CL0,CL0,CL0,CL0,CL0,CL1,CL0,CL0,CL0,CL6,CL0,CL0
674,-95.197,48.246,-61.113,96.082,-31.685,123.461,111.406,44.585,59.042,93.949,-71.126,7.987,CL5,CL0,CL0,CL0,CL6,CL2,CL5,CL2,CL0,CL2,CL0,CL0,CL0,CL0,CL0,CL0,CL0,CL0,CL0
675,-95.197,48.246,116.365,96.082,-50.212,82.562,-69.509,-58.331,-60.633,-101.450,-71.126,76.540,CL3,CL0,CL0,CL3,CL6,CL0,CL6,CL0,CL0,CL0,CL0,CL0,CL0,CL0,CL0,CL0,CL0,CL0,CL0
676,49.788,-48.246,-5.921,96.082,-31.685,-5.188,-30.033,-71.727,-76.096,-78.155,19.268,122.470,CL3,CL2,CL1,CL0,CL6,CL6,CL6,CL3,CL0,CL3,CL0,CL3,CL3,CL1,CL0,CL3,CL6,CL0,CL1
677,-95.197,-48.246,-5.921,96.082,-31.685,22.393,332,-168.062,-15.487,25.953,88.113,76.540,CL3,CL0,CL0,CL0,CL6,CL6,CL6,CL0,CL0,CL0,CL0,CL0,CL6,CL0,CL0,CL0,CL6,CL0,CL0
678,-7.854,-48.246,45.468,96.082,-31.685,52.135,-30.033,44.585,-60.633,-65.253,-21.712,-21.575,CL6,CL2,CL2,CL0,CL4,CL3,CL5,CL2,CL0,CL0,CL0,CL0,CL0,CL0,CL0,CL0,CL3,CL0,CL0
679,-95.197,-48.246,-61.113,96.082,-31.685,228.554,-211.437,-31.776,-1.729,-204.506,-137.983,-154.858,CL0,CL0,CL0,CL0,CL3,CL0,CL6,CL0,CL0,CL0,CL0,CL0,CL0,CL0,CL0,CL0,CL0,CL0,CL2
680,-95.197,48.246,-61.113,96.082,-31.685,62.967,-30.033,-58.331,-121.213,146.191,-71.126,122.470,CL5,CL4,CL3,CL3,CL6,CL3,CL4,CL3,CL0,CL0,CL0,CL0,CL4,CL0,CL3,CL0,CL3,CL0,CL3
681,109.449,-48.246,198.437,96.082,-31.685,22.393,-80.615,-17.779,-1.729,-204.506,-71.126,-207.848,CL6,CL6,CL1,CL3,CL6,CL1,CL4,CL3,CL3,CL6,CL3,CL3,CL3,CL2,CL2,CL2,CL0,CL0,CL0
682,49.788,-48.246,-61.113,96.082,-31.685,-132.828,332,-127.553,-60.633,12.331,88.113,76.540,CL6,CL0,CL2,CL3,CL6,CL3,CL5,CL0,CL0,CL2,CL0,CL0,CL0,CL0,CL0,CL0,CL6,CL0,CL0
683,-7.854,-48.246,116.365,96.082,-31.685,137.297,-176.250,44.585,28.783,58.489,-137.983,-84.637,CL6,CL0,CL0,CL0,CL6,CL1,CL4,CL0,CL0,CL0,CL0,CL0,CL0,CL0,CL0,CL0,CL0,CL0,CL0
684,49.788,48.246,45.468,96.082,-31.685,52.135,-15.487,-45.174,-15.487,-65.253,-137.983,-52.593,CL3,CL2,CL2,CL2,CL3,CL3,CL4,CL3,CL1,CL2,CL0,CL2,CL2,CL2,CL0,CL3,CL1,CL0,CL0
685,49.788,48.246,-5.921,96.082,-31.685,91.093,-69.509,124.033,-121.213,-151.840,129.221,192.173,CL4,CL0,CL0,CL6,CL6,CL4,CL6,CL0,CL0,CL0,CL0,CL0,CL3,CL0,CL6,CL1,CL4,CL0,CL0
686,-7.854,-48.246,45.468,-9.765,-31.685,-34.799,16.767,72.330,-45.321,-78.155,88.113,40.148,CL6,CL5,CL3,CL5,CL6,CL6,CL6,CL3,CL0,CL3,CL0,CL2,CL3,CL4,CL0,CL4,CL5,CL0,CL0
687,-95.197,48.246,-61.113,24.923,-31.685,160.383,96.248,143.533,-30.172,-89.891,88.113,122.470,CL5,CL0,CL0,CL0,CL6,CL2,CL5,CL0,CL0,CL0,CL0,CL0,CL0,CL0,CL0,CL0,CL0,CL0,CL0
688,109.449,48.246,-243.591,-9.765,-31.685,-92.104,63.779,-97.631,94.156,25.953,-137.983,-207.848,CL4,CL1,CL0,CL2,CL5,CL5,CL4,CL1,CL0,CL0,CL0,CL0,CL0,CL1,CL0,CL0,CL3,CL0,CL0
689,49.788,-48.246,-61.113,-57.009,-31.685,102.119,111.406,-31.776,-121.213,58.489,88.113,122.470,CL2,CL2,CL1,CL3,CL6,CL6,CL6,CL1,CL0,CL1,CL0,CL0,CL0,CL0,CL0,CL0,CL3,CL0,CL0
690,182.213,48.246,116.365,96.082,-31.685,82.562,-69.509,-45.174,-1.729,-14.277,186.203,40.148,CL6,CL1,CL0,CL1,CL6,CL1,CL4,CL0,CL0,CL0,CL0,CL0,CL0,CL1,CL0,CL1,CL1,CL0,CL0
691,182.213,-48.246,-61.113,96.082,-31.685,41.667,-69.509,-142.424,-147.955,-14.277,52.975,-52.593,CL6,CL0,CL0,CL2,CL6,CL0,CL4,CL0,CL0,CL0,CL1,CL0,CL0,CL0,CL1,CL0,CL6,CL0,CL0
692,-7.854,48.246,45.468,96.082,-31.685,-14.882,-15.487,-97.631,13.136,41.594,-71.126,-52.593,CL4,CL0,CL0,CL0,CL5,CL0,CL5,CL0,CL0,CL0,CL0,CL0,CL0,CL0,CL0,CL0,CL2,CL0,CL0
693,109.449,48.246,116.365,96.082,-31.685,22.393,-69.509,-31.776,-30.172,-52.745,-71.126,-84.637,CL6,CL0,CL0,CL0,CL6,CL1,CL6,CL0,CL0,CL0,CL0,CL0,CL0,CL0,CL0,CL0,CL1,CL0,CL0
694,49.788,-48.246,116.365,96.082,-31.685,-119.430,-30.033,14.143,43.852,58.489,-137.983,-84.637,CL6,CL1,CL0,CL0,CL6,CL2,CL6,CL1,CL0,CL1,CL0,CL0,CL0,CL0,CL0,CL0,CL2,CL0,CL0
695,49.788,-48.246,-5.921,96.082,-31.685,-92.104,-57.545,-45.174,-60.633,-27.607,19.268,-21.575,CL5,CL1,CL1,CL0,CL6,CL6,CL5,CL2,CL0,CL2,CL0,CL2,CL2,CL1,CL0,CL1,CL2,CL0,CL1
696,49.788,48.246,116.365,96.082,-31.685,-14.882,-43.999,-1.928,128.610,181.175,-71.126,-118.084,CL6,CL0,CL0,CL0,CL5,CL0,CL5,CL0,CL0,CL0,CL0,CL0,CL0,CL0,CL0,CL0,CL1,CL0,CL0
697,182.213,-48.246,45.468,96.082,-31.685,-79.151,32.197,44.585,-147.955,146.191,-21.712,7.987,CL5,CL1,CL1,CL0,CL6,CL6,CL5,CL1,CL0,CL0,CL0,CL0,CL0,CL1,CL0,CL1,CL1,CL0,CL0
698,109.449,48.246,45.468,24.923,11.440,-169.163,-30.033,106.238,161.108,-665,-71.126,7.987,CL4,CL0,CL0,CL0,CL6,CL6,CL6,CL0,CL0,CL0,CL0,CL0,CL0,CL1,CL0,CL1,CL6,CL0,CL0
699,49.788,-48.246,45.468,-57.009,-31.685,-5.188,-94.779,88.309,-1.729,-65.253,-21.712,-52.593,CL6,CL5,CL0,CL3,CL6,CL5,CL6,CL2,CL0,CL2,CL1,CL0,CL0,CL3,CL0,CL2,CL5,CL0,CL0
700,182.213,-48.246,-61.113,96.082,-31.685,-14.882,-109.207,-71.727,28.783,-101.450,-21.712,40.148,CL6,CL2,CL2,CL0,CL6,CL6,CL4,CL2,CL0,CL2,CL0,CL0,CL2,CL2,CL0,CL2,CL6,CL0,CL2
701,49.788,48.246,-61.113,-28.519,-31.685,91.093,16.767,44.585,-91.699,12.331,129.221,122.470,CL5,CL2,CL0,CL2,CL6,CL6,CL6,CL2,CL1,CL3,CL1,CL0,CL3,CL2,CL0,CL2,CL6,CL0,CL1
702,109.449,-48.246,-243.591,96.082,-31.685,-105.308,111.406,44.585,76.096,113.407,-71.126,40.148,CL1,CL1,CL1,CL2,CL6,CL6,CL5,CL0,CL0,CL0,CL0,CL0,CL0,CL0,CL2,CL2,CL6,CL0,CL0
703,49.788,48.246,45.468,96.082,-31.685,-34.799,63.779,58.331,-30.172,-665,88.113,76.540,CL3,CL1,CL2,CL2,CL4,CL3,CL6,CL0,CL0,CL3,CL0,CL2,CL3,CL2,CL0,CL3,CL2,CL0,CL0
704,182.213,-48.246,45.468,96.082,-31.685,-143.907,80.523,-17.779,-91.699,-14.277,-71.126,7.987,CL6,CL0,CL0,CL0,CL6,CL1,CL5,CL0,CL0,CL0,CL0,CL0,CL0,CL0,CL0,CL0,CL1,CL0,CL0
705,49.788,-48.246,-61.113,-57.009,-31.685,-79.151,-30.033,-58.331,-60.633,25.953,-71.126,-52.593,CL6,CL1,CL1,CL1,CL1,CL6,CL1,CL1,CL1,CL1,CL1,CL1,CL3,CL1,CL1,CL1,CL1,CL0,CL1
706,-95.197,-48.246,-61.113,96.082,-31.685,-143.907,32.197,106.238,203.972,12.331,-71.126,-21.575,CL3,CL2,CL2,CL2,CL4,CL6,CL5,CL0,CL0,CL0,CL0,CL0,CL2,CL0,CL0,CL0,CL6,CL0,CL0
707,-95.197,48.246,45.468,96.082,-31.685,-14.882,-94.779,-142.424,-45.321,25.953,52.975,-84.637,CL4,CL0,CL0,CL0,CL4,CL2,CL5,CL0,CL0,CL0,CL0,CL0,CL0,CL0,CL0,CL0,CL2,CL0,CL0
708,-7.854,-48.246,45.468,96.082,-31.685,-5.188,193.886,29.338,-15.487,-52.745,52.975,40.148,CL5,CL2,CL2,CL0,CL6,CL5,CL5,CL3,CL0,CL5,CL0,CL3,CL3,CL0,CL0,CL0,CL5,CL0,CL0
709,-95.197,-48.246,-61.113,96.082,-31.685,41.667,-57.545,-45.174,76.096,113.407,-137.983,-52.593,CL5,CL0,CL3,CL0,CL6,CL3,CL6,CL0,CL0,CL4,CL0,CL3,CL3,CL0,CL0,CL0,CL2,CL0,CL0
710,-95.197,-48.246,-5.921,96.082,-31.685,-92.104,-30.033,-71.727,59.042,41.594,-71.126,-154.858,CL3,CL0,CL0,CL0,CL6,CL4,CL5,CL0,CL0,CL0,CL0,CL0,CL0,CL0,CL0,CL0,CL6,CL0,CL0
711,-95.197,-48.246,45.468,96.082,-31.685,91.093,16.767,58.331,-60.633,-125.773,19.268,122.470,CL5,CL2,CL3,CL2,CL3,CL6,CL6,CL2,CL0,CL2,CL0,CL3,CL3,CL3,CL0,CL2,CL5,CL0,CL0
712,-95.197,-48.246,-61.113,-57.009,-31.685,-58.016,-15.487,-84.732,111.406,41.594,-137.983,-84.637,CL3,CL0,CL0,CL6,CL3,CL6,CL4,CL0,CL0,CL0,CL0,CL0,CL3,CL0,CL0,CL3,CL3,CL0,CL0
713,-7.854,48.246,116.365,96.082,-31.685,52.135,32.197,72.330,13.136,113.407,-21.712,-52.593,CL4,CL3,CL0,CL2,CL5,CL3,CL5,CL2,CL0,CL3,CL0,CL0,CL3,CL3,CL0,CL0,CL0,CL0,CL0
714,-95.197,-48.246,45.468,-57.009,-31.685,52.135,80.523,88.309,181.866,-665,88.113,76.540,CL6,CL5,CL2,CL0,CL6,CL6,CL4,CL0,CL0,CL3,CL0,CL0,CL3,CL4,CL0,CL3,CL5,CL0,CL0
715,-95.197,-48.246,-5.921,96.082,-31.685,73.545,111.406,44.585,-107.533,-27.607,88.113,192.173,CL5,CL0,CL0,CL0,CL6,CL5,CL6,CL0,CL0,CL0,CL0,CL0,CL0,CL0,CL0,CL0,CL5,CL0,CL0
716,-95.197,48.246,-61.113,-57.009,-31.685,62.967,47.617,106.238,181.866,25.953,-21.712,40.148,CL5,CL3,CL0,CL6,CL6,CL6,CL4,CL3,CL3,CL2,CL2,CL0,CL2,CL3,CL3,CL3,CL6,CL0,CL2
717,-95.197,-48.246,-61.113,96.082,-31.685,-5.188,-150.796,-127.553,-60.633,-178.169,129.221,-84.637,CL3,CL0,CL0,CL3,CL6,CL6,CL6,CL0,CL0,CL0,CL0,CL0,CL0,CL0,CL0,CL0,CL6,CL0,CL0
718,49.788,-48.246,45.468,-57.009,-31.685,-79.151,-80.615,-31.776,13.136,25.953,-71.126,-84.637,CL5,CL1,CL0,CL4,CL4,CL6,CL5,CL2,CL0,CL0,CL0,CL2,CL2,CL2,CL0,CL3,CL6,CL0,CL1
719,-95.197,-48.246,-173.790,-28.519,-31.685,-5.188,-123.177,-71.727,-60.633,-27.607,186.203,122.470,CL5,CL2,CL0,CL0,CL5,CL6,CL4,CL0,CL0,CL0,CL0,CL0,CL0,CL0,CL0,CL0,CL6,CL0,CL0
720,182.213,-48.246,45.468,96.082,-31.685,-34.799,-94.779,-71.727,-45.321,-40.581,52.975,40.148,CL5,CL1,CL2,CL0,CL6,CL2,CL5,CL2,CL0,CL2,CL0,CL1,CL0,CL1,CL0,CL1,CL1,CL0,CL0
721,49.788,-48.246,-61.113,96.082,-31.685,123.461,80.523,88.309,-15.487,113.407,88.113,76.540,CL6,CL4,CL3,CL5,CL6,CL6,CL6,CL2,CL0,CL3,CL2,CL2,CL3,CL2,CL0,CL3,CL6,CL0,CL1
722,49.788,48.246,-5.921,96.082,-31.685,160.383,-69.509,29.338,76.096,12.331,-71.126,-84.637,CL4,CL2,CL1,CL0,CL6,CL6,CL6,CL2,CL0,CL0,CL0,CL0,CL0,CL1,CL0,CL1,CL1,CL0,CL1
723,182.213,-48.246,-5.921,96.082,-31.685,-5.188,-30.033,-1.928,-60.633,-40.581,-137.983,-118.084,CL1,CL1,CL0,CL1,CL6,CL6,CL5,CL1,CL0,CL0,CL1,CL0,CL0,CL1,CL0,CL1,CL1,CL0,CL1
724,-7.854,48.246,45.468,96.082,-31.685,-92.104,145.421,29.338,94.156,58.489,19.268,-52.593,CL5,CL0,CL0,CL0,CL5,CL2,CL6,CL0,CL0,CL0,CL0,CL0,CL0,CL0,CL0,CL0,CL0,CL0,CL0
725,49.788,48.246,-61.113,96.082,-31.685,113.281,-57.545,72.330,76.096,-40.581,19.268,-21.575,CL4,CL3,CL0,CL1,CL6,CL6,CL6,CL4,CL0,CL4,CL0,CL0,CL0,CL1,CL0,CL1,CL6,CL0,CL0
726,-7.854,48.246,116.365,96.082,-31.685,31.287,63.779,72.330,161.108,25.953,-21.712,192.173,CL5,CL2,CL3,CL3,CL6,CL5,CL6,CL4,CL0,CL5,CL0,CL4,CL3,CL4,CL0,CL3,CL3,CL0,CL0
727,-95.197,-48.246,-5.921,96.082,-31.685,228.554,-94.779,72.330,-121.213,-52.745,-71.126,-52.593,CL6,CL0,CL3,CL0,CL6,CL4,CL5,CL0,CL0,CL0,CL0,CL0,CL0,CL0,CL0,CL0,CL4,CL0,CL0
728,-7.854,48.246,116.365,96.082,-22.166,31.287,63.779,-58.331,13.136,-14.277,19.268,-21.575,CL5,CL0,CL0,CL0,CL5,CL0,CL6,CL0,CL0,CL0,CL0,CL0,CL0,CL0,CL0,CL0,CL3,CL0,CL0
729,-95.197,-48.246,-61.113,24.923,-31.685,-143.907,16.767,72.330,-30.172,-151.840,19.268,7.987,CL4,CL0,CL0,CL0,CL3,CL3,CL5,CL0,CL0,CL3,CL0,CL0,CL0,CL4,CL0,CL4,CL0,CL0,CL0
730,-7.854,48.246,-173.790,-9.765,-31.685,-58.016,32.197,14.143,-60.633,12.331,129.221,76.540,CL6,CL2,CL2,CL2,CL6,CL6,CL5,CL2,CL2,CL2,CL2,CL2,CL0,CL4,CL2,CL6,CL6,CL2,CL2
731,49.788,48.246,45.468,96.082,-31.685,73.545,332,-97.631,-1.729,-665,-21.712,-118.084,CL5,CL1,CL1,CL0,CL6,CL1,CL6,CL0,CL0,CL1,CL0,CL0,CL0,CL1,CL0,CL1,CL2,CL0,CL1
732,-95.197,-48.246,-61.113,96.082,-31.685,-79.151,128.610,-31.776,-15.487,-52.745,19.268,40.148,CL4,CL4,CL2,CL0,CL4,CL5,CL4,CL0,CL0,CL3,CL0,CL0,CL5,CL0,CL0,CL3,CL0,CL0,CL0
733,-95.197,48.246,45.468,96.082,-31.685,123.461,63.779,72.330,-15.487,-665,-71.126,-21.575,CL6,CL0,CL2,CL0,CL6,CL5,CL5,CL3,CL0,CL3,CL0,CL0,CL3,CL0,CL0,CL0,CL5,CL0,CL0
734,49.788,-48.246,-173.790,96.082,12.600,62.967,16.767,29.338,-30.172,-27.607,-21.712,-52.593,CL5,CL2,CL2,CL3,CL6,CL6,CL5,CL0,CL0,CL0,CL0,CL0,CL2,CL1,CL0,CL1,CL6,CL0,CL0
735,-95.197,-48.246,-61.113,96.082,-31.685,73.545,111.406,143.533,-147.955,-178.169,88.113,76.540,CL6,CL3,CL3,CL3,CL5,CL6,CL5,CL3,CL0,CL3,CL0,CL3,CL3,CL0,CL0,CL3,CL6,CL0,CL0
736,-7.854,48.246,45.468,96.082,-31.685,22.393,212.700,244.904,161.108,-65.253,129.221,122.470,CL4,CL3,CL2,CL3,CL6,CL5,CL5,CL4,CL0,CL5,CL2,CL3,CL3,CL4,CL3,CL3,CL6,CL0,CL2
737,-7.854,-48.246,45.468,96.082,-31.685,-46.725,-176.250,-285.950,-147.955,-113.788,-137.983,7.987,CL6,CL2,CL5,CL0,CL6,CL3,CL6,CL4,CL0,CL4,CL0,CL5,CL0,CL1,CL0,CL0,CL5,CL0,CL0
738,-7.854,-48.246,45.468,96.082,-31.685,-105.308,174.091,-1.928,13.136,233.337,52.975,122.470,CL5,CL2,CL0,CL0,CL6,CL2,CL5,CL2,CL0,CL2,CL0,CL2,CL2,CL2,CL0,CL0,CL2,CL0,CL0
739,-95.197,48.246,-122.751,-28.519,-31.685,123.461,16.767,143.533,128.610,58.489,-71.126,40.148,CL4,CL0,CL0,CL3,CL6,CL6,CL6,CL0,CL0,CL6,CL0,CL3,CL4,CL5,CL3,CL5,CL3,CL0,CL0
740,-7.854,-48.246,116.365,-28.519,-31.685,-5.188,-137.639,44.585,-45.321,-52.745,19.268,76.540,CL6,CL2,CL0,CL0,CL6,CL6,CL4,CL3,CL0,CL4,CL0,CL0,CL3,CL4,CL0,CL4,CL6,CL0,CL2
741,49.788,-48.246,-61.113,96.082,-31.685,-132.828,16.767,58.331,128.610,-65.253,88.113,7.987,CL5,CL3,CL2,CL3,CL6,CL6,CL5,CL3,CL0,CL4,CL0,CL4,CL4,CL5,CL0,CL4,CL6,CL0,CL0
743,109.449,48.246,116.365,96.082,-31.685,82.562,-30.033,29.338,76.096,163.088,52.975,40.148,CL6,CL1,CL0,CL1,CL6,CL1,CL6,CL0,CL0,CL0,CL0,CL0,CL0,CL1,CL0,CL1,CL1,CL0,CL1
744,49.788,48.246,45.468,96.082,-31.685,62.967,16.767,-71.727,-91.699,-89.891,-137.983,-118.084,CL5,CL0,CL1,CL2,CL5,CL1,CL4,CL0,CL0,CL2,CL0,CL0,CL2,CL1,CL0,CL0,CL3,CL0,CL1
745,-7.854,-48.246,-173.790,96.082,-31.685,-34.799,332,-58.331,-91.699,75.830,52.975,40.148,CL1,CL0,CL0,CL0,CL0,CL6,CL6,CL0,CL0,CL0,CL0,CL0,CL2,CL0,CL6,CL0,CL0,CL0,CL0
746,109.449,-48.246,-61.113,96.082,-31.685,-92.104,16.767,-1.928,59.042,-151.840,129.221,-21.575,CL5,CL0,CL0,CL0,CL6,CL0,CL6,CL0,CL0,CL0,CL0,CL0,CL0,CL0,CL0,CL0,CL1,CL0,CL0
747,-7.854,48.246,-173.790,96.082,-31.685,73.545,32.197,-111.902,43.852,-40.581,-71.126,-21.575,CL6,CL0,CL0,CL0,CL6,CL0,CL6,CL0,CL0,CL0,CL0,CL0,CL0,CL0,CL0,CL0,CL0,CL0,CL0
748,-7.854,48.246,116.365,96.082,-31.685,-5.188,47.617,44.585,28.783,41.594,-71.126,-21.575,CL4,CL0,CL2,CL2,CL6,CL6,CL6,CL2,CL0,CL3,CL0,CL2,CL3,CL0,CL0,CL0,CL5,CL0,CL0
749,49.788,48.246,-173.790,96.082,-31.685,41.667,-57.545,-142.424,-1.729,-178.169,19.268,-21.575,CL2,CL6,CL2,CL3,CL6,CL6,CL6,CL2,CL2,CL2,CL0,CL2,CL0,CL2,CL0,CL2,CL0,CL0,CL0
750,49.788,48.246,198.437,96.082,-31.685,-169.163,96.248,-97.631,161.108,204.506,-21.712,-52.593,CL5,CL0,CL0,CL0,CL6,CL0,CL6,CL0,CL0,CL0,CL0,CL0,CL0,CL0,CL0,CL0,CL0,CL0,CL0
751,49.788,-48.246,116.365,96.082,-31.685,-14.882,332,-1.928,111.406,-14.277,-21.712,40.148,CL5,CL0,CL1,CL1,CL6,CL2,CL5,CL2,CL0,CL0,CL0,CL0,CL0,CL0,CL0,CL0,CL2,CL0,CL1
752,-7.854,48.246,-5.921,96.082,-31.685,-234.360,145.421,-182.919,111.406,130.612,-21.712,-84.637,CL6,CL2,CL0,CL0,CL6,CL3,CL6,CL3,CL0,CL2,CL0,CL0,CL0,CL0,CL0,CL0,CL6,CL0,CL1
753,-7.854,-48.246,-61.113,-28.519,-31.685,160.383,-30.033,106.238,145.039,-178.169,186.203,7.987,CL6,CL3,CL0,CL5,CL3,CL5,CL4,CL3,CL0,CL4,CL0,CL0,CL4,CL0,CL0,CL3,CL6,CL0,CL0
754,-7.854,48.246,116.365,96.082,-31.685,41.667,111.406,-58.331,128.610,41.594,19.268,40.148,CL5,CL2,CL2,CL0,CL6,CL2,CL5,CL2,CL0,CL2,CL0,CL0,CL2,CL0,CL0,CL2,CL2,CL0,CL0
755,-7.854,-48.246,198.437,96.082,-31.685,-92.104,47.617,143.533,111.406,-52.745,19.268,7.987,CL4,CL1,CL1,CL2,CL6,CL5,CL5,CL2,CL0,CL1,CL0,CL0,CL3,CL3,CL0,CL2,CL4,CL0,CL0
756,-95.197,-48.246,-61.113,-57.009,-31.685,-143.907,158.487,165.653,76.096,263.199,-71.126,-118.084,CL5,CL4,CL3,CL3,CL6,CL2,CL5,CL3,CL0,CL3,CL3,CL4,CL4,CL4,CL3,CL4,CL6,CL0,CL0
757,-95.197,48.246,116.365,96.082,12.600,62.967,32.197,-58.331,13.136,75.830,-21.712,-21.575,CL5,CL0,CL2,CL0,CL5,CL2,CL5,CL0,CL0,CL0,CL0,CL0,CL2,CL0,CL0,CL0,CL0,CL0,CL0
758,-95.197,48.246,-61.113,21.128,-31.685,228.554,-43.999,-17.779,76.096,-218.109,129.221,40.148,CL6,CL6,CL0,CL0,CL5,CL6,CL5,CL0,CL0,CL6,CL0,CL0,CL0,CL0,CL0,CL0,CL6,CL0,CL0
759,-95.197,-48.246,-61.113,-57.009,-31.685,41.667,63.779,-1.928,-15.487,-27.607,52.975,122.470,CL3,CL3,CL0,CL5,CL6,CL6,CL5,CL3,CL3,CL3,CL0,CL0,CL4,CL0,CL3,CL3,CL6,CL0,CL0
760,-95.197,-48.246,198.437,96.082,-31.685,-275.696,174.091,58.331,111.406,25.953,-71.126,40.148,CL6,CL0,CL2,CL2,CL6,CL3,CL3,CL2,CL2,CL3,CL0,CL3,CL4,CL3,CL6,CL0,CL6,CL0,CL0
761,-7.854,-48.246,45.468,24.923,-31.685,4.257,-94.779,-84.732,-45.321,-65.253,19.268,122.470,CL6,CL2,CL2,CL2,CL6,CL3,CL6,CL3,CL0,CL3,CL3,CL2,CL5,CL0,CL3,CL3,CL5,CL0,CL3
762,-95.197,-48.246,-61.113,-57.009,-31.685,172.012,32.197,-111.902,-45.321,-242.317,290.161,-21.575,CL6,CL0,CL0,CL0,CL6,CL6,CL6,CL0,CL0,CL0,CL0,CL0,CL0,CL0,CL0,CL0,CL0,CL0,CL0
763,-7.854,48.246,45.468,-9.765,-31.685,-132.828,80.523,143.533,111.406,12.331,-21.712,40.148,CL6,CL6,CL2,CL4,CL5,CL6,CL5,CL2,CL0,CL6,CL0,CL2,CL6,CL3,CL0,CL2,CL3,CL0,CL0
764,-95.197,48.246,45.468,96.082,-31.685,113.281,80.523,58.331,94.156,-151.840,88.113,-84.637,CL5,CL0,CL0,CL2,CL5,CL3,CL0,CL3,CL3,CL2,CL0,CL0,CL0,CL0,CL0,CL3,CL5,CL0,CL2
765,-95.197,-48.246,-173.790,96.082,-31.685,41.667,-94.779,106.238,59.042,-101.450,52.975,76.540,CL5,CL0,CL2,CL0,CL4,CL5,CL3,CL2,CL0,CL3,CL0,CL2,CL2,CL3,CL0,CL3,CL4,CL0,CL0
766,-95.197,-48.246,-61.113,-57.009,-31.685,62.967,16.767,215.324,76.096,-665,19.268,122.470,CL4,CL2,CL3,CL2,CL6,CL6,CL5,CL2,CL0,CL3,CL0,CL0,CL3,CL5,CL2,CL4,CL6,CL0,CL0
767,-95.197,-48.246,-61.113,-57.009,-31.685,102.119,-80.615,29.338,223.427,-65.253,52.975,7.987,CL6,CL3,CL0,CL6,CL6,CL1,CL5,CL3,CL3,CL3,CL2,CL0,CL2,CL4,CL6,CL2,CL6,CL0,CL3
768,-7.854,-48.246,116.365,-46.841,-31.685,82.562,-69.509,14.143,-76.096,-27.607,-71.126,7.987,CL6,CL2,CL3,CL6,CL6,CL6,CL6,CL3,CL0,CL2,CL2,CL3,CL4,CL2,CL3,CL3,CL6,CL0,CL3
769,-95.197,48.246,-5.921,-57.009,11.440,-34.799,63.779,14.143,-30.172,75.830,129.221,-52.593,CL4,CL6,CL0,CL6,CL6,CL6,CL6,CL3,CL0,CL0,CL0,CL0,CL0,CL0,CL0,CL3,CL6,CL0,CL0
770,-7.854,-48.246,45.468,-9.765,-31.685,102.119,16.767,58.331,43.852,75.830,-137.983,76.540,CL6,CL2,CL2,CL3,CL6,CL2,CL6,CL0,CL0,CL1,CL0,CL0,CL0,CL1,CL0,CL1,CL2,CL0,CL1
771,-95.197,-48.246,-61.113,-57.009,-31.685,62.967,-163.340,-127.553,-1.729,-89.891,186.203,122.470,CL3,CL3,CL0,CL0,CL3,CL3,CL6,CL0,CL0,CL3,CL0,CL5,CL5,CL3,CL0,CL0,CL5,CL0,CL0
772,-95.197,48.246,116.365,96.082,-50.212,52.135,-137.639,-182.919,94.156,25.953,52.975,-84.637,CL0,CL0,CL0,CL0,CL6,CL0,CL6,CL0,CL0,CL0,CL0,CL0,CL0,CL0,CL0,CL0,CL4,CL0,CL0
773,109.449,-48.246,45.468,96.082,-31.685,123.461,-137.639,-45.174,-60.633,-178.169,19.268,40.148,CL6,CL5,CL3,CL3,CL6,CL6,CL5,CL3,CL0,CL3,CL1,CL6,CL6,CL2,CL1,CL5,CL1,CL0,CL2
774,109.449,48.246,-5.921,24.923,-31.685,102.119,-123.177,-31.776,-30.172,-52.745,-21.712,-21.575,CL1,CL1,CL0,CL6,CL4,CL6,CL3,CL1,CL1,CL0,CL1,CL0,CL0,CL1,CL6,CL1,CL6,CL0,CL1
775,-95.197,-48.246,-122.751,-28.519,-31.685,-119.430,-43.999,58.331,28.783,-665,-71.126,-21.575,CL4,CL2,CL0,CL2,CL6,CL4,CL5,CL0,CL0,CL4,CL2,CL2,CL2,CL5,CL2,CL2,CL6,CL0,CL0
776,-95.197,48.246,-61.113,-28.519,-31.685,-169.163,47.617,88.309,-30.172,-178.169,19.268,40.148,CL4,CL0,CL0,CL0,CL6,CL6,CL5,CL0,CL0,CL0,CL0,CL5,CL0,CL4,CL0,CL2,CL6,CL0,CL0
777,-7.854,-48.246,-61.113,-57.009,-31.685,13.606,-43.999,-84.732,-30.172,-665,-71.126,-154.858,CL3,CL6,CL0,CL6,CL6,CL5,CL5,CL2,CL2,CL2,CL3,CL0,CL0,CL2,CL6,CL2,CL6,CL0,CL0
778,-95.197,-48.246,-61.113,-57.009,12.600,52.135,63.779,72.330,-60.633,-52.745,19.268,7.987,CL6,CL4,CL0,CL6,CL6,CL6,CL0,CL3,CL3,CL2,CL0,CL0,CL2,CL0,CL0,CL2,CL2,CL0,CL0
779,-95.197,-48.246,-61.113,24.923,-31.685,198.437,332,215.324,-45.321,-65.253,88.113,76.540,CL4,CL6,CL0,CL5,CL5,CL6,CL6,CL3,CL0,CL3,CL0,CL5,CL3,CL5,CL0,CL5,CL4,CL0,CL0
780,109.449,-48.246,-122.751,96.082,-31.685,-221.844,111.406,-31.776,59.042,-40.581,19.268,-52.593,CL5,CL3,CL1,CL0,CL6,CL6,CL5,CL2,CL0,CL4,CL1,CL2,CL6,CL3,CL0,CL5,CL1,CL0,CL1
781,-95.197,48.246,-5.921,-57.009,-31.685,102.119,-211.437,-17.779,43.852,-665,-137.983,-84.637,CL4,CL3,CL0,CL0,CL3,CL3,CL3,CL3,CL0,CL2,CL2,CL0,CL3,CL2,CL3,CL2,CL3,CL0,CL0
782,49.788,-48.246,-5.921,-57.009,-31.685,102.119,-94.779,-84.732,-134.289,-78.155,19.268,76.540,CL6,CL0,CL0,CL5,CL6,CL5,CL5,CL1,CL0,CL0,CL0,CL0,CL0,CL0,CL0,CL0,CL6,CL0,CL0
783,-95.197,-48.246,-61.113,-57.009,11.440,113.281,-123.177,29.338,-1.729,-113.788,186.203,192.173,CL3,CL3,CL0,CL2,CL6,CL4,CL3,CL4,CL2,CL3,CL2,CL2,CL3,CL3,CL3,CL0,CL4,CL0,CL3
784,-95.197,48.246,-61.113,-57.009,-31.685,82.562,-43.999,88.309,43.852,-52.745,52.975,122.470,CL6,CL3,CL0,CL3,CL3,CL6,CL5,CL0,CL0,CL3,CL0,CL0,CL3,CL3,CL0,CL2,CL3,CL0,CL0
785,-95.197,48.246,-61.113,-57.009,-31.685,-24.649,47.617,88.309,-1.729,113.407,-21.712,122.470,CL6,CL5,CL0,CL4,CL5,CL3,CL5,CL3,CL0,CL3,CL0,CL0,CL0,CL3,CL0,CL0,CL2,CL0,CL0
786,-95.197,-48.246,116.365,-57.009,-31.685,137.297,-80.615,88.309,-1.729,25.953,-21.712,76.540,CL4,CL2,CL0,CL3,CL5,CL5,CL5,CL0,CL0,CL3,CL0,CL0,CL3,CL3,CL0,CL2,CL3,CL0,CL0
787,-95.197,-48.246,-5.921,-28.519,-31.685,-58.016,332,14.143,-30.172,-164.101,88.113,76.540,CL3,CL3,CL2,CL3,CL4,CL6,CL5,CL3,CL0,CL3,CL0,CL3,CL4,CL3,CL0,CL3,CL6,CL0,CL2
788,49.788,-48.246,-5.921,-28.519,-31.685,82.562,-57.545,14.143,-76.096,12.331,129.221,7.987,CL6,CL1,CL2,CL1,CL6,CL2,CL3,CL2,CL2,CL2,CL1,CL0,CL2,CL1,CL0,CL2,CL6,CL0,CL1
789,-95.197,-48.246,-5.921,96.082,-31.685,-169.163,128.610,-58.331,-60.633,-113.788,186.203,76.540,CL5,CL0,CL2,CL0,CL5,CL0,CL6,CL5,CL0,CL5,CL0,CL0,CL5,CL0,CL0,CL0,CL0,CL0,CL0
790,-95.197,-48.246,-61.113,96.082,-31.685,-205.048,16.767,72.330,13.136,75.830,19.268,122.470,CL3,CL0,CL0,CL0,CL6,CL5,CL5,CL0,CL0,CL0,CL0,CL0,CL3,CL0,CL0,CL0,CL0,CL0,CL0
791,-95.197,-48.246,45.468,-9.765,-31.685,-14.882,-43.999,88.309,-60.633,-78.155,129.221,76.540,CL5,CL3,CL5,CL3,CL6,CL5,CL6,CL0,CL0,CL3,CL0,CL2,CL3,CL3,CL0,CL3,CL5,CL0,CL5
792,-95.197,-48.246,-61.113,-57.009,-31.685,62.967,-15.487,58.331,-162.090,-14.277,129.221,192.173,CL5,CL3,CL4,CL3,CL6,CL3,CL5,CL0,CL0,CL0,CL0,CL5,CL5,CL0,CL4,CL0,CL4,CL0,CL2
793,-95.197,-48.246,-61.113,-28.519,-31.685,82.562,63.779,29.338,-107.533,-138.502,-71.126,-21.575,CL5,CL5,CL3,CL3,CL6,CL5,CL6,CL3,CL2,CL3,CL3,CL4,CL5,CL5,CL3,CL3,CL3,CL0,CL3
794,-7.854,-48.246,-61.113,96.082,-31.685,4.257,212.700,-31.776,-60.633,-665,129.221,7.987,CL5,CL2,CL3,CL0,CL6,CL0,CL6,CL4,CL0,CL5,CL0,CL3,CL5,CL2,CL0,CL0,CL0,CL0,CL1
795,-7.854,-48.246,45.468,96.082,-31.685,-5.188,-57.545,124.033,128.610,-52.745,19.268,76.540,CL6,CL1,CL2,CL0,CL6,CL6,CL5,CL0,CL0,CL2,CL0,CL2,CL2,CL3,CL0,CL3,CL6,CL0,CL0
796,-95.197,-48.246,-61.113,-57.009,-31.685,113.281,-57.545,-31.776,-60.633,113.407,-71.126,-21.575,CL3,CL3,CL0,CL0,CL6,CL6,CL4,CL5,CL0,CL5,CL0,CL0,CL3,CL5,CL0,CL4,CL2,CL0,CL0
797,-95.197,-48.246,-61.113,-57.009,-31.685,41.667,-94.779,-31.776,43.852,-14.277,-21.712,76.540,CL3,CL6,CL0,CL5,CL5,CL6,CL4,CL4,CL3,CL4,CL5,CL3,CL5,CL4,CL3,CL5,CL6,CL0,CL0
798,-95.197,48.246,45.468,96.082,-31.685,-58.016,80.523,44.585,59.042,130.612,-71.126,76.540,CL5,CL3,CL2,CL0,CL4,CL5,CL6,CL2,CL0,CL3,CL0,CL0,CL2,CL0,CL0,CL0,CL5,CL0,CL2
799,-7.854,48.246,-61.113,-57.009,-31.685,13.606,111.406,72.330,-30.172,75.830,-21.712,122.470,CL6,CL3,CL0,CL3,CL6,CL4,CL6,CL4,CL0,CL0,CL0,CL0,CL0,CL0,CL5,CL0,CL6,CL0,CL0
800,49.788,48.246,-61.113,96.082,-31.685,123.461,63.779,143.533,43.852,-65.253,186.203,-52.593,CL5,CL2,CL1,CL1,CL6,CL6,CL5,CL3,CL1,CL5,CL1,CL1,CL3,CL1,CL1,CL1,CL5,CL0,CL0
801,-95.197,-48.246,-61.113,24.923,-31.685,-119.430,16.767,-1.928,43.852,204.506,-21.712,-21.575,CL4,CL3,CL0,CL3,CL6,CL4,CL6,CL3,CL0,CL4,CL0,CL0,CL6,CL3,CL3,CL3,CL3,CL0,CL0
802,-7.854,-48.246,-61.113,-57.009,-31.685,52.135,-43.999,-17.779,59.042,-101.450,52.975,40.148,CL3,CL5,CL2,CL2,CL6,CL6,CL5,CL2,CL0,CL2,CL0,CL2,CL3,CL2,CL2,CL2,CL2,CL0,CL1
803,-95.197,-48.246,-122.751,21.128,-31.685,-46.725,32.197,14.143,-76.096,-65.253,88.113,122.470,CL5,CL4,CL0,CL3,CL6,CL5,CL6,CL0,CL0,CL3,CL0,CL0,CL4,CL0,CL0,CL0,CL5,CL0,CL5
804,109.449,48.246,45.468,-57.009,-31.685,13.606,-94.779,-97.631,76.096,-27.607,-137.983,122.470,CL6,CL6,CL1,CL0,CL6,CL4,CL5,CL3,CL0,CL0,CL3,CL0,CL6,CL2,CL0,CL0,CL6,CL0,CL0
805,-7.854,-48.246,-61.113,-57.009,-31.685,52.135,-109.207,-45.174,94.156,-665,-21.712,7.987,CL5,CL2,CL0,CL3,CL6,CL2,CL4,CL1,CL1,CL1,CL0,CL0,CL2,CL2,CL2,CL2,CL6,CL0,CL1
806,-95.197,48.246,45.468,24.923,-31.685,198.437,-150.796,143.533,-177.200,41.594,52.975,7.987,CL6,CL4,CL3,CL6,CL6,CL2,CL4,CL6,CL4,CL4,CL6,CL5,CL4,CL5,CL0,CL5,CL6,CL0,CL0
807,-7.854,-48.246,-61.113,-57.009,-31.685,-24.649,16.767,-31.776,-45.321,-89.891,129.221,76.540,CL2,CL6,CL0,CL6,CL6,CL3,CL4,CL3,CL2,CL2,CL3,CL3,CL0,CL2,CL3,CL3,CL6,CL0,CL1
808,-95.197,-48.246,-143.719,-9.765,-31.685,-34.799,80.523,72.330,59.042,-89.891,186.203,122.470,CL5,CL0,CL0,CL0,CL6,CL6,CL5,CL0,CL0,CL0,CL0,CL0,CL2,CL3,CL0,CL4,CL3,CL0,CL0
809,-95.197,48.246,-61.113,-57.009,-31.685,102.119,80.523,106.238,-107.533,-52.745,88.113,122.470,CL6,CL0,CL0,CL5,CL6,CL3,CL5,CL3,CL0,CL0,CL0,CL0,CL0,CL0,CL4,CL0,CL6,CL0,CL0
810,-95.197,-48.246,45.468,-57.009,-31.685,41.667,-192.173,-97.631,76.096,-151.840,-137.983,-84.637,CL3,CL3,CL0,CL3,CL6,CL3,CL6,CL3,CL0,CL0,CL3,CL0,CL0,CL0,CL3,CL0,CL6,CL0,CL2
811,-95.197,-48.246,-5.921,96.082,-31.685,-169.163,-80.615,-127.553,181.866,-14.277,-21.712,-84.637,CL5,CL0,CL0,CL0,CL4,CL4,CL4,CL3,CL0,CL3,CL0,CL3,CL3,CL0,CL0,CL0,CL6,CL0,CL0
812,-95.197,-48.246,-122.751,-57.009,-31.685,-169.163,80.523,106.238,-91.699,-40.581,-71.126,7.987,CL3,CL0,CL0,CL0,CL3,CL4,CL4,CL0,CL0,CL5,CL0,CL3,CL3,CL3,CL0,CL4,CL0,CL0,CL3
813,109.449,48.246,45.468,-57.009,-31.685,123.461,174.091,88.309,-192.595,-164.101,88.113,122.470,CL6,CL4,CL1,CL2,CL6,CL3,CL6,CL3,CL2,CL3,CL1,CL0,CL4,CL1,CL3,CL1,CL4,CL0,CL0
814,-95.197,-48.246,-61.113,-57.009,-31.685,113.281,-69.509,-1.928,-134.289,-89.891,129.221,122.470,CL4,CL0,CL0,CL4,CL6,CL5,CL4,CL3,CL0,CL0,CL3,CL5,CL6,CL0,CL0,CL3,CL6,CL0,CL3
815,-7.854,-48.246,45.468,-57.009,-31.685,52.135,-57.545,72.330,-162.090,41.594,-21.712,40.148,CL3,CL2,CL0,CL2,CL6,CL2,CL5,CL2,CL2,CL2,CL5,CL0,CL3,CL2,CL3,CL0,CL6,CL0,CL2
816,-95.197,-48.246,-61.113,96.082,-31.685,-67.825,332,-45.174,-91.699,25.953,52.975,192.173,CL5,CL3,CL4,CL0,CL6,CL6,CL6,CL3,CL0,CL3,CL0,CL0,CL4,CL3,CL0,CL3,CL6,CL0,CL2
817,-95.197,-48.246,-61.113,24.923,-31.685,246.262,32.197,29.338,-91.699,-101.450,186.203,122.470,CL5,CL2,CL0,CL6,CL5,CL5,CL4,CL3,CL5,CL3,CL3,CL3,CL2,CL2,CL3,CL2,CL6,CL0,CL2
818,-95.197,48.246,-61.113,-57.009,-31.685,13.606,-94.779,-1.928,43.852,75.830,-21.712,-52.593,CL3,CL0,CL0,CL0,CL1,CL5,CL5,CL0,CL0,CL3,CL3,CL3,CL4,CL3,CL0,CL4,CL0,CL0,CL0
819,109.449,-48.246,198.437,-9.765,-31.685,62.967,16.767,88.309,246.262,25.953,-71.126,40.148,CL4,CL3,CL2,CL4,CL4,CL5,CL4,CL2,CL1,CL2,CL3,CL1,CL2,CL2,CL1,CL2,CL3,CL0,CL1
820,-7.854,48.246,116.365,96.082,-31.685,160.383,-80.615,-1.928,-30.172,-113.788,19.268,40.148,CL5,CL2,CL3,CL5,CL6,CL6,CL5,CL2,CL0,CL4,CL0,CL4,CL6,CL0,CL0,CL2,CL5,CL0,CL1
821,-95.197,-48.246,-61.113,-9.765,-50.212,-67.825,174.091,72.330,13.136,41.594,88.113,192.173,CL3,CL0,CL0,CL0,CL6,CL4,CL5,CL0,CL0,CL3,CL0,CL0,CL0,CL5,CL0,CL5,CL4,CL3,CL0
822,-95.197,48.246,45.468,-57.009,-31.685,-34.799,32.197,-17.779,-15.487,12.331,88.113,122.470,CL5,CL4,CL0,CL0,CL6,CL2,CL4,CL4,CL0,CL3,CL0,CL3,CL2,CL3,CL0,CL3,CL3,CL0,CL3
823,-95.197,-48.246,-61.113,96.082,-31.685,-5.188,111.406,72.330,-45.321,41.594,-21.712,122.470,CL6,CL0,CL0,CL0,CL5,CL0,CL6,CL0,CL0,CL0,CL0,CL0,CL0,CL0,CL6,CL0,CL0,CL0,CL0
824,-95.197,-48.246,-61.113,-57.009,-31.685,-5.188,16.767,72.330,28.783,-40.581,88.113,122.470,CL4,CL0,CL0,CL0,CL6,CL6,CL4,CL0,CL0,CL4,CL0,CL0,CL3,CL5,CL5,CL3,CL6,CL0,CL0
825,-95.197,-48.246,-61.113,-28.519,190.725,4.257,-30.033,-17.779,-207.848,-204.506,129.221,122.470,CL5,CL0,CL0,CL0,CL6,CL6,CL6,CL0,CL0,CL0,CL0,CL0,CL5,CL5,CL0,CL4,CL6,CL0,CL4
826,-95.197,-48.246,45.468,-9.765,-31.685,62.967,-211.437,-285.950,94.156,-138.502,-71.126,-118.084,CL5,CL6,CL0,CL5,CL6,CL5,CL6,CL0,CL0,CL2,CL0,CL0,CL0,CL0,CL4,CL0,CL6,CL0,CL0
827,-95.197,-48.246,45.468,-57.009,-31.685,52.135,63.779,14.143,-107.533,130.612,-21.712,40.148,CL6,CL2,CL0,CL4,CL6,CL6,CL6,CL6,CL5,CL5,CL6,CL0,CL3,CL5,CL6,CL2,CL2,CL0,CL0
828,-95.197,-48.246,-61.113,-57.009,-31.685,13.606,145.421,124.033,-121.213,-78.155,52.975,76.540,CL3,CL6,CL0,CL4,CL6,CL6,CL5,CL4,CL3,CL6,CL4,CL3,CL6,CL4,CL5,CL4,CL0,CL0,CL0
829,-95.197,-48.246,45.468,-28.519,-31.685,-92.104,47.617,-1.928,-76.096,-40.581,19.268,40.148,CL6,CL2,CL0,CL4,CL6,CL3,CL4,CL0,CL0,CL0,CL0,CL0,CL0,CL0,CL0,CL0,CL4,CL0,CL0
830,-7.854,48.246,198.437,-9.765,-31.685,172.012,47.617,106.238,59.042,12.331,-137.983,76.540,CL5,CL3,CL0,CL0,CL3,CL3,CL6,CL0,CL0,CL5,CL0,CL0,CL0,CL4,CL0,CL0,CL0,CL0,CL0
831,-95.197,-48.246,-61.113,-57.009,-31.685,13.606,63.779,188.511,128.610,-27.607,-137.983,40.148,CL4,CL3,CL0,CL0,CL6,CL4,CL6,CL0,CL0,CL3,CL0,CL0,CL0,CL5,CL0,CL0,CL4,CL0,CL0
832,-95.197,-48.246,-5.921,96.082,-31.685,31.287,-43.999,-71.727,94.156,-14.277,19.268,-21.575,CL6,CL6,CL2,CL0,CL6,CL5,CL5,CL3,CL0,CL3,CL0,CL0,CL2,CL0,CL0,CL0,CL5,CL0,CL0
833,-95.197,-48.246,-61.113,-57.009,-31.685,91.093,-80.615,14.143,59.042,-14.277,-21.712,76.540,CL4,CL0,CL0,CL0,CL6,CL3,CL6,CL0,CL0,CL0,CL0,CL0,CL3,CL0,CL0,CL0,CL5,CL0,CL0
834,-7.854,48.246,116.365,-57.009,-31.685,13.606,-94.779,143.533,13.136,58.489,52.975,192.173,CL6,CL3,CL1,CL5,CL6,CL6,CL5,CL1,CL0,CL5,CL0,CL1,CL5,CL5,CL0,CL3,CL3,CL0,CL0
835,109.449,48.246,198.437,-57.009,-31.685,4.257,16.767,-1.928,-76.096,-78.155,88.113,76.540,CL6,CL6,CL1,CL4,CL4,CL1,CL4,CL1,CL0,CL0,CL0,CL0,CL0,CL1,CL0,CL1,CL1,CL0,CL1
836,-7.854,48.246,116.365,-57.009,-31.685,82.562,-69.509,-1.928,-30.172,58.489,-21.712,-84.637,CL5,CL0,CL0,CL0,CL6,CL0,CL6,CL0,CL0,CL0,CL0,CL0,CL0,CL0,CL0,CL0,CL3,CL0,CL0
837,-95.197,-48.246,45.468,-57.009,-31.685,52.135,-94.779,-45.174,-15.487,-14.277,-21.712,7.987,CL6,CL3,CL0,CL2,CL6,CL6,CL6,CL4,CL0,CL4,CL0,CL2,CL3,CL3,CL2,CL3,CL6,CL0,CL2
838,-95.197,-48.246,45.468,-9.765,-31.685,-169.163,16.767,-1.928,-30.172,-151.840,19.268,7.987,CL4,CL0,CL4,CL0,CL6,CL4,CL4,CL0,CL0,CL4,CL0,CL0,CL4,CL4,CL0,CL4,CL0,CL0,CL0
839,109.449,-48.246,116.365,-57.009,-31.685,-34.799,32.197,14.143,-121.213,25.953,19.268,40.148,CL3,CL6,CL3,CL2,CL6,CL2,CL4,CL2,CL0,CL2,CL0,CL2,CL0,CL0,CL0,CL0,CL5,CL0,CL3
840,-95.197,-48.246,-61.113,-9.765,-31.685,-169.163,174.091,58.331,43.852,93.949,129.221,7.987,CL4,CL0,CL0,CL0,CL4,CL4,CL3,CL0,CL0,CL0,CL0,CL0,CL0,CL6,CL0,CL4,CL0,CL0,CL5
841,-95.197,-48.246,-122.751,96.082,-31.685,73.545,332,215.324,13.136,-151.840,129.221,76.540,CL6,CL0,CL0,CL0,CL6,CL3,CL6,CL0,CL0,CL4,CL0,CL4,CL5,CL3,CL0,CL3,CL6,CL0,CL2
842,-7.854,-48.246,45.468,-57.009,-31.685,22.393,-137.639,58.331,-278.793,-665,88.113,122.470,CL5,CL6,CL2,CL5,CL6,CL5,CL5,CL3,CL2,CL3,CL3,CL2,CL3,CL3,CL6,CL3,CL6,CL0,CL2
843,-95.197,-48.246,-61.113,-57.009,-31.685,-58.016,-15.487,88.309,-45.321,-125.773,186.203,76.540,CL4,CL4,CL0,CL0,CL6,CL6,CL5,CL0,CL0,CL0,CL0,CL0,CL3,CL0,CL0,CL0,CL4,CL0,CL3
844,-95.197,-48.246,-61.113,-57.009,-31.685,-67.825,332,29.338,181.866,130.612,-21.712,-52.593,CL3,CL2,CL0,CL3,CL5,CL6,CL4,CL2,CL0,CL4,CL0,CL0,CL3,CL3,CL0,CL3,CL0,CL0,CL0
845,-7.854,48.246,-61.113,-57.009,-31.685,52.135,-43.999,14.143,-107.533,-27.607,-137.983,7.987,CL6,CL1,CL0,CL4,CL6,CL3,CL4,CL1,CL0,CL0,CL1,CL1,CL0,CL1,CL0,CL0,CL1,CL0,CL0
846,-95.197,48.246,-61.113,-57.009,-31.685,31.287,80.523,106.238,111.406,-52.745,19.268,40.148,CL5,CL0,CL0,CL2,CL4,CL4,CL6,CL0,CL0,CL3,CL0,CL0,CL3,CL0,CL3,CL3,CL4,CL0,CL2
847,49.788,-48.246,-61.113,-57.009,-31.685,91.093,-163.340,-142.424,-15.487,25.953,-137.983,-154.858,CL6,CL0,CL0,CL5,CL6,CL2,CL6,CL0,CL0,CL0,CL0,CL0,CL4,CL0,CL6,CL0,CL0,CL0,CL0
848,-95.197,48.246,-5.921,24.923,-31.685,52.135,-43.999,-155.521,111.406,-65.253,19.268,-52.593,CL2,CL6,CL0,CL0,CL5,CL2,CL6,CL2,CL0,CL3,CL0,CL0,CL0,CL0,CL0,CL2,CL6,CL0,CL0
849,-7.854,-48.246,45.468,-57.009,-31.685,62.967,-43.999,29.338,-192.595,-89.891,52.975,76.540,CL3,CL6,CL2,CL6,CL6,CL3,CL4,CL4,CL2,CL3,CL4,CL4,CL0,CL3,CL2,CL5,CL6,CL0,CL1
850,-95.197,-48.246,-122.751,-57.009,-31.685,52.135,63.779,106.238,-107.533,-40.581,129.221,122.470,CL6,CL6,CL0,CL6,CL6,CL6,CL6,CL3,CL3,CL2,CL0,CL0,CL0,CL3,CL0,CL5,CL3,CL0,CL2
851,182.213,-48.246,116.365,-57.009,-31.685,-169.163,332,124.033,128.610,41.594,19.268,7.987,CL4,CL0,CL0,CL0,CL6,CL6,CL6,CL1,CL0,CL0,CL0,CL0,CL2,CL1,CL0,CL3,CL0,CL0,CL0
852,-95.197,-48.246,116.365,-28.519,-31.685,41.667,-94.779,44.585,-30.172,41.594,19.268,40.148,CL5,CL0,CL2,CL0,CL6,CL5,CL5,CL0,CL0,CL0,CL0,CL0,CL0,CL0,CL0,CL4,CL6,CL0,CL1
853,-95.197,-48.246,-61.113,-57.009,-31.685,-79.151,145.421,143.533,94.156,12.331,52.975,7.987,CL0,CL2,CL0,CL0,CL6,CL6,CL6,CL0,CL0,CL3,CL0,CL0,CL3,CL3,CL3,CL4,CL0,CL0,CL0
854,-7.854,-48.246,45.468,-57.009,-31.685,73.545,16.767,-142.424,-121.213,-125.773,19.268,122.470,CL2,CL2,CL0,CL2,CL6,CL2,CL6,CL2,CL2,CL2,CL2,CL2,CL3,CL2,CL2,CL2,CL3,CL0,CL2
855,-95.197,-48.246,-61.113,-57.009,-31.685,4.257,332,143.533,13.136,-27.607,19.268,7.987,CL5,CL5,CL0,CL6,CL6,CL6,CL5,CL2,CL0,CL2,CL2,CL2,CL3,CL2,CL4,CL2,CL3,CL0,CL0
856,-95.197,48.246,-61.113,-57.009,-31.685,-34.799,16.767,-1.928,-15.487,-101.450,129.221,76.540,CL5,CL0,CL0,CL0,CL6,CL4,CL6,CL0,CL0,CL3,CL0,CL0,CL0,CL3,CL2,CL3,CL4,CL0,CL0
857,-95.197,-48.246,-173.790,24.923,-22.166,52.135,80.523,58.331,-107.533,-113.788,52.975,122.470,CL5,CL4,CL2,CL3,CL5,CL5,CL5,CL5,CL4,CL3,CL5,CL2,CL0,CL2,CL4,CL2,CL6,CL0,CL1
858,-7.854,-48.246,-61.113,96.082,-31.685,-105.308,47.617,188.511,161.108,41.594,-21.712,7.987,CL2,CL3,CL2,CL0,CL2,CL6,CL2,CL2,CL0,CL3,CL0,CL3,CL3,CL3,CL0,CL3,CL6,CL0,CL0
859,-95.197,-48.246,-5.921,-57.009,12.600,52.135,128.610,-17.779,59.042,204.506,88.113,122.470,CL5,CL5,CL0,CL3,CL4,CL5,CL6,CL5,CL0,CL3,CL3,CL3,CL0,CL2,CL6,CL3,CL6,CL0,CL0
860,-7.854,-48.246,-143.719,24.923,-31.685,137.297,-80.615,-45.174,-192.595,-164.101,19.268,-52.593,CL4,CL6,CL3,CL6,CL6,CL4,CL6,CL5,CL5,CL4,CL6,CL4,CL0,CL2,CL6,CL3,CL6,CL0,CL0
861,-95.197,-48.246,-61.113,-57.009,-31.685,-105.308,232.338,106.238,-15.487,93.949,88.113,76.540,CL5,CL5,CL0,CL4,CL6,CL6,CL4,CL3,CL0,CL5,CL0,CL0,CL4,CL0,CL3,CL3,CL4,CL0,CL0
862,-95.197,48.246,-61.113,-28.519,-50.212,102.119,-123.177,106.238,-107.533,-125.773,290.161,40.148,CL3,CL6,CL0,CL6,CL4,CL2,CL5,CL2,CL0,CL2,CL2,CL2,CL2,CL2,CL0,CL0,CL6,CL0,CL0
863,-7.854,-48.246,-61.113,-28.519,-31.685,62.967,80.523,106.238,-45.321,-178.169,129.221,76.540,CL6,CL0,CL0,CL0,CL6,CL6,CL6,CL0,CL0,CL3,CL0,CL2,CL5,CL2,CL0,CL2,CL6,CL0,CL0
864,-95.197,-48.246,45.468,96.082,-31.685,4.257,-15.487,-17.779,-60.633,-40.581,186.203,122.470,CL6,CL2,CL2,CL2,CL3,CL6,CL4,CL4,CL2,CL2,CL0,CL2,CL2,CL4,CL2,CL2,CL4,CL0,CL0
865,-95.197,-48.246,-61.113,24.923,-31.685,-186.962,128.610,215.324,76.096,93.949,-71.126,7.987,CL0,CL0,CL0,CL0,CL5,CL6,CL5,CL0,CL0,CL0,CL0,CL0,CL3,CL5,CL2,CL3,CL5,CL0,CL0
866,-95.197,-48.246,-61.113,21.128,-31.685,160.383,-57.545,-17.779,-162.090,-65.253,-71.126,76.540,CL6,CL1,CL4,CL4,CL6,CL6,CL5,CL4,CL0,CL3,CL0,CL0,CL6,CL1,CL3,CL2,CL6,CL0,CL1
867,-95.197,48.246,-61.113,-57.009,-31.685,-14.882,111.406,-58.331,-60.633,-78.155,88.113,7.987,CL5,CL0,CL0,CL0,CL6,CL4,CL5,CL0,CL0,CL5,CL0,CL0,CL0,CL0,CL0,CL0,CL0,CL0,CL0
868,-95.197,-48.246,-61.113,24.923,-31.685,41.667,-109.207,58.331,59.042,-78.155,19.268,-21.575,CL5,CL5,CL0,CL5,CL2,CL4,CL4,CL4,CL0,CL3,CL0,CL3,CL5,CL2,CL4,CL3,CL5,CL0,CL0
869,-95.197,48.246,-61.113,-57.009,-31.685,-5.188,128.610,143.533,76.096,204.506,52.975,122.470,CL6,CL3,CL0,CL0,CL6,CL6,CL4,CL0,CL0,CL6,CL0,CL0,CL3,CL0,CL0,CL0,CL6,CL0,CL0
870,-95.197,48.246,-61.113,-57.009,-31.685,-132.828,32.197,72.330,94.156,163.088,-71.126,40.148,CL5,CL3,CL0,CL0,CL5,CL5,CL4,CL0,CL0,CL2,CL0,CL0,CL3,CL3,CL4,CL4,CL4,CL0,CL0
871,109.449,-48.246,-5.921,96.082,-31.685,160.383,-69.509,88.309,-30.172,-178.169,129.221,192.173,CL3,CL1,CL2,CL2,CL6,CL3,CL6,CL2,CL0,CL2,CL1,CL2,CL3,CL1,CL1,CL1,CL6,CL0,CL0
872,-7.854,-48.246,45.468,-57.009,-31.685,91.093,-80.615,106.238,-45.321,113.407,88.113,192.173,CL6,CL2,CL2,CL2,CL6,CL2,CL6,CL2,CL1,CL2,CL2,CL2,CL2,CL4,CL2,CL4,CL3,CL0,CL0
873,-95.197,-48.246,116.365,-57.009,-31.685,22.393,158.487,14.143,-162.090,-101.450,52.975,40.148,CL5,CL4,CL0,CL5,CL6,CL5,CL6,CL4,CL0,CL4,CL0,CL0,CL5,CL0,CL6,CL0,CL6,CL0,CL4
874,-7.854,48.246,116.365,-57.009,-31.685,-67.825,-43.999,-1.928,59.042,-27.607,-71.126,-84.637,CL5,CL0,CL0,CL2,CL6,CL5,CL5,CL2,CL0,CL0,CL0,CL0,CL0,CL1,CL0,CL2,CL2,CL0,CL0
875,-95.197,48.246,-61.113,96.082,-31.685,149.158,-176.250,14.143,-76.096,-242.317,-71.126,-207.848,CL4,CL0,CL0,CL2,CL6,CL2,CL6,CL0,CL0,CL0,CL0,CL0,CL0,CL0,CL0,CL0,CL6,CL0,CL0
876,-7.854,48.246,116.365,-57.009,-31.685,22.393,-109.207,-58.331,28.783,-101.450,52.975,-21.575,CL5,CL6,CL2,CL5,CL6,CL3,CL4,CL4,CL0,CL0,CL0,CL0,CL0,CL0,CL4,CL3,CL6,CL0,CL0
877,-95.197,48.246,-61.113,-57.009,11.440,73.545,32.197,143.533,-1.729,-78.155,186.203,192.173,CL5,CL6,CL0,CL4,CL6,CL6,CL6,CL3,CL0,CL5,CL0,CL0,CL4,CL5,CL0,CL4,CL6,CL0,CL3
878,49.788,-48.246,-5.921,-57.009,11.440,123.461,-211.437,72.330,-192.595,-40.581,290.161,76.540,CL3,CL5,CL1,CL2,CL5,CL4,CL5,CL2,CL2,CL0,CL4,CL0,CL6,CL1,CL6,CL1,CL1,CL0,CL0
879,-7.854,-48.246,-61.113,-9.765,-31.685,-92.104,47.617,72.330,43.852,-218.109,186.203,192.173,CL5,CL3,CL0,CL0,CL5,CL4,CL6,CL0,CL0,CL4,CL0,CL2,CL6,CL0,CL0,CL0,CL2,CL0,CL0
880,-95.197,48.246,45.468,-57.009,-31.685,-58.016,145.421,88.309,-1.729,12.331,88.113,40.148,CL5,CL3,CL0,CL0,CL6,CL6,CL5,CL3,CL0,CL4,CL0,CL0,CL0,CL3,CL0,CL5,CL5,CL0,CL0
881,-7.854,-48.246,116.365,-57.009,-31.685,123.461,332,-31.776,-15.487,-14.277,129.221,76.540,CL6,CL6,CL2,CL6,CL6,CL3,CL3,CL2,CL0,CL2,CL0,CL0,CL2,CL0,CL3,CL3,CL3,CL0,CL0
882,-95.197,48.246,-243.591,-57.009,-31.685,62.967,-15.487,88.309,-45.321,-138.502,19.268,192.173,CL5,CL4,CL0,CL4,CL5,CL6,CL5,CL5,CL0,CL5,CL4,CL4,CL4,CL4,CL4,CL4,CL5,CL0,CL3
883,49.788,-48.246,-61.113,-57.009,-31.685,160.383,-109.207,29.338,-60.633,-78.155,186.203,40.148,CL4,CL6,CL1,CL2,CL6,CL4,CL6,CL1,CL5,CL1,CL3,CL0,CL0,CL1,CL6,CL1,CL1,CL0,CL1
884,-7.854,48.246,-61.113,-57.009,-31.685,-119.430,145.421,124.033,-91.699,-14.277,52.975,122.470,CL2,CL2,CL0,CL2,CL6,CL2,CL5,CL2,CL2,CL0,CL2,CL2,CL2,CL2,CL3,CL2,CL2,CL0,CL2
885,-95.197,-48.246,-61.113,-57.009,-31.685,4.257,128.610,72.330,28.783,-65.253,19.268,76.540,CL6,CL3,CL0,CL4,CL6,CL6,CL4,CL3,CL0,CL3,CL2,CL0,CL3,CL3,CL3,CL2,CL6,CL0,CL0
886,-95.197,-48.246,-61.113,-57.009,11.440,149.158,332,29.338,76.096,-14.277,-21.712,76.540,CL5,CL6,CL4,CL6,CL6,CL5,CL4,CL0,CL0,CL3,CL0,CL0,CL6,CL0,CL0,CL0,CL5,CL0,CL4
887,-7.854,-48.246,-61.113,-28.519,-31.685,102.119,-272.827,14.143,-1.729,-14.277,19.268,7.987,CL4,CL2,CL0,CL5,CL6,CL5,CL5,CL0,CL0,CL2,CL0,CL0,CL5,CL2,CL0,CL4,CL6,CL0,CL0
888,-95.197,-48.246,45.468,96.082,-31.685,41.667,-43.999,14.143,-30.172,-665,88.113,40.148,CL4,CL0,CL3,CL0,CL6,CL5,CL5,CL0,CL0,CL5,CL0,CL0,CL2,CL0,CL0,CL3,CL4,CL0,CL0
889,-95.197,-48.246,45.468,96.082,-31.685,-46.725,257.309,72.330,145.039,12.331,19.268,122.470,CL6,CL3,CL2,CL4,CL6,CL5,CL5,CL4,CL0,CL4,CL0,CL5,CL4,CL4,CL0,CL4,CL0,CL0,CL0
890,-95.197,48.246,-61.113,-57.009,-31.685,-105.308,145.421,165.653,181.866,-78.155,19.268,-52.593,CL5,CL0,CL0,CL0,CL5,CL6,CL4,CL2,CL0,CL4,CL0,CL0,CL2,CL3,CL0,CL3,CL2,CL0,CL0
891,-95.197,48.246,-61.113,-57.009,-31.685,41.667,80.523,124.033,111.406,58.489,-71.126,7.987,CL5,CL0,CL0,CL0,CL4,CL4,CL5,CL0,CL0,CL0,CL0,CL0,CL0,CL5,CL0,CL3,CL0,CL0,CL0
892,-95.197,-48.246,-61.113,-57.009,11.440,13.606,96.248,106.238,59.042,58.489,-71.126,76.540,CL4,CL3,CL3,CL3,CL6,CL4,CL5,CL4,CL0,CL4,CL0,CL0,CL3,CL4,CL0,CL3,CL4,CL0,CL3
893,-7.854,-48.246,-61.113,21.128,-31.685,-155.078,212.700,88.309,-1.729,93.949,-21.712,40.148,CL5,CL6,CL2,CL6,CL6,CL5,CL5,CL4,CL2,CL4,CL3,CL5,CL0,CL3,CL3,CL4,CL6,CL0,CL1
894,-7.854,-48.246,-61.113,-28.519,-31.685,13.606,-43.999,-182.919,-235.413,-14.277,52.975,76.540,CL3,CL3,CL0,CL0,CL4,CL2,CL5,CL3,CL0,CL3,CL0,CL0,CL3,CL3,CL0,CL0,CL3,CL0,CL0
895,-7.854,-48.246,-61.113,-57.009,-31.685,102.119,-150.796,29.338,-300.537,-151.840,129.221,192.173,CL4,CL4,CL2,CL4,CL6,CL4,CL4,CL2,CL2,CL2,CL2,CL2,CL4,CL4,CL3,CL4,CL2,CL0,CL5
896,-7.854,48.246,-143.719,96.082,-31.685,327.393,-211.437,-84.732,-107.533,-230.408,52.975,-118.084,CL6,CL3,CL2,CL2,CL6,CL3,CL4,CL2,CL0,CL2,CL1,CL0,CL6,CL0,CL0,CL2,CL2,CL0,CL3
897,-95.197,-48.246,-61.113,-28.519,-31.685,-143.907,-176.250,-1.928,-235.413,-27.607,52.975,76.540,CL5,CL3,CL0,CL3,CL3,CL3,CL4,CL0,CL0,CL0,CL0,CL0,CL3,CL3,CL0,CL3,CL5,CL0,CL2
898,-95.197,48.246,-5.921,96.082,-31.685,-186.962,-30.033,14.143,13.136,-65.253,-71.126,7.987,CL4,CL2,CL3,CL0,CL6,CL6,CL6,CL3,CL0,CL3,CL0,CL2,CL3,CL0,CL0,CL0,CL6,CL0,CL0
899,-7.854,-48.246,116.365,-57.009,-31.685,-79.151,111.406,-17.779,13.136,41.594,-21.712,7.987,CL5,CL4,CL3,CL6,CL6,CL6,CL6,CL3,CL2,CL4,CL0,CL3,CL4,CL5,CL0,CL3,CL6,CL0,CL2
900,-7.854,-48.246,45.468,-57.009,-31.685,183.990,-30.033,-45.174,-45.321,-101.450,186.203,192.173,CL6,CL0,CL0,CL0,CL6,CL6,CL6,CL0,CL0,CL0,CL0,CL0,CL3,CL0,CL0,CL0,CL6,CL0,CL0
901,-95.197,48.246,-61.113,-57.009,-31.685,183.990,-94.779,-97.631,-91.699,-101.450,290.161,192.173,CL6,CL0,CL0,CL0,CL6,CL4,CL4,CL0,CL0,CL0,CL0,CL0,CL0,CL0,CL0,CL0,CL4,CL0,CL3
902,-95.197,-48.246,45.468,24.923,-31.685,-252.197,174.091,-155.521,-346.436,-14.277,52.975,122.470,CL5,CL6,CL4,CL6,CL6,CL4,CL5,CL5,CL5,CL4,CL4,CL5,CL5,CL2,CL5,CL3,CL6,CL0,CL0
903,-95.197,-48.246,-61.113,96.082,-110.702,4.257,-94.779,44.585,-60.633,-89.891,52.975,122.470,CL5,CL0,CL0,CL2,CL6,CL5,CL6,CL0,CL0,CL4,CL0,CL0,CL6,CL0,CL0,CL0,CL6,CL0,CL0
904,-7.854,48.246,116.365,-57.009,-31.685,22.393,-69.509,29.338,-60.633,-113.788,52.975,40.148,CL6,CL2,CL0,CL2,CL5,CL4,CL5,CL2,CL2,CL2,CL6,CL2,CL0,CL2,CL3,CL2,CL6,CL0,CL2
905,-95.197,-48.246,-122.751,-57.009,-31.685,-5.188,96.248,-1.928,43.852,-65.253,88.113,122.470,CL4,CL6,CL4,CL4,CL6,CL6,CL5,CL3,CL0,CL3,CL3,CL0,CL4,CL3,CL6,CL4,CL6,CL0,CL0
906,49.788,48.246,45.468,-57.009,-31.685,102.119,-30.033,106.238,-107.533,41.594,-137.983,-84.637,CL6,CL0,CL0,CL0,CL6,CL2,CL6,CL0,CL0,CL0,CL0,CL0,CL6,CL0,CL3,CL0,CL1,CL0,CL0
907,-95.197,-48.246,-61.113,-57.009,-31.685,137.297,-15.487,-17.779,-235.413,-113.788,88.113,40.148,CL2,CL3,CL0,CL6,CL6,CL6,CL6,CL5,CL0,CL4,CL6,CL0,CL3,CL4,CL5,CL3,CL2,CL0,CL0
908,-7.854,-48.246,-5.921,-28.519,-31.685,41.667,32.197,14.143,-1.729,204.506,-71.126,-52.593,CL5,CL2,CL2,CL0,CL6,CL6,CL6,CL2,CL0,CL3,CL0,CL0,CL0,CL3,CL0,CL2,CL3,CL0,CL1
909,49.788,-48.246,45.468,-9.765,-31.685,-132.828,32.197,-71.727,-134.289,41.594,52.975,122.470,CL4,CL5,CL2,CL0,CL6,CL1,CL5,CL3,CL0,CL0,CL0,CL0,CL1,CL3,CL0,CL0,CL0,CL0,CL0
910,-95.197,-48.246,-61.113,-57.009,11.440,-24.649,332,-31.776,76.096,-78.155,-137.983,192.173,CL5,CL4,CL0,CL4,CL6,CL6,CL4,CL3,CL0,CL3,CL0,CL0,CL3,CL3,CL3,CL4,CL6,CL0,CL0
911,-95.197,-48.246,45.468,-57.009,-31.685,13.606,63.779,-1.928,-134.289,-665,88.113,76.540,CL5,CL5,CL3,CL6,CL4,CL5,CL5,CL3,CL0,CL0,CL3,CL0,CL0,CL3,CL6,CL2,CL0,CL0,CL0
912,-7.854,48.246,-61.113,-57.009,11.440,137.297,47.617,106.238,-91.699,-178.169,186.203,122.470,CL6,CL0,CL0,CL6,CL3,CL6,CL5,CL3,CL0,CL5,CL0,CL0,CL3,CL3,CL4,CL2,CL3,CL0,CL0
913,-95.197,48.246,-61.113,-57.009,-31.685,212.700,-272.827,-197.495,-1.729,-138.502,52.975,-84.637,CL4,CL4,CL0,CL4,CL5,CL4,CL5,CL4,CL0,CL3,CL5,CL0,CL0,CL0,CL6,CL2,CL6,CL0,CL0
914,-95.197,-48.246,-61.113,-57.009,-31.685,73.545,-137.639,-71.727,-134.289,-78.155,-21.712,76.540,CL4,CL0,CL0,CL2,CL6,CL5,CL4,CL0,CL0,CL0,CL0,CL0,CL6,CL0,CL0,CL0,CL4,CL0,CL0
915,49.788,-48.246,45.468,-57.009,-31.685,31.287,-150.796,-168.062,-162.090,75.830,-71.126,40.148,CL3,CL0,CL0,CL6,CL6,CL0,CL0,CL0,CL0,CL0,CL0,CL0,CL0,CL0,CL5,CL0,CL0,CL0,CL0
916,-95.197,48.246,-61.113,-57.009,-31.685,-119.430,232.338,124.033,94.156,93.949,19.268,76.540,CL5,CL0,CL0,CL0,CL6,CL6,CL3,CL0,CL0,CL5,CL0,CL0,CL0,CL4,CL0,CL0,CL5,CL0,CL0
917,-7.854,48.246,-143.719,-57.009,-31.685,228.554,-253.830,-58.331,-221.844,-315.735,186.203,122.470,CL5,CL4,CL0,CL5,CL6,CL6,CL6,CL3,CL1,CL1,CL0,CL0,CL2,CL0,CL5,CL1,CL6,CL0,CL0
918,-95.197,-48.246,-122.751,-57.009,-22.166,22.393,332,-1.928,-45.321,93.949,-71.126,-21.575,CL6,CL6,CL0,CL4,CL5,CL4,CL5,CL0,CL0,CL2,CL3,CL0,CL6,CL2,CL6,CL2,CL4,CL0,CL0
919,-7.854,-48.246,-173.790,-57.009,-31.685,41.667,-15.487,-17.779,-15.487,-52.745,19.268,76.540,CL4,CL3,CL0,CL3,CL3,CL3,CL6,CL2,CL3,CL2,CL4,CL2,CL3,CL0,CL3,CL0,CL2,CL0,CL0
920,-95.197,48.246,-61.113,-57.009,-31.685,172.012,-163.340,-17.779,161.108,41.594,52.975,122.470,CL3,CL0,CL0,CL0,CL6,CL4,CL6,CL0,CL0,CL0,CL0,CL0,CL5,CL0,CL0,CL0,CL3,CL0,CL0
921,-95.197,-48.246,-122.751,24.923,-31.685,22.393,145.421,215.324,-30.172,-101.450,186.203,192.173,CL6,CL4,CL2,CL3,CL6,CL6,CL4,CL5,CL0,CL5,CL5,CL4,CL3,CL5,CL3,CL5,CL6,CL0,CL0
922,49.788,-48.246,116.365,96.082,-31.685,-24.649,-30.033,-71.727,-76.096,12.331,129.221,7.987,CL5,CL0,CL0,CL5,CL6,CL2,CL6,CL0,CL0,CL0,CL1,CL0,CL3,CL0,CL3,CL2,CL6,CL0,CL0
923,-95.197,-48.246,-61.113,-28.519,-31.685,-119.430,47.617,106.238,-134.289,41.594,-21.712,122.470,CL6,CL4,CL0,CL2,CL4,CL6,CL6,CL3,CL0,CL4,CL0,CL3,CL4,CL4,CL3,CL4,CL6,CL0,CL3
924,-95.197,-48.246,-243.591,-9.765,-31.685,13.606,-30.033,-1.928,43.852,-113.788,-21.712,40.148,CL3,CL4,CL0,CL2,CL6,CL6,CL6,CL2,CL2,CL2,CL0,CL0,CL4,CL5,CL6,CL3,CL6,CL0,CL2
925,-95.197,-48.246,-61.113,-57.009,-31.685,-119.430,-137.639,-71.727,-121.213,-113.788,19.268,-21.575,CL3,CL0,CL0,CL0,CL6,CL4,CL5,CL0,CL0,CL0,CL0,CL0,CL0,CL0,CL0,CL5,CL0,CL0,CL0
926,-7.854,-48.246,-122.751,-57.009,-31.685,123.461,-123.177,-239.883,-107.533,-78.155,129.221,-21.575,CL3,CL0,CL0,CL3,CL6,CL3,CL5,CL2,CL3,CL2,CL2,CL2,CL4,CL0,CL6,CL2,CL6,CL0,CL3
927,-95.197,-48.246,-173.790,-57.009,-31.685,102.119,-150.796,29.338,13.136,-89.891,52.975,7.987,CL3,CL3,CL0,CL3,CL6,CL6,CL5,CL3,CL2,CL2,CL3,CL3,CL5,CL3,CL6,CL0,CL6,CL0,CL2
928,-95.197,-48.246,-5.921,-57.009,-31.685,-79.151,128.610,58.331,111.406,-65.253,-21.712,76.540,CL5,CL2,CL0,CL0,CL5,CL6,CL4,CL0,CL0,CL3,CL0,CL0,CL3,CL4,CL0,CL5,CL5,CL0,CL2
929,-7.854,-48.246,-61.113,-57.009,-31.685,22.393,-123.177,88.309,-76.096,-27.607,-21.712,76.540,CL5,CL0,CL0,CL3,CL5,CL5,CL6,CL1,CL0,CL2,CL0,CL0,CL3,CL2,CL3,CL4,CL2,CL0,CL2
930,-7.854,-48.246,-61.113,-57.009,-31.685,-58.016,145.421,165.653,161.108,58.489,19.268,122.470,CL4,CL1,CL0,CL3,CL6,CL6,CL5,CL0,CL0,CL3,CL0,CL0,CL3,CL0,CL0,CL3,CL6,CL0,CL0
931,-95.197,48.246,-61.113,96.082,11.440,-24.649,96.248,72.330,28.783,-27.607,52.975,7.987,CL4,CL5,CL4,CL3,CL6,CL6,CL5,CL4,CL0,CL4,CL0,CL3,CL0,CL0,CL0,CL0,CL6,CL0,CL2
932,49.788,-48.246,-173.790,96.082,-31.685,-67.825,-69.509,-58.331,13.136,-65.253,-137.983,-84.637,CL3,CL2,CL3,CL0,CL6,CL6,CL6,CL2,CL0,CL3,CL0,CL2,CL0,CL1,CL0,CL0,CL3,CL0,CL0
933,-7.854,48.246,45.468,-9.765,-31.685,73.545,-69.509,124.033,94.156,41.594,52.975,76.540,CL4,CL2,CL0,CL1,CL6,CL2,CL5,CL1,CL0,CL1,CL1,CL4,CL2,CL2,CL0,CL2,CL6,CL0,CL0
934,-95.197,48.246,-143.719,-57.009,-31.685,113.281,-192.173,-1.928,111.406,-78.155,-21.712,192.173,CL3,CL2,CL0,CL6,CL6,CL3,CL6,CL2,CL2,CL2,CL4,CL0,CL6,CL2,CL6,CL2,CL6,CL0,CL2
935,-95.197,48.246,45.468,96.082,-31.685,-24.649,332,106.238,59.042,204.506,-71.126,-52.593,CL5,CL0,CL0,CL0,CL6,CL3,CL6,CL0,CL0,CL0,CL0,CL0,CL0,CL0,CL0,CL0,CL0,CL0,CL0
936,-95.197,48.246,-61.113,-57.009,-31.685,-132.828,111.406,124.033,28.783,-78.155,186.203,192.173,CL5,CL3,CL3,CL4,CL5,CL6,CL4,CL5,CL3,CL3,CL4,CL3,CL3,CL3,CL2,CL4,CL6,CL0,CL2
937,-95.197,48.246,-61.113,-57.009,-31.685,228.554,-69.509,29.338,13.136,-78.155,52.975,76.540,CL4,CL0,CL0,CL0,CL6,CL5,CL6,CL2,CL0,CL5,CL0,CL0,CL3,CL4,CL2,CL4,CL5,CL0,CL0
938,-95.197,-48.246,-5.921,96.082,-31.685,41.667,128.610,106.238,-1.729,-40.581,52.975,7.987,CL3,CL5,CL2,CL5,CL5,CL5,CL6,CL3,CL0,CL5,CL0,CL3,CL5,CL5,CL2,CL4,CL5,CL0,CL0
939,-95.197,-48.246,-61.113,-28.519,-31.685,-5.188,32.197,58.331,59.042,-89.891,88.113,122.470,CL6,CL0,CL0,CL0,CL5,CL6,CL4,CL4,CL0,CL4,CL0,CL3,CL3,CL3,CL0,CL3,CL6,CL0,CL0
940,-95.197,48.246,45.468,96.082,-31.685,31.287,32.197,-1.928,-60.633,75.830,-71.126,40.148,CL5,CL0,CL2,CL0,CL5,CL6,CL6,CL3,CL0,CL3,CL0,CL3,CL3,CL3,CL0,CL0,CL5,CL0,CL0
941,-95.197,-48.246,-61.113,-28.519,-31.685,41.667,-43.999,106.238,-147.955,-14.277,-21.712,76.540,CL6,CL0,CL0,CL0,CL3,CL4,CL4,CL0,CL0,CL0,CL0,CL0,CL4,CL4,CL0,CL3,CL3,CL0,CL0
942,-7.854,48.246,-122.751,-28.519,-31.685,91.093,128.610,106.238,-76.096,146.191,19.268,40.148,CL5,CL3,CL4,CL0,CL5,CL5,CL5,CL2,CL0,CL2,CL0,CL0,CL3,CL4,CL2,CL3,CL6,CL0,CL1
943,-7.854,-48.246,-5.921,-57.009,11.440,-46.725,232.338,244.904,128.610,130.612,-21.712,40.148,CL4,CL2,CL0,CL3,CL5,CL6,CL4,CL4,CL2,CL5,CL0,CL5,CL4,CL6,CL0,CL6,CL6,CL0,CL2
944,-95.197,48.246,-61.113,-57.009,12.600,160.383,-80.615,58.331,43.852,-113.788,88.113,76.540,CL3,CL3,CL0,CL6,CL6,CL6,CL6,CL6,CL0,CL2,CL4,CL0,CL0,CL2,CL3,CL2,CL0,CL0,CL0
945,-7.854,48.246,116.365,-57.009,-31.685,102.119,-30.033,44.585,76.096,-125.773,129.221,76.540,CL3,CL2,CL0,CL6,CL6,CL3,CL6,CL2,CL2,CL3,CL3,CL0,CL0,CL2,CL3,CL2,CL6,CL0,CL0
946,-95.197,48.246,-61.113,-57.009,-31.685,-34.799,-109.207,-58.331,145.039,-89.891,-71.126,-154.858,CL4,CL0,CL0,CL0,CL6,CL6,CL6,CL0,CL0,CL0,CL0,CL0,CL0,CL0,CL0,CL4,CL6,CL0,CL0
947,-95.197,-48.246,-122.751,-57.009,-31.685,-67.825,-30.033,-111.902,-76.096,-151.840,88.113,-21.575,CL4,CL6,CL0,CL3,CL6,CL6,CL4,CL3,CL0,CL6,CL0,CL0,CL3,CL4,CL3,CL4,CL5,CL0,CL2
948,-7.854,-48.246,-5.921,96.082,-31.685,212.700,-137.639,14.143,-30.172,-164.101,129.221,-21.575,CL6,CL2,CL3,CL6,CL6,CL3,CL5,CL0,CL0,CL2,CL0,CL3,CL3,CL2,CL5,CL2,CL0,CL0,CL0
949,-7.854,48.246,-122.751,24.923,-31.685,41.667,332,-239.883,-30.172,75.830,-137.983,-207.848,CL2,CL2,CL0,CL5,CL6,CL2,CL5,CL0,CL0,CL0,CL0,CL0,CL0,CL0,CL6,CL0,CL0,CL0,CL1
950,49.788,-48.246,-5.921,-57.009,-31.685,160.383,-176.250,-1.928,13.136,-151.840,88.113,-52.593,CL5,CL1,CL0,CL1,CL6,CL3,CL6,CL1,CL0,CL4,CL0,CL0,CL4,CL1,CL0,CL3,CL4,CL0,CL0
951,-95.197,48.246,45.468,-57.009,-31.685,62.967,332,44.585,-45.321,-65.253,-21.712,40.148,CL6,CL2,CL0,CL3,CL6,CL4,CL6,CL2,CL0,CL3,CL2,CL2,CL3,CL6,CL0,CL4,CL3,CL0,CL3
952,-95.197,48.246,-61.113,-57.009,-31.685,-119.430,32.197,188.511,59.042,-14.277,290.161,192.173,CL3,CL3,CL0,CL0,CL4,CL6,CL5,CL3,CL0,CL3,CL0,CL0,CL3,CL3,CL0,CL3,CL3,CL0,CL0
953,-95.197,-48.246,-61.113,-57.009,-31.685,41.667,16.767,29.338,-30.172,-27.607,186.203,76.540,CL5,CL5,CL0,CL3,CL5,CL6,CL4,CL3,CL0,CL5,CL0,CL3,CL3,CL5,CL3,CL3,CL6,CL0,CL0
954,-7.854,48.246,45.468,96.082,-31.685,102.119,-94.779,-1.928,-30.172,-164.101,52.975,76.540,CL5,CL0,CL0,CL0,CL6,CL3,CL5,CL0,CL0,CL0,CL0,CL0,CL0,CL0,CL0,CL3,CL4,CL0,CL2
955,-95.197,-48.246,-61.113,-28.519,-31.685,137.297,-80.615,-31.776,-15.487,-78.155,-71.126,-118.084,CL0,CL0,CL0,CL0,CL5,CL3,CL4,CL0,CL0,CL0,CL0,CL0,CL0,CL5,CL0,CL0,CL2,CL0,CL0
956,-95.197,-48.246,-5.921,-57.009,-31.685,183.990,-57.545,-1.928,-147.955,-290.161,186.203,122.470,CL4,CL5,CL2,CL4,CL5,CL6,CL5,CL4,CL2,CL3,CL4,CL0,CL3,CL0,CL4,CL2,CL6,CL0,CL2
957,109.449,-48.246,45.468,-57.009,-31.685,-119.430,-57.545,-58.331,13.136,41.594,-71.126,-84.637,CL5,CL6,CL1,CL2,CL6,CL3,CL0,CL1,CL1,CL0,CL1,CL0,CL5,CL1,CL0,CL1,CL1,CL0,CL0
958,49.788,-48.246,-5.921,96.082,-31.685,-143.907,-30.033,14.143,128.610,130.612,-71.126,-118.084,CL6,CL0,CL5,CL0,CL6,CL6,CL6,CL3,CL0,CL6,CL0,CL6,CL3,CL1,CL0,CL1,CL5,CL0,CL0
959,-95.197,-48.246,-61.113,-28.519,-31.685,-24.649,158.487,-1.928,-121.213,204.506,-21.712,76.540,CL5,CL0,CL0,CL0,CL5,CL6,CL6,CL0,CL0,CL0,CL0,CL0,CL0,CL0,CL0,CL0,CL6,CL0,CL0
960,-95.197,48.246,45.468,-28.519,-31.685,4.257,16.767,143.533,111.406,-65.253,52.975,-52.593,CL5,CL0,CL0,CL1,CL6,CL0,CL6,CL0,CL0,CL0,CL0,CL0,CL0,CL0,CL6,CL0,CL2,CL0,CL0
961,109.449,48.246,-61.113,-57.009,-31.685,-5.188,-69.509,72.330,203.972,-40.581,-21.712,-21.575,CL5,CL6,CL0,CL1,CL6,CL5,CL4,CL1,CL1,CL2,CL1,CL0,CL0,CL1,CL2,CL3,CL1,CL0,CL0
962,-95.197,-48.246,-5.921,-9.765,-31.685,31.287,96.248,106.238,28.783,-27.607,186.203,192.173,CL5,CL3,CL5,CL0,CL5,CL4,CL6,CL3,CL0,CL5,CL0,CL4,CL3,CL3,CL0,CL0,CL5,CL0,CL0
963,-7.854,-48.246,-61.113,-57.009,-31.685,-34.799,32.197,188.511,76.096,-113.788,88.113,40.148,CL5,CL3,CL0,CL5,CL6,CL2,CL5,CL3,CL3,CL0,CL5,CL0,CL0,CL2,CL3,CL2,CL6,CL0,CL0
964,49.788,-48.246,-61.113,96.082,-31.685,62.967,-192.173,-1.928,13.136,-665,19.268,122.470,CL5,CL3,CL2,CL5,CL6,CL6,CL5,CL3,CL5,CL4,CL6,CL0,CL0,CL2,CL5,CL3,CL6,CL0,CL1
965,-95.197,-48.246,-61.113,-57.009,-31.685,-92.104,128.610,-45.174,76.096,25.953,-21.712,40.148,CL5,CL3,CL0,CL0,CL6,CL6,CL6,CL0,CL0,CL4,CL0,CL0,CL3,CL5,CL0,CL4,CL3,CL0,CL0
966,-7.854,48.246,116.365,-57.009,-31.685,-119.430,332,72.330,43.852,-27.607,19.268,40.148,CL5,CL1,CL0,CL3,CL6,CL6,CL6,CL2,CL2,CL3,CL0,CL0,CL2,CL0,CL5,CL2,CL5,CL0,CL0
967,-95.197,-48.246,116.365,96.082,-31.685,-92.104,111.406,-1.928,28.783,41.594,19.268,122.470,CL5,CL2,CL3,CL4,CL6,CL6,CL4,CL4,CL0,CL5,CL0,CL3,CL3,CL2,CL0,CL2,CL6,CL0,CL3
968,-95.197,48.246,-61.113,-57.009,-31.685,-58.016,32.197,58.331,111.406,25.953,-71.126,-52.593,CL4,CL3,CL1,CL0,CL6,CL4,CL5,CL0,CL0,CL0,CL0,CL0,CL3,CL0,CL1,CL3,CL4,CL0,CL1
969,-95.197,48.246,-61.113,-57.009,-31.685,-24.649,16.767,188.511,145.039,-40.581,129.221,122.470,CL5,CL0,CL0,CL2,CL6,CL5,CL6,CL2,CL0,CL3,CL0,CL0,CL2,CL3,CL0,CL5,CL5,CL0,CL3
970,-95.197,-48.246,-61.113,-57.009,-110.702,-155.078,128.610,106.238,-147.955,93.949,-21.712,76.540,CL6,CL0,CL0,CL0,CL3,CL5,CL3,CL3,CL0,CL0,CL0,CL0,CL3,CL0,CL0,CL3,CL4,CL0,CL0
971,182.213,-48.246,198.437,-28.519,11.440,-186.962,128.610,58.331,111.406,75.830,52.975,7.987,CL6,CL1,CL1,CL1,CL6,CL3,CL6,CL1,CL0,CL0,CL1,CL0,CL1,CL1,CL3,CL3,CL4,CL0,CL1
972,49.788,48.246,45.468,24.923,-31.685,22.393,332,-17.779,-60.633,-52.745,88.113,76.540,CL5,CL1,CL0,CL0,CL4,CL6,CL5,CL4,CL0,CL4,CL0,CL3,CL5,CL5,CL0,CL4,CL5,CL0,CL0
973,-7.854,-48.246,-61.113,24.923,-31.685,41.667,-163.340,58.331,-107.533,93.949,-21.712,40.148,CL6,CL4,CL0,CL0,CL6,CL6,CL4,CL3,CL0,CL4,CL0,CL3,CL4,CL4,CL0,CL4,CL6,CL0,CL0
974,-95.197,-48.246,-61.113,-57.009,-31.685,149.158,-123.177,-111.902,13.136,-52.745,-71.126,40.148,CL6,CL0,CL0,CL2,CL6,CL4,CL4,CL4,CL0,CL4,CL0,CL3,CL0,CL3,CL3,CL3,CL6,CL0,CL0
975,-95.197,-48.246,-61.113,-57.009,-31.685,-186.962,212.700,124.033,145.039,58.489,-71.126,192.173,CL6,CL2,CL0,CL0,CL6,CL6,CL5,CL0,CL0,CL3,CL0,CL0,CL3,CL3,CL0,CL3,CL6,CL0,CL0
976,-95.197,-48.246,-61.113,-57.009,-31.685,123.461,332,106.238,-121.213,-78.155,52.975,192.173,CL5,CL0,CL0,CL0,CL2,CL6,CL4,CL0,CL0,CL3,CL0,CL0,CL2,CL3,CL0,CL0,CL5,CL0,CL0
977,259.171,-48.246,116.365,-57.009,-31.685,-221.844,332,58.331,76.096,75.830,52.975,-52.593,CL1,CL0,CL0,CL0,CL1,CL1,CL1,CL0,CL0,CL1,CL0,CL0,CL1,CL1,CL0,CL0,CL1,CL0,CL0
978,-95.197,-48.246,-61.113,-57.009,-31.685,-58.016,111.406,72.330,59.042,-665,-21.712,-52.593,CL0,CL2,CL0,CL3,CL6,CL6,CL6,CL0,CL0,CL3,CL0,CL0,CL6,CL0,CL4,CL5,CL0,CL0,CL0
979,49.788,48.246,116.365,96.082,-31.685,-58.016,145.421,-127.553,161.108,-40.581,129.221,122.470,CL5,CL4,CL2,CL2,CL6,CL3,CL6,CL5,CL0,CL5,CL0,CL0,CL2,CL3,CL0,CL3,CL6,CL0,CL0
980,109.449,48.246,-61.113,-57.009,-31.685,123.461,-109.207,-45.174,-15.487,75.830,-71.126,-21.575,CL6,CL1,CL1,CL4,CL6,CL6,CL6,CL3,CL2,CL0,CL0,CL0,CL0,CL1,CL0,CL1,CL6,CL0,CL0
981,-7.854,48.246,198.437,-57.009,-50.212,62.967,16.767,72.330,-60.633,-27.607,-71.126,-84.637,CL4,CL1,CL2,CL2,CL5,CL6,CL6,CL2,CL1,CL3,CL0,CL1,CL2,CL1,CL1,CL2,CL3,CL0,CL1
982,-95.197,-48.246,-61.113,-28.519,-31.685,41.667,-15.487,14.143,-76.096,41.594,-21.712,7.987,CL4,CL0,CL0,CL4,CL4,CL6,CL5,CL5,CL3,CL3,CL0,CL0,CL0,CL3,CL5,CL3,CL6,CL0,CL3
983,-95.197,-48.246,-61.113,96.082,-31.685,102.119,111.406,-111.902,-91.699,-101.450,88.113,122.470,CL6,CL6,CL3,CL4,CL6,CL5,CL6,CL6,CL0,CL4,CL0,CL0,CL6,CL0,CL6,CL0,CL6,CL0,CL2
984,-7.854,48.246,45.468,-57.009,-31.685,62.967,-15.487,188.511,-177.200,113.407,52.975,122.470,CL5,CL1,CL0,CL6,CL6,CL5,CL6,CL3,CL3,CL0,CL3,CL1,CL0,CL1,CL6,CL1,CL6,CL0,CL4
985,-95.197,-48.246,-61.113,-57.009,-31.685,-14.882,-15.487,124.033,94.156,-14.277,88.113,192.173,CL6,CL3,CL0,CL3,CL6,CL6,CL5,CL2,CL0,CL3,CL0,CL0,CL2,CL4,CL5,CL3,CL6,CL0,CL2
986,-95.197,-48.246,-61.113,-28.519,-31.685,-14.882,32.197,124.033,-45.321,-89.891,52.975,122.470,CL5,CL3,CL3,CL0,CL6,CL6,CL4,CL3,CL0,CL4,CL0,CL0,CL2,CL0,CL0,CL4,CL6,CL0,CL0
987,-95.197,-48.246,-5.921,-57.009,-31.685,73.545,-80.615,-71.727,-45.321,25.953,88.113,7.987,CL5,CL6,CL0,CL6,CL6,CL6,CL3,CL3,CL0,CL3,CL6,CL0,CL2,CL4,CL6,CL3,CL0,CL0,CL0
988,-7.854,-48.246,-61.113,-57.009,-31.685,172.012,63.779,44.585,-134.289,-218.109,129.221,122.470,CL4,CL0,CL0,CL4,CL6,CL6,CL4,CL2,CL2,CL3,CL0,CL0,CL3,CL2,CL4,CL3,CL5,CL0,CL0
989,-95.197,-48.246,-61.113,-57.009,-31.685,102.119,-150.796,44.585,-1.729,-89.891,-71.126,7.987,CL4,CL3,CL0,CL6,CL5,CL6,CL6,CL5,CL0,CL6,CL0,CL0,CL3,CL0,CL4,CL0,CL6,CL0,CL0
990,-7.854,-48.246,45.468,-57.009,-31.685,-79.151,332,14.143,-107.533,-27.607,129.221,122.470,CL5,CL6,CL0,CL4,CL6,CL4,CL4,CL3,CL5,CL3,CL2,CL1,CL3,CL1,CL5,CL1,CL6,CL0,CL2
991,-95.197,-48.246,-61.113,-57.009,-31.685,172.012,-57.545,165.653,13.136,-40.581,88.113,122.470,CL6,CL4,CL2,CL6,CL6,CL6,CL5,CL4,CL3,CL2,CL6,CL0,CL3,CL0,CL4,CL2,CL6,CL0,CL2
992,-95.197,-48.246,-61.113,-9.765,-31.685,31.287,174.091,29.338,-76.096,-178.169,186.203,192.173,CL5,CL4,CL5,CL3,CL6,CL6,CL6,CL3,CL0,CL4,CL0,CL0,CL5,CL0,CL4,CL5,CL6,CL0,CL0
993,182.213,-48.246,-5.921,-28.519,-31.685,-79.151,32.197,58.331,13.136,-665,-21.712,-21.575,CL3,CL1,CL0,CL2,CL6,CL4,CL5,CL3,CL0,CL1,CL1,CL0,CL0,CL1,CL0,CL1,CL6,CL0,CL1
994,-7.854,-48.246,45.468,96.082,-31.685,-119.430,80.523,143.533,223.427,113.407,-21.712,40.148,CL5,CL2,CL2,CL2,CL6,CL5,CL5,CL3,CL0,CL3,CL0,CL2,CL3,CL3,CL0,CL3,CL4,CL0,CL0
995,-95.197,-48.246,-61.113,-57.009,-31.685,52.135,80.523,72.330,94.156,-78.155,52.975,122.470,CL5,CL5,CL0,CL3,CL6,CL6,CL6,CL3,CL2,CL2,CL2,CL0,CL4,CL2,CL2,CL3,CL6,CL0,CL3
996,-95.197,-48.246,116.365,-28.519,-31.685,-79.151,-30.033,-31.776,-91.699,-14.277,52.975,76.540,CL5,CL0,CL0,CL4,CL4,CL6,CL5,CL0,CL0,CL4,CL0,CL4,CL4,CL3,CL0,CL3,CL6,CL0,CL0
997,-95.197,-48.246,116.365,96.082,-31.685,-79.151,96.248,-45.174,43.852,75.830,88.113,76.540,CL5,CL2,CL2,CL4,CL5,CL4,CL4,CL4,CL0,CL3,CL0,CL3,CL3,CL2,CL0,CL2,CL5,CL0,CL5
998,-7.854,-48.246,116.365,96.082,-31.685,113.281,-30.033,88.309,-60.633,93.949,-21.712,7.987,CL6,CL0,CL2,CL5,CL6,CL2,CL6,CL2,CL0,CL2,CL0,CL0,CL3,CL0,CL0,CL0,CL3,CL0,CL0
999,-7.854,48.246,198.437,-57.009,-31.685,-105.308,80.523,-31.776,-15.487,93.949,-21.712,-52.593,CL3,CL6,CL0,CL0,CL6,CL6,CL6,CL0,CL0,CL3,CL0,CL0,CL2,CL2,CL0,CL2,CL4,CL0,CL0
1000,-95.197,-48.246,-61.113,-57.009,-31.685,-67.825,47.617,-17.779,13.136,146.191,-71.126,-118.084,CL4,CL3,CL3,CL2,CL5,CL3,CL3,CL3,CL0,CL3,CL4,CL3,CL3,CL3,CL2,CL3,CL6,CL0,CL0
1001,-95.197,-48.246,-173.790,-46.841,-31.685,123.461,-109.207,-31.776,-15.487,-65.253,129.221,76.540,CL5,CL0,CL3,CL0,CL6,CL4,CL5,CL0,CL0,CL0,CL0,CL0,CL3,CL4,CL0,CL0,CL0,CL0,CL0
1002,-95.197,-48.246,-61.113,-57.009,-31.685,-5.188,96.248,-127.553,-235.413,-89.891,129.221,192.173,CL5,CL6,CL1,CL5,CL5,CL6,CL4,CL3,CL0,CL3,CL4,CL0,CL6,CL2,CL0,CL2,CL6,CL0,CL0
1003,109.449,48.246,-61.113,-28.519,-31.685,-34.799,16.767,14.143,43.852,75.830,-137.983,-118.084,CL4,CL1,CL0,CL1,CL6,CL6,CL6,CL0,CL0,CL0,CL0,CL0,CL0,CL1,CL0,CL0,CL6,CL0,CL0
1004,-95.197,-48.246,-61.113,-28.519,-31.685,212.700,-176.250,-31.776,-147.955,25.953,-137.983,-52.593,CL3,CL0,CL0,CL0,CL6,CL4,CL5,CL0,CL0,CL0,CL0,CL0,CL0,CL5,CL0,CL3,CL3,CL0,CL0
1005,-95.197,-48.246,-122.751,24.923,-31.685,183.990,-221.069,-111.902,-45.321,-346.436,-21.712,-118.084,CL5,CL0,CL0,CL3,CL6,CL6,CL2,CL0,CL0,CL0,CL0,CL4,CL3,CL0,CL3,CL0,CL5,CL0,CL3
1006,-95.197,-48.246,-122.751,-57.009,-22.166,82.562,-150.796,-182.919,-1.729,-164.101,129.221,122.470,CL5,CL3,CL0,CL6,CL6,CL5,CL4,CL0,CL3,CL0,CL0,CL0,CL6,CL0,CL4,CL0,CL6,CL0,CL4
1007,-95.197,48.246,-122.751,-57.009,-31.685,183.990,-94.779,88.309,13.136,-89.891,-71.126,-52.593,CL3,CL0,CL0,CL0,CL4,CL0,CL6,CL0,CL0,CL0,CL0,CL0,CL6,CL0,CL0,CL0,CL0,CL0,CL3
1008,-95.197,-48.246,-61.113,-57.009,-31.685,-5.188,16.767,165.653,94.156,-665,19.268,40.148,CL4,CL0,CL0,CL0,CL4,CL4,CL5,CL0,CL0,CL0,CL0,CL0,CL3,CL0,CL3,CL3,CL3,CL0,CL0
1009,109.449,-48.246,116.365,-28.519,-31.685,62.967,-123.177,-58.331,-45.321,-113.788,-21.712,-21.575,CL6,CL6,CL2,CL2,CL4,CL3,CL6,CL1,CL0,CL1,CL0,CL0,CL3,CL2,CL0,CL2,CL6,CL0,CL3
1010,-95.197,48.246,-122.751,96.082,-31.685,123.461,96.248,44.585,-30.172,-27.607,52.975,40.148,CL5,CL6,CL0,CL4,CL4,CL3,CL3,CL0,CL0,CL4,CL0,CL5,CL5,CL0,CL0,CL0,CL3,CL0,CL0
1011,109.449,-48.246,45.468,-57.009,-31.685,-67.825,332,-1.928,-1.729,41.594,-255.524,-52.593,CL6,CL0,CL1,CL3,CL4,CL3,CL5,CL0,CL0,CL0,CL0,CL0,CL0,CL0,CL0,CL0,CL6,CL0,CL0
1012,-95.197,48.246,-61.113,-57.009,-31.685,-58.016,145.421,188.511,128.610,-78.155,19.268,192.173,CL6,CL0,CL0,CL3,CL6,CL6,CL6,CL2,CL0,CL4,CL0,CL0,CL3,CL0,CL0,CL0,CL4,CL0,CL0
1013,-7.854,-48.246,-61.113,-57.009,-31.685,183.990,-123.177,44.585,-76.096,-138.502,19.268,-118.084,CL6,CL6,CL0,CL6,CL5,CL4,CL5,CL3,CL3,CL0,CL2,CL0,CL6,CL2,CL6,CL2,CL6,CL0,CL4
1014,-95.197,-48.246,-61.113,-57.009,-31.685,62.967,32.197,14.143,13.136,-14.277,19.268,76.540,CL5,CL4,CL0,CL6,CL6,CL5,CL6,CL3,CL0,CL3,CL0,CL4,CL3,CL3,CL3,CL3,CL6,CL0,CL0
1015,-7.854,-48.246,-61.113,-57.009,-31.685,-79.151,212.700,88.309,43.852,-65.253,186.203,192.173,CL5,CL3,CL0,CL3,CL6,CL3,CL4,CL3,CL3,CL3,CL2,CL3,CL6,CL3,CL2,CL5,CL6,CL0,CL0
1016,109.449,-48.246,45.468,-57.009,-31.685,-119.430,63.779,244.904,76.096,130.612,-137.983,7.987,CL1,CL6,CL1,CL6,CL6,CL4,CL6,CL1,CL1,CL5,CL1,CL0,CL6,CL1,CL6,CL2,CL6,CL0,CL0
1017,-95.197,-48.246,-5.921,-28.519,-31.685,-221.844,257.309,188.511,13.136,163.088,19.268,76.540,CL6,CL0,CL0,CL0,CL6,CL6,CL4,CL0,CL0,CL0,CL0,CL0,CL0,CL0,CL0,CL3,CL3,CL0,CL0
1018,-7.854,-48.246,-61.113,-57.009,-31.685,31.287,-253.830,-84.732,-162.090,-257.309,88.113,7.987,CL6,CL4,CL0,CL3,CL6,CL6,CL5,CL2,CL2,CL2,CL2,CL5,CL6,CL3,CL5,CL4,CL3,CL0,CL0
1019,-95.197,48.246,-122.751,96.082,-31.685,-34.799,-123.177,-97.631,43.852,113.407,-71.126,-207.848,CL5,CL0,CL0,CL0,CL6,CL3,CL4,CL4,CL0,CL0,CL0,CL0,CL0,CL0,CL0,CL2,CL3,CL0,CL0
1020,-7.854,-48.246,-122.751,-28.519,-31.685,22.393,158.487,29.338,-147.955,-665,-21.712,76.540,CL0,CL4,CL1,CL2,CL6,CL6,CL5,CL2,CL0,CL6,CL0,CL5,CL4,CL6,CL0,CL2,CL0,CL0,CL1
1021,49.788,48.246,-61.113,-57.009,-31.685,91.093,-137.639,-142.424,-45.321,-78.155,19.268,-207.848,CL3,CL6,CL0,CL0,CL6,CL5,CL5,CL3,CL0,CL0,CL5,CL0,CL4,CL0,CL0,CL0,CL6,CL0,CL0
1022,-95.197,-48.246,45.468,-57.009,-31.685,13.606,-94.779,106.238,-192.595,75.830,-21.712,-52.593,CL6,CL3,CL0,CL3,CL5,CL6,CL4,CL0,CL0,CL0,CL0,CL0,CL4,CL0,CL2,CL3,CL3,CL0,CL2
1023,-95.197,48.246,-61.113,96.082,-31.685,212.700,-272.827,-111.902,-45.321,-242.317,-71.126,-84.637,CL5,CL0,CL0,CL0,CL2,CL2,CL4,CL0,CL0,CL0,CL0,CL0,CL0,CL0,CL0,CL0,CL3,CL0,CL0
1024,-95.197,-48.246,-122.751,-9.765,-31.685,137.297,-15.487,165.653,-91.699,-40.581,-21.712,7.987,CL5,CL0,CL0,CL0,CL4,CL5,CL4,CL0,CL0,CL0,CL0,CL0,CL6,CL4,CL0,CL4,CL2,CL0,CL0
1025,-95.197,-48.246,-61.113,-57.009,-31.685,-67.825,-30.033,106.238,-107.533,-242.317,129.221,76.540,CL6,CL4,CL0,CL0,CL6,CL5,CL4,CL0,CL0,CL0,CL0,CL0,CL4,CL0,CL5,CL0,CL4,CL0,CL0
1026,-95.197,48.246,-122.751,-57.009,11.440,31.287,-109.207,44.585,59.042,-65.253,88.113,7.987,CL4,CL6,CL0,CL5,CL6,CL3,CL5,CL0,CL0,CL3,CL0,CL0,CL3,CL3,CL3,CL3,CL3,CL0,CL3
1027,-95.197,48.246,45.468,-57.009,-31.685,-119.430,-94.779,-71.727,-30.172,-40.581,-21.712,-52.593,CL5,CL0,CL0,CL0,CL2,CL4,CL4,CL0,CL0,CL0,CL0,CL0,CL3,CL0,CL0,CL0,CL3,CL0,CL0
1028,109.449,-48.246,198.437,-57.009,-31.685,13.606,32.197,44.585,-91.699,-665,19.268,40.148,CL2,CL0,CL2,CL2,CL6,CL2,CL6,CL0,CL0,CL2,CL2,CL0,CL0,CL2,CL2,CL2,CL0,CL0,CL2
1029,49.788,48.246,45.468,-57.009,-50.212,62.967,32.197,-45.174,-1.729,58.489,129.221,122.470,CL5,CL2,CL2,CL2,CL6,CL3,CL4,CL1,CL1,CL3,CL1,CL1,CL0,CL1,CL0,CL1,CL5,CL0,CL1
1030,-95.197,48.246,116.365,-57.009,-31.685,-34.799,80.523,58.331,59.042,130.612,-21.712,192.173,CL5,CL3,CL0,CL0,CL5,CL6,CL6,CL0,CL0,CL3,CL0,CL0,CL2,CL4,CL4,CL4,CL4,CL0,CL5
1031,-95.197,48.246,45.468,96.082,-31.685,52.135,-94.779,-84.732,-107.533,-40.581,-21.712,40.148,CL5,CL2,CL2,CL3,CL6,CL2,CL6,CL2,CL0,CL2,CL0,CL2,CL0,CL2,CL0,CL2,CL5,CL0,CL2
1032,-95.197,-48.246,-61.113,-9.765,-31.685,-67.825,32.197,58.331,111.406,-665,19.268,76.540,CL3,CL4,CL0,CL0,CL6,CL6,CL6,CL0,CL0,CL0,CL0,CL0,CL4,CL0,CL0,CL0,CL5,CL0,CL0
1033,-7.854,-48.246,-61.113,96.082,-31.685,22.393,-137.639,-17.779,-107.533,-138.502,129.221,40.148,CL3,CL2,CL1,CL3,CL3,CL2,CL4,CL2,CL1,CL2,CL2,CL0,CL2,CL1,CL1,CL1,CL6,CL0,CL1
1034,-95.197,-48.246,-61.113,-57.009,-31.685,22.393,-69.509,14.143,-60.633,-27.607,19.268,40.148,CL6,CL3,CL0,CL0,CL6,CL6,CL6,CL3,CL0,CL0,CL0,CL0,CL2,CL3,CL0,CL3,CL3,CL0,CL0
1035,-95.197,48.246,-61.113,96.082,-31.685,123.461,-57.545,44.585,-60.633,-101.450,52.975,192.173,CL6,CL3,CL0,CL2,CL6,CL6,CL5,CL3,CL0,CL4,CL0,CL0,CL4,CL0,CL0,CL0,CL6,CL0,CL1
1036,-95.197,-48.246,-5.921,96.082,-31.685,52.135,47.617,188.511,-1.729,-52.745,52.975,76.540,CL6,CL3,CL3,CL0,CL6,CL3,CL4,CL3,CL0,CL4,CL0,CL4,CL3,CL0,CL0,CL0,CL6,CL0,CL0
1037,-95.197,48.246,-61.113,-57.009,-31.685,52.135,80.523,88.309,-15.487,-27.607,129.221,122.470,CL6,CL0,CL3,CL2,CL6,CL6,CL4,CL3,CL0,CL4,CL3,CL3,CL3,CL4,CL2,CL4,CL6,CL0,CL2
1038,-7.854,-48.246,-61.113,-57.009,-31.685,-205.048,47.617,58.331,59.042,75.830,-137.983,-84.637,CL4,CL4,CL0,CL4,CL6,CL4,CL5,CL0,CL0,CL0,CL0,CL0,CL0,CL0,CL4,CL2,CL5,CL0,CL1
1039,49.788,48.246,116.365,-57.009,-31.685,123.461,-150.796,-1.928,275.696,-78.155,-21.712,-207.848,CL6,CL0,CL0,CL0,CL6,CL6,CL6,CL0,CL0,CL3,CL0,CL0,CL0,CL0,CL0,CL2,CL0,CL0,CL0
1040,-95.197,48.246,-61.113,-57.009,-31.685,22.393,-80.615,72.330,223.427,113.407,52.975,122.470,CL5,CL0,CL0,CL3,CL6,CL3,CL4,CL0,CL0,CL0,CL0,CL0,CL3,CL0,CL0,CL0,CL3,CL0,CL3
1041,-95.197,-48.246,-61.113,-57.009,-31.685,73.545,-15.487,58.331,-76.096,41.594,-71.126,7.987,CL6,CL3,CL0,CL6,CL6,CL6,CL6,CL4,CL0,CL3,CL0,CL0,CL6,CL0,CL5,CL0,CL6,CL0,CL3
1042,49.788,48.246,116.365,96.082,-31.685,62.967,-15.487,-197.495,-15.487,-101.450,88.113,40.148,CL6,CL1,CL0,CL2,CL6,CL1,CL3,CL1,CL0,CL1,CL0,CL0,CL0,CL1,CL0,CL1,CL6,CL0,CL1
1043,49.788,-48.246,45.468,96.082,-31.685,22.393,-211.437,-209.015,-134.289,-138.502,186.203,76.540,CL6,CL0,CL0,CL3,CL6,CL0,CL6,CL0,CL0,CL0,CL0,CL0,CL0,CL0,CL0,CL0,CL0,CL0,CL0
1044,-7.854,-48.246,-61.113,-28.519,-31.685,102.119,-57.545,14.143,94.156,-52.745,88.113,-21.575,CL5,CL3,CL2,CL2,CL6,CL5,CL5,CL3,CL4,CL2,CL0,CL5,CL3,CL5,CL0,CL3,CL6,CL0,CL0
1045,-7.854,48.246,116.365,96.082,-31.685,91.093,-43.999,-142.424,76.096,-65.253,-137.983,-52.593,CL6,CL0,CL0,CL0,CL6,CL3,CL6,CL3,CL0,CL0,CL0,CL0,CL0,CL0,CL0,CL0,CL0,CL0,CL0
1046,-95.197,-48.246,-61.113,96.082,-31.685,73.545,128.610,143.533,94.156,-89.891,129.221,122.470,CL6,CL3,CL0,CL0,CL6,CL5,CL6,CL3,CL0,CL0,CL0,CL3,CL3,CL0,CL3,CL3,CL6,CL0,CL0
1047,-7.854,48.246,116.365,-57.009,-31.685,137.297,128.610,188.511,-253.830,-125.773,129.221,122.470,CL5,CL0,CL0,CL5,CL6,CL3,CL4,CL5,CL0,CL1,CL3,CL1,CL4,CL1,CL5,CL0,CL0,CL0,CL1
1048,-95.197,-48.246,-61.113,-57.009,-31.685,123.461,-123.177,44.585,-1.729,25.953,-137.983,-154.858,CL5,CL3,CL0,CL4,CL5,CL3,CL5,CL2,CL0,CL2,CL0,CL2,CL2,CL2,CL3,CL0,CL3,CL0,CL1
1049,-95.197,-48.246,116.365,96.082,-31.685,-143.907,257.309,44.585,-76.096,58.489,88.113,192.173,CL6,CL0,CL0,CL3,CL6,CL6,CL4,CL5,CL0,CL0,CL0,CL0,CL6,CL0,CL0,CL0,CL6,CL0,CL0
1050,-95.197,-48.246,-5.921,96.082,-31.685,-119.430,63.779,-1.928,28.783,-52.745,-21.712,-52.593,CL5,CL0,CL0,CL0,CL6,CL5,CL5,CL0,CL0,CL0,CL0,CL0,CL0,CL0,CL0,CL0,CL4,CL0,CL0
1051,-95.197,48.246,-61.113,-57.009,-31.685,102.119,47.617,143.533,161.108,-65.253,88.113,76.540,CL5,CL3,CL0,CL3,CL6,CL5,CL4,CL3,CL0,CL5,CL0,CL3,CL2,CL3,CL0,CL3,CL5,CL0,CL3
1052,-7.854,-48.246,198.437,-28.519,-31.685,-155.078,-15.487,72.330,-192.595,25.953,19.268,122.470,CL5,CL2,CL2,CL3,CL6,CL5,CL3,CL4,CL0,CL5,CL0,CL0,CL0,CL0,CL2,CL0,CL1,CL0,CL1
1053,-95.197,-48.246,-61.113,-57.009,-31.685,-67.825,-43.999,-97.631,-30.172,-27.607,-21.712,-21.575,CL5,CL0,CL0,CL3,CL6,CL6,CL4,CL0,CL0,CL3,CL0,CL0,CL3,CL3,CL0,CL4,CL6,CL0,CL2
1054,-95.197,-48.246,-122.751,24.923,-31.685,123.461,-57.545,-155.521,-192.595,-204.506,129.221,192.173,CL6,CL5,CL0,CL4,CL5,CL5,CL5,CL6,CL0,CL4,CL5,CL0,CL4,CL3,CL5,CL3,CL6,CL0,CL0
1055,-95.197,48.246,-61.113,-57.009,-31.685,41.667,-57.545,44.585,-30.172,-40.581,-21.712,-21.575,CL5,CL0,CL0,CL2,CL4,CL6,CL4,CL2,CL0,CL2,CL0,CL0,CL2,CL2,CL0,CL3,CL3,CL0,CL0
1056,-7.854,-48.246,-173.790,96.082,-31.685,-79.151,128.610,165.653,-60.633,58.489,19.268,40.148,CL6,CL2,CL2,CL4,CL5,CL4,CL5,CL2,CL0,CL4,CL0,CL4,CL3,CL6,CL0,CL3,CL6,CL0,CL6
1057,-7.854,48.246,-61.113,-57.009,-31.685,22.393,-15.487,72.330,59.042,146.191,-137.983,-118.084,CL4,CL2,CL2,CL3,CL5,CL5,CL4,CL2,CL2,CL2,CL0,CL0,CL2,CL0,CL2,CL2,CL2,CL0,CL1
1058,49.788,48.246,-122.751,-57.009,-31.685,31.287,-123.177,-111.902,-177.200,-138.502,19.268,40.148,CL4,CL5,CL0,CL3,CL5,CL4,CL5,CL2,CL0,CL0,CL0,CL0,CL6,CL1,CL2,CL1,CL3,CL0,CL1
1059,-95.197,-48.246,45.468,-57.009,-31.685,73.545,-109.207,-127.553,-45.321,-40.581,52.975,40.148,CL5,CL4,CL0,CL4,CL6,CL6,CL3,CL0,CL0,CL0,CL0,CL0,CL4,CL0,CL0,CL3,CL0,CL0,CL0
1060,-95.197,-48.246,-61.113,-57.009,-31.685,-58.016,-15.487,72.330,94.156,-27.607,-71.126,40.148,CL5,CL0,CL0,CL0,CL6,CL5,CL5,CL0,CL0,CL3,CL0,CL0,CL5,CL5,CL3,CL0,CL3,CL0,CL0
1061,109.449,48.246,116.365,-28.519,-31.685,-58.016,332,165.653,59.042,93.949,-137.983,-52.593,CL5,CL1,CL1,CL0,CL2,CL1,CL6,CL1,CL0,CL0,CL1,CL0,CL0,CL1,CL0,CL1,CL1,CL0,CL0
1062,-95.197,48.246,-122.751,-57.009,11.440,-24.649,63.779,-142.424,13.136,75.830,129.221,7.987,CL2,CL0,CL0,CL0,CL4,CL0,CL6,CL0,CL0,CL0,CL0,CL0,CL0,CL0,CL0,CL0,CL0,CL0,CL0
1063,-95.197,48.246,45.468,-57.009,190.725,123.461,193.886,165.653,-15.487,-52.745,129.221,122.470,CL5,CL0,CL0,CL3,CL5,CL4,CL6,CL0,CL0,CL0,CL0,CL0,CL0,CL4,CL0,CL4,CL0,CL0,CL0
1064,-7.854,-48.246,-61.113,-57.009,-31.685,-169.163,-15.487,88.309,-147.955,41.594,-21.712,7.987,CL5,CL2,CL0,CL2,CL4,CL6,CL5,CL2,CL2,CL4,CL0,CL0,CL0,CL3,CL0,CL3,CL5,CL0,CL2
1065,-7.854,-48.246,116.365,-28.519,11.440,-67.825,63.779,165.653,59.042,58.489,-21.712,122.470,CL5,CL4,CL3,CL3,CL6,CL6,CL6,CL2,CL0,CL2,CL0,CL0,CL3,CL3,CL0,CL4,CL6,CL0,CL1
1066,-95.197,-48.246,-61.113,-57.009,-31.685,-315.735,47.617,124.033,111.406,-113.788,88.113,76.540,CL4,CL0,CL0,CL0,CL4,CL6,CL5,CL0,CL0,CL0,CL0,CL0,CL3,CL4,CL0,CL0,CL5,CL0,CL0
1067,49.788,48.246,-143.719,24.923,-31.685,123.461,-69.509,58.331,28.783,163.088,-137.983,-154.858,CL5,CL0,CL0,CL0,CL6,CL2,CL4,CL0,CL0,CL0,CL0,CL0,CL0,CL0,CL0,CL0,CL6,CL0,CL0
1068,49.788,-48.246,45.468,24.923,-31.685,-58.016,-69.509,-239.883,-30.172,-27.607,-255.524,-118.084,CL3,CL0,CL0,CL0,CL6,CL0,CL4,CL0,CL0,CL0,CL0,CL0,CL0,CL0,CL0,CL1,CL0,CL0,CL0
1069,-95.197,-48.246,-122.751,96.082,-31.685,-169.163,96.248,-1.928,-1.729,-89.891,88.113,7.987,CL6,CL0,CL0,CL0,CL5,CL6,CL4,CL0,CL0,CL6,CL0,CL0,CL0,CL0,CL0,CL0,CL6,CL0,CL0
1070,-7.854,48.246,198.437,96.082,-31.685,-92.104,332,106.238,203.972,204.506,-137.983,-21.575,CL6,CL0,CL0,CL0,CL5,CL2,CL5,CL0,CL0,CL0,CL0,CL0,CL0,CL0,CL0,CL0,CL2,CL0,CL0
1071,-7.854,48.246,116.365,-28.519,-22.166,-5.188,-137.639,-45.174,-15.487,130.612,-21.712,-118.084,CL6,CL0,CL0,CL0,CL6,CL2,CL5,CL0,CL0,CL0,CL0,CL0,CL0,CL0,CL0,CL0,CL0,CL0,CL0
1072,-95.197,-48.246,116.365,96.082,-31.685,41.667,332,29.338,-60.633,12.331,88.113,7.987,CL5,CL0,CL0,CL0,CL6,CL2,CL6,CL0,CL0,CL0,CL0,CL0,CL2,CL0,CL0,CL0,CL0,CL0,CL0
1073,-95.197,-48.246,-61.113,21.128,-31.685,-46.725,-43.999,106.238,13.136,-138.502,-21.712,76.540,CL5,CL0,CL2,CL0,CL6,CL3,CL5,CL2,CL0,CL2,CL0,CL0,CL2,CL0,CL0,CL0,CL6,CL0,CL2
1074,-95.197,48.246,116.365,96.082,-31.685,160.383,-150.796,-17.779,28.783,-40.581,-71.126,-154.858,CL2,CL0,CL0,CL0,CL6,CL0,CL6,CL0,CL0,CL0,CL0,CL0,CL0,CL0,CL0,CL0,CL0,CL0,CL0
1075,49.788,48.246,198.437,96.082,-31.685,-67.825,32.197,-1.928,-30.172,146.191,-137.983,-154.858,CL5,CL0,CL0,CL0,CL3,CL0,CL6,CL0,CL0,CL0,CL0,CL0,CL0,CL0,CL0,CL0,CL0,CL0,CL0
1076,49.788,-48.246,-122.751,96.082,-31.685,31.287,-69.509,-45.174,-45.321,-14.277,19.268,76.540,CL6,CL0,CL1,CL0,CL5,CL2,CL6,CL0,CL0,CL0,CL0,CL0,CL0,CL0,CL0,CL0,CL3,CL0,CL0
1077,-95.197,-48.246,-143.719,96.082,-31.685,-92.104,-57.545,72.330,128.610,-27.607,-71.126,-21.575,CL3,CL0,CL0,CL0,CL5,CL6,CL4,CL0,CL0,CL0,CL0,CL0,CL4,CL0,CL0,CL4,CL0,CL0,CL0
1078,49.788,48.246,-5.921,24.923,-31.685,41.667,332,-97.631,13.136,-14.277,-137.983,-118.084,CL4,CL0,CL0,CL0,CL6,CL1,CL6,CL0,CL0,CL0,CL0,CL0,CL0,CL0,CL0,CL0,CL3,CL0,CL0
1079,-7.854,48.246,45.468,-57.009,-31.685,183.990,-192.173,188.511,-91.699,25.953,19.268,192.173,CL3,CL1,CL1,CL2,CL6,CL3,CL6,CL0,CL0,CL1,CL0,CL0,CL0,CL1,CL0,CL1,CL3,CL0,CL0
1080,109.449,-48.246,-5.921,96.082,-31.685,-155.078,96.248,-31.776,-45.321,25.953,-21.712,-154.858,CL4,CL0,CL0,CL0,CL6,CL0,CL6,CL0,CL0,CL0,CL0,CL0,CL0,CL0,CL0,CL0,CL0,CL0,CL0
1081,49.788,48.246,-5.921,96.082,-31.685,52.135,-137.639,-142.424,13.136,-113.788,-137.983,-118.084,CL4,CL0,CL0,CL0,CL5,CL1,CL5,CL0,CL0,CL0,CL0,CL0,CL0,CL0,CL0,CL0,CL0,CL0,CL0
1082,-7.854,48.246,116.365,96.082,11.440,31.287,174.091,-17.779,28.783,58.489,52.975,76.540,CL6,CL0,CL0,CL0,CL6,CL0,CL6,CL0,CL0,CL0,CL0,CL0,CL0,CL0,CL0,CL0,CL0,CL0,CL0
1083,-95.197,48.246,116.365,96.082,-31.685,-119.430,158.487,29.338,111.406,130.612,-21.712,-21.575,CL5,CL0,CL0,CL0,CL6,CL0,CL6,CL0,CL0,CL0,CL0,CL0,CL0,CL0,CL0,CL0,CL0,CL0,CL0
1084,-95.197,-48.246,116.365,96.082,-31.685,-24.649,47.617,-31.776,28.783,-52.745,-21.712,-21.575,CL5,CL0,CL0,CL0,CL6,CL2,CL6,CL0,CL0,CL0,CL0,CL0,CL2,CL0,CL0,CL2,CL3,CL0,CL0
1085,-95.197,48.246,116.365,96.082,-31.685,62.967,111.406,-84.732,-45.321,-125.773,-71.126,-84.637,CL6,CL0,CL0,CL0,CL6,CL0,CL6,CL4,CL0,CL0,CL0,CL0,CL0,CL0,CL0,CL0,CL0,CL0,CL0
1086,-95.197,48.246,45.468,96.082,-31.685,-5.188,-15.487,44.585,28.783,41.594,-137.983,-21.575,CL5,CL2,CL2,CL0,CL6,CL2,CL4,CL0,CL0,CL3,CL0,CL2,CL3,CL0,CL0,CL2,CL2,CL0,CL1
1087,-95.197,48.246,116.365,96.082,-31.685,-24.649,47.617,88.309,-15.487,181.175,52.975,40.148,CL6,CL0,CL0,CL0,CL5,CL0,CL5,CL0,CL0,CL0,CL0,CL0,CL0,CL0,CL0,CL0,CL0,CL0,CL0
1088,49.788,-48.246,-5.921,24.923,-31.685,-14.882,-15.487,58.331,43.852,58.489,-71.126,40.148,CL6,CL2,CL0,CL2,CL6,CL3,CL5,CL2,CL0,CL2,CL0,CL2,CL0,CL2,CL0,CL2,CL1,CL0,CL0
1089,-95.197,48.246,116.365,-28.519,-31.685,-5.188,96.248,215.324,-30.172,25.953,-137.983,-52.593,CL3,CL0,CL0,CL0,CL6,CL0,CL5,CL0,CL0,CL0,CL0,CL0,CL0,CL0,CL0,CL0,CL0,CL0,CL0
1090,-95.197,48.246,116.365,96.082,-31.685,52.135,47.617,-1.928,-30.172,25.953,19.268,-52.593,CL6,CL0,CL2,CL0,CL6,CL2,CL6,CL0,CL0,CL0,CL0,CL0,CL0,CL0,CL0,CL0,CL3,CL0,CL0
1091,-7.854,48.246,116.365,-57.009,-31.685,-46.725,-15.487,29.338,59.042,93.949,19.268,-84.637,CL6,CL6,CL0,CL3,CL6,CL0,CL6,CL0,CL0,CL0,CL0,CL0,CL0,CL0,CL4,CL0,CL0,CL0,CL0
1092,-7.854,48.246,45.468,96.082,-31.685,-105.308,145.421,14.143,111.406,-27.607,-137.983,76.540,CL6,CL2,CL5,CL0,CL6,CL5,CL5,CL2,CL0,CL0,CL0,CL0,CL0,CL0,CL0,CL2,CL6,CL0,CL1
1093,-95.197,48.246,116.365,96.082,-31.685,62.967,145.421,-17.779,246.262,-52.745,129.221,40.148,CL5,CL0,CL0,CL0,CL6,CL0,CL5,CL0,CL0,CL0,CL0,CL0,CL0,CL0,CL0,CL0,CL0,CL0,CL0
1094,109.449,48.246,-173.790,96.082,-31.685,-46.725,63.779,-111.902,111.406,12.331,19.268,-52.593,CL4,CL3,CL0,CL5,CL6,CL3,CL5,CL3,CL0,CL3,CL0,CL0,CL3,CL3,CL3,CL3,CL3,CL0,CL0
1095,-95.197,-48.246,45.468,-9.765,-31.685,-169.163,-80.615,-58.331,-121.213,-125.773,19.268,76.540,CL3,CL4,CL6,CL0,CL6,CL3,CL4,CL4,CL0,CL4,CL0,CL0,CL4,CL4,CL0,CL3,CL0,CL0,CL4
1096,-7.854,48.246,45.468,-9.765,-31.685,-143.907,174.091,-84.732,-60.633,58.489,88.113,40.148,CL6,CL2,CL0,CL2,CL6,CL4,CL5,CL3,CL0,CL3,CL0,CL0,CL0,CL0,CL0,CL0,CL5,CL0,CL0
1097,49.788,-48.246,116.365,96.082,-50.212,-46.725,96.248,14.143,-1.729,93.949,88.113,-21.575,CL5,CL0,CL0,CL2,CL4,CL0,CL5,CL0,CL0,CL0,CL0,CL0,CL0,CL0,CL0,CL0,CL6,CL0,CL0
1098,-7.854,-48.246,116.365,96.082,-31.685,113.281,-109.207,-84.732,-1.729,12.331,-21.712,-207.848,CL5,CL0,CL0,CL0,CL6,CL2,CL5,CL0,CL0,CL0,CL0,CL0,CL0,CL0,CL0,CL0,CL2,CL0,CL0
1099,-95.197,-48.246,-122.751,96.082,-31.685,-58.016,-69.509,165.653,181.866,-113.788,-21.712,-52.593,CL5,CL2,CL3,CL3,CL5,CL5,CL4,CL0,CL0,CL3,CL0,CL4,CL3,CL0,CL0,CL0,CL6,CL0,CL0
1100,-7.854,-48.246,-61.113,-57.009,-31.685,-92.104,332,72.330,13.136,-65.253,88.113,7.987,CL3,CL2,CL0,CL4,CL6,CL6,CL6,CL2,CL2,CL3,CL2,CL2,CL3,CL2,CL6,CL3,CL6,CL0,CL5
1101,-95.197,48.246,-61.113,-57.009,-31.685,4.257,-43.999,-1.928,-91.699,-65.253,-137.983,-21.575,CL4,CL0,CL0,CL0,CL6,CL5,CL4,CL0,CL0,CL0,CL0,CL0,CL3,CL0,CL0,CL3,CL0,CL0,CL0
1102,-95.197,48.246,116.365,96.082,-31.685,-132.828,128.610,29.338,43.852,58.489,-21.712,40.148,CL5,CL2,CL2,CL0,CL5,CL5,CL6,CL2,CL0,CL0,CL0,CL0,CL0,CL0,CL0,CL2,CL5,CL0,CL0
1103,-95.197,-48.246,-61.113,-28.519,-31.685,-58.016,47.617,-17.779,28.783,-178.169,19.268,76.540,CL6,CL4,CL0,CL0,CL6,CL5,CL5,CL0,CL0,CL0,CL0,CL0,CL0,CL0,CL0,CL0,CL6,CL0,CL0
1104,-95.197,48.246,45.468,-57.009,-31.685,31.287,-15.487,-58.331,-30.172,130.612,-71.126,-52.593,CL5,CL0,CL0,CL2,CL6,CL6,CL5,CL3,CL0,CL4,CL0,CL2,CL2,CL4,CL0,CL2,CL3,CL0,CL0
1105,-95.197,48.246,116.365,-28.519,-31.685,-79.151,-15.487,-17.779,-45.321,-40.581,-21.712,122.470,CL6,CL0,CL3,CL0,CL5,CL6,CL5,CL3,CL0,CL4,CL0,CL0,CL0,CL3,CL0,CL0,CL6,CL0,CL0
1106,-95.197,48.246,-122.751,-57.009,-31.685,-105.308,32.197,188.511,-91.699,-178.169,19.268,76.540,CL5,CL0,CL0,CL0,CL5,CL4,CL5,CL0,CL0,CL4,CL0,CL0,CL0,CL0,CL0,CL0,CL0,CL0,CL0
1107,-7.854,-48.246,-61.113,-28.519,-31.685,-119.430,-109.207,72.330,-121.213,-204.506,-137.983,7.987,CL6,CL3,CL2,CL3,CL6,CL5,CL5,CL3,CL0,CL4,CL0,CL3,CL3,CL4,CL0,CL4,CL6,CL0,CL0
1108,-7.854,48.246,198.437,96.082,-31.685,-14.882,-30.033,-45.174,223.427,163.088,-137.983,7.987,CL4,CL0,CL0,CL0,CL6,CL2,CL5,CL0,CL0,CL0,CL0,CL0,CL0,CL0,CL0,CL0,CL1,CL0,CL0
1109,-7.854,48.246,-61.113,-28.519,-31.685,198.437,-30.033,44.585,-121.213,-101.450,19.268,76.540,CL5,CL3,CL2,CL2,CL3,CL6,CL5,CL3,CL0,CL4,CL2,CL2,CL0,CL3,CL3,CL2,CL6,CL0,CL1
1110,-95.197,-48.246,45.468,96.082,-31.685,113.281,111.406,106.238,-15.487,-52.745,186.203,192.173,CL5,CL4,CL2,CL3,CL5,CL4,CL6,CL2,CL0,CL4,CL0,CL4,CL3,CL2,CL0,CL2,CL4,CL0,CL0
1111,-95.197,-48.246,-61.113,96.082,-31.685,-92.104,174.091,143.533,128.610,-27.607,19.268,40.148,CL6,CL5,CL3,CL5,CL6,CL5,CL5,CL5,CL0,CL5,CL0,CL5,CL3,CL3,CL0,CL0,CL6,CL0,CL0
1112,109.449,-48.246,-61.113,-57.009,-31.685,246.262,-150.796,-182.919,13.136,-164.101,88.113,-52.593,CL5,CL3,CL1,CL6,CL6,CL1,CL5,CL3,CL0,CL1,CL1,CL2,CL0,CL1,CL3,CL2,CL1,CL0,CL1
1113,-95.197,48.246,-61.113,-57.009,-31.685,22.393,-15.487,-31.776,223.427,146.191,-137.983,-118.084,CL5,CL0,CL0,CL6,CL6,CL3,CL4,CL0,CL0,CL4,CL0,CL0,CL3,CL4,CL0,CL5,CL0,CL0,CL0
1114,109.449,-48.246,198.437,-57.009,-31.685,41.667,-43.999,58.331,28.783,-125.773,129.221,7.987,CL6,CL6,CL0,CL2,CL6,CL3,CL6,CL2,CL0,CL1,CL0,CL0,CL0,CL3,CL3,CL2,CL2,CL0,CL0
1115,-95.197,-48.246,-122.751,-57.009,-31.685,-92.104,-123.177,-71.727,-107.533,58.489,-71.126,-52.593,CL5,CL0,CL4,CL3,CL6,CL6,CL6,CL4,CL0,CL4,CL0,CL3,CL3,CL3,CL3,CL4,CL6,CL0,CL2
1116,-95.197,-48.246,-61.113,-57.009,-31.685,-346.436,47.617,-1.928,128.610,204.506,-21.712,76.540,CL5,CL0,CL0,CL0,CL6,CL6,CL6,CL0,CL0,CL0,CL0,CL0,CL4,CL3,CL3,CL3,CL5,CL0,CL0
1117,109.449,-48.246,-173.790,96.082,-31.685,52.135,-57.545,44.585,-253.830,-27.607,88.113,-21.575,CL3,CL1,CL1,CL1,CL6,CL6,CL6,CL1,CL0,CL0,CL3,CL0,CL0,CL1,CL0,CL3,CL1,CL0,CL0
1118,-95.197,-48.246,-61.113,-57.009,11.440,91.093,332,124.033,-15.487,-138.502,129.221,40.148,CL5,CL0,CL0,CL3,CL6,CL6,CL6,CL0,CL0,CL3,CL0,CL0,CL6,CL4,CL0,CL4,CL6,CL0,CL0
1119,-95.197,-48.246,-61.113,-57.009,-31.685,160.383,-123.177,-17.779,-91.699,-65.253,-71.126,-21.575,CL6,CL4,CL0,CL6,CL6,CL6,CL6,CL0,CL0,CL4,CL0,CL0,CL4,CL3,CL3,CL3,CL6,CL0,CL0
1120,-7.854,48.246,45.468,-57.009,-31.685,-169.163,257.309,290.161,111.406,-27.607,52.975,192.173,CL6,CL6,CL0,CL3,CL6,CL6,CL6,CL3,CL0,CL3,CL0,CL0,CL0,CL4,CL5,CL5,CL6,CL0,CL4
1121,-95.197,-48.246,-61.113,-57.009,-31.685,102.119,-43.999,-1.928,-177.200,-101.450,88.113,76.540,CL4,CL5,CL0,CL3,CL4,CL6,CL5,CL0,CL0,CL3,CL0,CL0,CL3,CL3,CL0,CL3,CL3,CL0,CL0
1122,-7.854,-48.246,45.468,96.082,-31.685,-105.308,128.610,44.585,43.852,75.830,19.268,-21.575,CL5,CL2,CL2,CL0,CL6,CL2,CL6,CL2,CL0,CL2,CL0,CL2,CL2,CL0,CL0,CL0,CL2,CL0,CL0
1123,-7.854,-48.246,-61.113,-57.009,-31.685,-34.799,-244.904,-127.553,-76.096,-27.607,19.268,76.540,CL2,CL5,CL0,CL3,CL6,CL2,CL4,CL2,CL0,CL0,CL3,CL2,CL2,CL2,CL6,CL2,CL1,CL0,CL0
1124,-95.197,-48.246,-173.790,24.923,-31.685,-5.188,-192.173,165.653,-1.729,-40.581,-71.126,-52.593,CL3,CL2,CL0,CL2,CL6,CL3,CL4,CL3,CL2,CL2,CL0,CL2,CL2,CL2,CL4,CL2,CL6,CL0,CL0
1125,-7.854,-48.246,-5.921,96.082,-31.685,73.545,-94.779,-111.902,-1.729,-125.773,52.975,-52.593,CL6,CL6,CL2,CL3,CL6,CL3,CL6,CL3,CL0,CL3,CL0,CL4,CL6,CL0,CL0,CL2,CL6,CL0,CL0
1126,-7.854,-48.246,-122.751,96.082,-31.685,-105.308,332,-239.883,43.852,-665,129.221,7.987,CL6,CL2,CL2,CL5,CL4,CL6,CL6,CL3,CL3,CL3,CL0,CL4,CL6,CL2,CL0,CL2,CL6,CL0,CL3
1127,-7.854,-48.246,-5.921,-57.009,-31.685,137.297,-137.639,-45.174,-15.487,-230.408,-21.712,-21.575,CL4,CL4,CL2,CL5,CL6,CL5,CL5,CL3,CL0,CL4,CL3,CL0,CL4,CL0,CL2,CL3,CL6,CL0,CL3
1128,182.213,-48.246,-143.719,-57.009,-31.685,52.135,-43.999,-58.331,-162.090,58.489,-21.712,7.987,CL3,CL1,CL0,CL4,CL6,CL3,CL3,CL2,CL2,CL0,CL0,CL0,CL0,CL1,CL0,CL1,CL1,CL0,CL0
1129,-95.197,-48.246,-61.113,-57.009,-31.685,137.297,-94.779,72.330,28.783,-78.155,52.975,122.470,CL4,CL3,CL0,CL5,CL6,CL6,CL5,CL2,CL2,CL3,CL2,CL0,CL6,CL5,CL3,CL3,CL5,CL0,CL0
1130,-95.197,-48.246,-61.113,-57.009,-31.685,102.119,-203.972,-71.727,111.406,-125.773,88.113,40.148,CL5,CL5,CL0,CL3,CL6,CL6,CL5,CL3,CL2,CL3,CL0,CL0,CL2,CL3,CL6,CL2,CL6,CL0,CL2
1131,-95.197,-48.246,-61.113,-28.519,-31.685,-155.078,-123.177,88.309,161.108,-178.169,-21.712,40.148,CL5,CL0,CL0,CL0,CL3,CL5,CL6,CL0,CL0,CL0,CL0,CL3,CL3,CL3,CL3,CL4,CL5,CL0,CL0
1132,-95.197,-48.246,-61.113,-28.519,-31.685,41.667,16.767,-17.779,-1.729,-192.173,129.221,76.540,CL6,CL3,CL3,CL6,CL4,CL5,CL5,CL2,CL2,CL3,CL5,CL5,CL6,CL2,CL0,CL2,CL6,CL0,CL2
1133,-7.854,48.246,-5.921,-57.009,-31.685,228.554,80.523,72.330,-207.848,-178.169,186.203,192.173,CL4,CL0,CL0,CL6,CL6,CL3,CL0,CL4,CL0,CL2,CL5,CL0,CL0,CL2,CL4,CL2,CL6,CL0,CL0
1134,-7.854,-48.246,116.365,-46.841,-31.685,62.967,-69.509,14.143,-121.213,-27.607,-21.712,-21.575,CL6,CL2,CL3,CL6,CL6,CL6,CL6,CL3,CL0,CL2,CL2,CL2,CL6,CL2,CL3,CL3,CL3,CL0,CL6
1135,49.788,-48.246,-5.921,-9.765,-31.685,-132.828,16.767,165.653,111.406,25.953,129.221,76.540,CL3,CL3,CL0,CL2,CL3,CL5,CL5,CL0,CL0,CL3,CL0,CL0,CL3,CL3,CL0,CL3,CL6,CL0,CL0
1136,-95.197,-48.246,116.365,-57.009,-31.685,41.667,128.610,-111.902,-91.699,-52.745,186.203,40.148,CL5,CL5,CL0,CL4,CL6,CL3,CL6,CL3,CL0,CL0,CL0,CL0,CL3,CL0,CL6,CL0,CL6,CL0,CL2
1137,-95.197,-48.246,-122.751,-57.009,-31.685,137.297,63.779,-31.776,-134.289,-164.101,129.221,122.470,CL3,CL3,CL0,CL4,CL6,CL6,CL5,CL3,CL3,CL3,CL3,CL3,CL3,CL3,CL4,CL3,CL6,CL0,CL4
1138,-7.854,48.246,198.437,96.082,-31.685,-5.188,32.197,-84.732,-1.729,41.594,-137.983,-84.637,CL5,CL0,CL0,CL0,CL6,CL0,CL6,CL0,CL0,CL0,CL0,CL0,CL0,CL0,CL0,CL0,CL0,CL0,CL0
1139,-7.854,48.246,45.468,-28.519,-31.685,31.287,-192.173,-1.928,59.042,-125.773,-21.712,-84.637,CL5,CL0,CL0,CL0,CL6,CL0,CL5,CL0,CL0,CL0,CL0,CL0,CL0,CL0,CL0,CL0,CL0,CL0,CL0
1140,-7.854,-48.246,-61.113,-57.009,-31.685,52.135,-123.177,44.585,-315.735,-52.745,186.203,122.470,CL6,CL3,CL0,CL3,CL6,CL6,CL6,CL3,CL0,CL4,CL2,CL2,CL3,CL2,CL2,CL3,CL6,CL0,CL0
1141,-95.197,48.246,-61.113,-57.009,-31.685,-92.104,47.617,14.143,145.039,-27.607,-21.712,122.470,CL6,CL2,CL0,CL5,CL5,CL5,CL5,CL5,CL3,CL4,CL3,CL0,CL3,CL0,CL5,CL3,CL5,CL0,CL3
1142,-7.854,48.246,45.468,-9.765,-31.685,160.383,-163.340,72.330,-107.533,-151.840,52.975,122.470,CL4,CL2,CL0,CL3,CL6,CL6,CL4,CL0,CL0,CL2,CL0,CL0,CL0,CL0,CL0,CL0,CL6,CL0,CL2
1143,49.788,-48.246,-5.921,-57.009,-31.685,41.667,-123.177,14.143,-15.487,58.489,52.975,7.987,CL4,CL1,CL0,CL6,CL6,CL4,CL0,CL3,CL3,CL0,CL2,CL1,CL3,CL1,CL6,CL4,CL6,CL0,CL1
1144,-95.197,48.246,-61.113,-57.009,-31.685,198.437,-192.173,124.033,145.039,-113.788,-21.712,122.470,CL6,CL3,CL0,CL4,CL6,CL4,CL4,CL0,CL0,CL0,CL0,CL0,CL4,CL0,CL0,CL0,CL6,CL0,CL0
1145,109.449,-48.246,45.468,96.082,-31.685,22.393,-109.207,-71.727,-30.172,-65.253,19.268,-84.637,CL1,CL1,CL1,CL3,CL6,CL1,CL6,CL1,CL0,CL1,CL0,CL0,CL0,CL1,CL0,CL1,CL6,CL0,CL0
1146,-95.197,-48.246,-61.113,21.128,-31.685,160.383,-80.615,-71.727,-121.213,-218.109,-21.712,7.987,CL5,CL4,CL2,CL0,CL6,CL4,CL3,CL3,CL0,CL4,CL0,CL0,CL3,CL0,CL0,CL0,CL6,CL0,CL0
1147,-7.854,-48.246,116.365,-57.009,-31.685,22.393,-69.509,29.338,-1.729,-101.450,-71.126,-118.084,CL5,CL6,CL0,CL4,CL6,CL6,CL5,CL0,CL0,CL0,CL0,CL4,CL5,CL4,CL4,CL4,CL3,CL0,CL2
1148,-7.854,-48.246,45.468,-57.009,-31.685,-275.696,-43.999,-111.902,-147.955,93.949,-21.712,7.987,CL5,CL6,CL5,CL3,CL6,CL2,CL4,CL2,CL0,CL4,CL0,CL0,CL0,CL3,CL0,CL2,CL0,CL0,CL0
1149,49.788,-48.246,-5.921,-57.009,-31.685,183.990,-94.779,14.143,-147.955,-125.773,88.113,-52.593,CL3,CL3,CL1,CL4,CL6,CL3,CL3,CL1,CL1,CL2,CL0,CL2,CL5,CL3,CL3,CL2,CL6,CL0,CL1
1150,-95.197,-48.246,-61.113,-57.009,-31.685,13.606,16.767,14.143,-60.633,-65.253,52.975,192.173,CL5,CL4,CL2,CL4,CL6,CL6,CL5,CL6,CL3,CL5,CL2,CL3,CL2,CL3,CL3,CL3,CL5,CL0,CL2
1151,109.449,48.246,-122.751,-9.765,-31.685,-58.016,63.779,-31.776,43.852,93.949,-71.126,-52.593,CL1,CL6,CL2,CL6,CL5,CL6,CL5,CL2,CL0,CL2,CL2,CL2,CL0,CL2,CL0,CL2,CL6,CL0,CL0
1152,-7.854,-48.246,-61.113,-57.009,-31.685,123.461,-43.999,58.331,111.406,41.594,19.268,40.148,CL4,CL6,CL3,CL6,CL6,CL4,CL4,CL2,CL2,CL2,CL2,CL2,CL4,CL2,CL0,CL2,CL5,CL0,CL2
1153,49.788,48.246,45.468,-57.009,-31.685,172.012,-176.250,-58.331,-30.172,-125.773,88.113,-84.637,CL1,CL3,CL0,CL2,CL6,CL6,CL6,CL1,CL2,CL0,CL1,CL0,CL1,CL0,CL0,CL0,CL6,CL0,CL1
1154,182.213,48.246,116.365,-57.009,11.440,31.287,-69.509,-71.727,-121.213,-27.607,52.975,192.173,CL3,CL0,CL0,CL0,CL6,CL0,CL6,CL0,CL0,CL0,CL0,CL0,CL0,CL0,CL0,CL0,CL6,CL0,CL0
1155,-95.197,-48.246,-122.751,-28.519,-31.685,52.135,-80.615,-17.779,-15.487,-192.173,52.975,122.470,CL4,CL3,CL0,CL3,CL4,CL4,CL4,CL0,CL0,CL0,CL0,CL0,CL3,CL3,CL3,CL0,CL4,CL0,CL0
1156,-95.197,48.246,116.365,96.082,-31.685,41.667,16.767,29.338,76.096,-52.745,19.268,76.540,CL6,CL2,CL2,CL0,CL6,CL6,CL4,CL3,CL0,CL4,CL0,CL5,CL3,CL3,CL0,CL0,CL6,CL0,CL0
1157,-95.197,-48.246,198.437,96.082,-31.685,-92.104,174.091,165.653,161.108,-52.745,-21.712,122.470,CL6,CL2,CL2,CL4,CL6,CL5,CL6,CL0,CL0,CL4,CL0,CL3,CL3,CL0,CL0,CL5,CL4,CL0,CL0
1158,-95.197,48.246,-61.113,96.082,-31.685,22.393,-15.487,-31.776,-60.633,41.594,-21.712,-52.593,CL3,CL2,CL0,CL4,CL3,CL2,CL6,CL2,CL0,CL2,CL0,CL0,CL2,CL0,CL0,CL0,CL2,CL0,CL0
1159,-95.197,-48.246,-61.113,96.082,-31.685,62.967,193.886,188.511,43.852,-40.581,129.221,76.540,CL4,CL5,CL0,CL0,CL5,CL6,CL5,CL3,CL0,CL6,CL0,CL3,CL6,CL0,CL0,CL0,CL6,CL0,CL0
1160,109.449,-48.246,-5.921,21.128,-31.685,-46.725,332,-31.776,-121.213,93.949,-71.126,40.148,CL3,CL2,CL2,CL3,CL6,CL6,CL5,CL1,CL0,CL0,CL0,CL0,CL3,CL1,CL0,CL1,CL6,CL0,CL1
1161,-7.854,48.246,45.468,24.923,-31.685,62.967,-15.487,14.143,-1.729,-113.788,19.268,122.470,CL6,CL2,CL2,CL3,CL4,CL3,CL5,CL3,CL0,CL3,CL0,CL0,CL2,CL2,CL0,CL3,CL1,CL0,CL0
1162,-95.197,-48.246,-143.719,-57.009,11.440,82.562,-109.207,-142.424,-91.699,12.331,52.975,76.540,CL5,CL6,CL0,CL0,CL6,CL5,CL4,CL5,CL0,CL4,CL0,CL0,CL3,CL3,CL0,CL3,CL6,CL0,CL0
1163,-95.197,-48.246,-61.113,-57.009,-31.685,4.257,-15.487,165.653,13.136,25.953,52.975,192.173,CL5,CL3,CL0,CL3,CL4,CL5,CL4,CL4,CL0,CL2,CL3,CL0,CL3,CL2,CL3,CL2,CL3,CL0,CL0
1164,-7.854,48.246,198.437,96.082,-31.685,-14.882,-94.779,29.338,94.156,204.506,-71.126,-52.593,CL5,CL0,CL0,CL2,CL6,CL0,CL6,CL0,CL0,CL0,CL0,CL0,CL0,CL0,CL0,CL0,CL0,CL0,CL0
1165,-7.854,-48.246,-143.719,-9.765,-31.685,-34.799,32.197,-1.928,13.136,41.594,19.268,7.987,CL4,CL5,CL4,CL5,CL6,CL2,CL4,CL4,CL0,CL3,CL0,CL0,CL3,CL2,CL0,CL3,CL6,CL0,CL0
1166,-7.854,-48.246,-61.113,-57.009,-31.685,82.562,-109.207,44.585,-60.633,113.407,88.113,-21.575,CL5,CL0,CL0,CL5,CL4,CL5,CL5,CL0,CL0,CL0,CL0,CL0,CL5,CL0,CL5,CL3,CL1,CL0,CL0
1167,49.788,-48.246,45.468,-57.009,-31.685,-34.799,-57.545,88.309,76.096,-178.169,186.203,192.173,CL6,CL0,CL0,CL0,CL6,CL3,CL6,CL3,CL0,CL2,CL0,CL2,CL3,CL0,CL0,CL4,CL3,CL0,CL1
1168,-7.854,-48.246,45.468,-57.009,-31.685,52.135,-94.779,106.238,-30.172,58.489,-21.712,7.987,CL5,CL1,CL0,CL0,CL6,CL6,CL6,CL0,CL0,CL4,CL0,CL0,CL2,CL4,CL0,CL4,CL1,CL0,CL0
1169,-95.197,-48.246,-122.751,-57.009,-31.685,82.562,-30.033,143.533,-76.096,-101.450,88.113,76.540,CL6,CL2,CL0,CL0,CL6,CL6,CL5,CL0,CL0,CL0,CL0,CL0,CL4,CL0,CL3,CL3,CL2,CL0,CL0
1170,109.449,-48.246,-5.921,-57.009,-31.685,41.667,-15.487,-17.779,-192.595,-101.450,52.975,40.148,CL5,CL6,CL2,CL3,CL6,CL2,CL6,CL1,CL0,CL0,CL0,CL2,CL0,CL2,CL3,CL2,CL1,CL0,CL0
1171,49.788,48.246,45.468,-57.009,-31.685,-119.430,128.610,143.533,128.610,25.953,-71.126,-21.575,CL6,CL0,CL0,CL0,CL6,CL3,CL6,CL2,CL0,CL2,CL1,CL2,CL0,CL1,CL0,CL2,CL5,CL0,CL0
1172,49.788,-48.246,-61.113,-57.009,-31.685,13.606,-57.545,-1.928,-76.096,12.331,-71.126,40.148,CL3,CL0,CL0,CL5,CL6,CL6,CL5,CL0,CL0,CL0,CL0,CL0,CL0,CL1,CL6,CL2,CL6,CL0,CL1
1173,-95.197,-48.246,-61.113,-57.009,-31.685,-24.649,16.767,-97.631,59.042,93.949,88.113,40.148,CL5,CL3,CL0,CL3,CL6,CL6,CL5,CL3,CL0,CL3,CL4,CL3,CL2,CL0,CL3,CL2,CL3,CL0,CL3
1174,-95.197,48.246,-61.113,-57.009,-31.685,41.667,16.767,143.533,59.042,58.489,-137.983,7.987,CL4,CL0,CL0,CL3,CL6,CL6,CL6,CL0,CL0,CL2,CL0,CL0,CL2,CL2,CL0,CL0,CL3,CL0,CL2
1175,-95.197,-48.246,-61.113,-57.009,11.440,4.257,-80.615,88.309,-30.172,113.407,-21.712,76.540,CL4,CL5,CL0,CL6,CL6,CL6,CL6,CL6,CL1,CL3,CL3,CL3,CL2,CL3,CL3,CL3,CL6,CL0,CL0
1176,-7.854,-48.246,116.365,-57.009,-31.685,31.287,-80.615,-1.928,-91.699,113.407,186.203,192.173,CL6,CL6,CL0,CL0,CL6,CL4,CL6,CL0,CL0,CL0,CL0,CL0,CL1,CL1,CL0,CL0,CL5,CL0,CL0
1177,-95.197,-48.246,-61.113,-57.009,11.440,-143.907,332,-84.732,76.096,-27.607,-21.712,76.540,CL3,CL3,CL0,CL0,CL6,CL4,CL5,CL0,CL0,CL4,CL0,CL0,CL4,CL4,CL2,CL3,CL0,CL0,CL0
1178,-95.197,-48.246,-61.113,-28.519,-31.685,82.562,-15.487,-1.928,-134.289,-89.891,-137.983,7.987,CL5,CL2,CL0,CL6,CL2,CL3,CL5,CL3,CL0,CL3,CL0,CL0,CL5,CL0,CL5,CL0,CL0,CL0,CL0
1179,-7.854,48.246,-61.113,-57.009,-31.685,-46.725,32.197,14.143,161.108,12.331,129.221,40.148,CL5,CL0,CL0,CL3,CL6,CL2,CL5,CL1,CL0,CL1,CL0,CL0,CL0,CL1,CL0,CL1,CL0,CL0,CL0
1180,-7.854,48.246,116.365,-57.009,-31.685,212.700,47.617,188.511,-278.793,-125.773,186.203,192.173,CL4,CL6,CL0,CL4,CL6,CL4,CL6,CL4,CL0,CL1,CL3,CL1,CL4,CL1,CL4,CL0,CL3,CL0,CL2
1181,-95.197,-48.246,-61.113,-57.009,-31.685,-79.151,-30.033,-58.331,76.096,-27.607,-21.712,-118.084,CL0,CL3,CL0,CL4,CL6,CL6,CL3,CL0,CL0,CL0,CL0,CL0,CL3,CL3,CL6,CL3,CL0,CL0,CL0
1182,-95.197,-48.246,-61.113,-57.009,-31.685,-14.882,-163.340,29.338,-60.633,-27.607,-71.126,40.148,CL2,CL0,CL0,CL0,CL3,CL6,CL6,CL0,CL0,CL2,CL0,CL2,CL2,CL2,CL0,CL2,CL0,CL0,CL0
1183,-7.854,-48.246,-61.113,-28.519,-31.685,172.012,-43.999,-58.331,-45.321,-101.450,19.268,40.148,CL5,CL3,CL2,CL3,CL6,CL4,CL6,CL4,CL0,CL0,CL0,CL0,CL0,CL3,CL2,CL3,CL3,CL0,CL0
1184,-7.854,48.246,-5.921,-9.765,-31.685,41.667,-43.999,-58.331,223.427,-78.155,52.975,7.987,CL6,CL3,CL2,CL3,CL6,CL4,CL6,CL3,CL0,CL3,CL0,CL4,CL4,CL4,CL3,CL4,CL5,CL0,CL0
1185,-95.197,-48.246,45.468,-57.009,-31.685,-46.725,111.406,88.309,-30.172,181.175,-71.126,-21.575,CL5,CL3,CL0,CL3,CL6,CL6,CL5,CL0,CL0,CL4,CL0,CL4,CL3,CL3,CL0,CL3,CL0,CL0,CL0
1186,109.449,-48.246,-173.790,-57.009,-31.685,-14.882,-123.177,-17.779,94.156,25.953,-21.712,76.540,CL4,CL1,CL0,CL5,CL6,CL5,CL4,CL1,CL0,CL0,CL0,CL0,CL0,CL1,CL6,CL0,CL1,CL0,CL1
1187,-95.197,-48.246,-61.113,-57.009,-31.685,82.562,-30.033,58.331,-91.699,-89.891,88.113,76.540,CL5,CL5,CL0,CL3,CL6,CL5,CL5,CL0,CL0,CL3,CL3,CL0,CL4,CL0,CL4,CL0,CL6,CL0,CL3
1188,-95.197,-48.246,-61.113,-28.519,-31.685,-105.308,63.779,29.338,59.042,-78.155,186.203,40.148,CL6,CL0,CL0,CL2,CL5,CL4,CL6,CL0,CL0,CL3,CL0,CL0,CL5,CL0,CL0,CL3,CL4,CL0,CL0
1189,-7.854,48.246,45.468,96.082,-31.685,123.461,-30.033,88.309,43.852,-665,19.268,7.987,CL5,CL0,CL2,CL0,CL6,CL3,CL6,CL0,CL0,CL0,CL0,CL0,CL2,CL0,CL0,CL0,CL2,CL0,CL1
1190,182.213,48.246,198.437,-57.009,-31.685,-34.799,47.617,44.585,-45.321,-665,-21.712,7.987,CL6,CL1,CL2,CL2,CL6,CL6,CL6,CL2,CL1,CL2,CL1,CL1,CL5,CL2,CL0,CL3,CL6,CL0,CL0
1191,-95.197,-48.246,-61.113,24.923,-31.685,-119.430,145.421,44.585,-60.633,-665,129.221,40.148,CL4,CL4,CL0,CL0,CL6,CL6,CL5,CL6,CL0,CL4,CL0,CL0,CL3,CL0,CL0,CL3,CL6,CL0,CL0
1192,-95.197,-48.246,116.365,-57.009,-31.685,-221.844,32.197,72.330,181.866,93.949,-71.126,-52.593,CL5,CL0,CL0,CL0,CL6,CL5,CL5,CL2,CL0,CL3,CL0,CL0,CL2,CL3,CL0,CL0,CL2,CL0,CL0
1193,-95.197,48.246,-61.113,-57.009,-31.685,62.967,63.779,44.585,13.136,-257.309,186.203,122.470,CL3,CL6,CL2,CL0,CL6,CL0,CL6,CL0,CL0,CL0,CL0,CL4,CL4,CL0,CL2,CL0,CL4,CL0,CL0
1194,-95.197,-48.246,-122.751,24.923,-31.685,160.383,-150.796,44.585,43.852,-113.788,186.203,122.470,CL6,CL6,CL2,CL5,CL4,CL6,CL4,CL3,CL2,CL3,CL0,CL3,CL0,CL0,CL0,CL3,CL6,CL0,CL0
1195,-95.197,-48.246,-61.113,-57.009,-31.685,-275.696,111.406,106.238,161.108,-52.745,19.268,40.148,CL5,CL3,CL0,CL0,CL4,CL5,CL4,CL0,CL0,CL3,CL0,CL0,CL3,CL3,CL0,CL0,CL5,CL0,CL0
1196,49.788,-48.246,45.468,-57.009,-31.685,31.287,16.767,72.330,-107.533,41.594,52.975,122.470,CL5,CL2,CL0,CL5,CL6,CL0,CL6,CL0,CL0,CL0,CL0,CL0,CL0,CL0,CL0,CL0,CL2,CL0,CL0
1197,-95.197,-48.246,-61.113,-57.009,-31.685,91.093,-43.999,-1.928,-45.321,-164.101,88.113,40.148,CL5,CL3,CL0,CL5,CL6,CL2,CL6,CL0,CL0,CL5,CL0,CL0,CL5,CL2,CL0,CL5,CL5,CL0,CL0
1198,-95.197,-48.246,-61.113,-57.009,-31.685,52.135,-30.033,-58.331,-76.096,-52.745,-21.712,76.540,CL4,CL3,CL0,CL0,CL6,CL6,CL5,CL3,CL0,CL3,CL0,CL0,CL3,CL0,CL0,CL3,CL5,CL0,CL0
1199,-7.854,-48.246,45.468,24.923,-31.685,-92.104,-30.033,-17.779,-192.595,-27.607,52.975,-154.858,CL0,CL6,CL0,CL0,CL3,CL0,CL6,CL0,CL0,CL0,CL0,CL0,CL0,CL0,CL6,CL0,CL0,CL0,CL0
1200,-7.854,-48.246,-173.790,-57.009,-31.685,-34.799,-244.904,-71.727,-1.729,25.953,-137.983,-84.637,CL5,CL0,CL0,CL3,CL6,CL6,CL3,CL2,CL0,CL2,CL0,CL0,CL0,CL0,CL5,CL3,CL6,CL0,CL0
1201,-95.197,-48.246,-61.113,-57.009,-31.685,212.700,-272.827,-127.553,28.783,-192.173,52.975,122.470,CL3,CL0,CL0,CL0,CL6,CL4,CL5,CL0,CL0,CL0,CL0,CL0,CL6,CL0,CL0,CL3,CL6,CL0,CL0
1202,-7.854,48.246,45.468,-28.519,-31.685,13.606,-163.340,44.585,94.156,-164.101,-21.712,-84.637,CL6,CL0,CL0,CL0,CL6,CL0,CL6,CL0,CL0,CL0,CL0,CL0,CL0,CL0,CL0,CL0,CL0,CL0,CL0
1203,-95.197,-48.246,-61.113,-57.009,-31.685,31.287,96.248,188.511,-76.096,-65.253,129.221,192.173,CL5,CL4,CL4,CL4,CL5,CL6,CL4,CL5,CL0,CL4,CL6,CL0,CL4,CL3,CL4,CL4,CL5,CL0,CL0
1204,-95.197,-48.246,-61.113,-57.009,-31.685,-67.825,80.523,29.338,-107.533,-78.155,-21.712,76.540,CL6,CL0,CL0,CL0,CL6,CL6,CL5,CL0,CL0,CL2,CL0,CL4,CL2,CL4,CL2,CL3,CL2,CL0,CL0
1205,-95.197,-48.246,-122.751,-57.009,12.600,41.667,47.617,-31.776,-134.289,-27.607,52.975,122.470,CL5,CL3,CL0,CL4,CL6,CL6,CL0,CL3,CL3,CL3,CL5,CL3,CL3,CL3,CL5,CL3,CL6,CL0,CL3
1206,-7.854,-48.246,-61.113,-57.009,-31.685,82.562,-137.639,44.585,-107.533,-113.788,19.268,76.540,CL3,CL2,CL0,CL5,CL6,CL6,CL4,CL3,CL0,CL2,CL0,CL0,CL2,CL2,CL5,CL2,CL6,CL0,CL2
1207,-95.197,48.246,-122.751,96.082,-31.685,-105.308,-57.545,-1.928,-207.848,-138.502,129.221,40.148,CL5,CL0,CL0,CL0,CL5,CL4,CL6,CL0,CL0,CL0,CL0,CL0,CL2,CL0,CL0,CL0,CL6,CL0,CL2
1208,109.449,-48.246,45.468,96.082,-31.685,-46.725,158.487,143.533,145.039,130.612,-21.712,-21.575,CL4,CL0,CL0,CL0,CL6,CL0,CL6,CL0,CL0,CL0,CL0,CL0,CL0,CL0,CL0,CL0,CL0,CL0,CL0
1209,-95.197,-48.246,-5.921,-57.009,11.440,13.606,332,72.330,-221.844,146.191,88.113,192.173,CL6,CL0,CL2,CL3,CL6,CL6,CL5,CL3,CL3,CL0,CL4,CL0,CL3,CL4,CL0,CL5,CL0,CL0,CL0
1210,-95.197,-48.246,-61.113,24.923,-22.166,-155.078,-94.779,58.331,-107.533,-40.581,52.975,40.148,CL3,CL3,CL0,CL0,CL3,CL3,CL5,CL0,CL2,CL3,CL0,CL5,CL5,CL3,CL0,CL3,CL3,CL0,CL0
1211,109.449,-48.246,45.468,-9.765,-31.685,-105.308,63.779,-45.174,-107.533,75.830,88.113,76.540,CL5,CL4,CL2,CL4,CL6,CL3,CL5,CL3,CL0,CL4,CL0,CL0,CL1,CL3,CL0,CL0,CL0,CL0,CL0
1212,-95.197,-48.246,-61.113,24.923,-31.685,-143.907,111.406,58.331,-60.633,-78.155,88.113,40.148,CL5,CL0,CL0,CL0,CL6,CL6,CL5,CL0,CL0,CL0,CL0,CL0,CL4,CL0,CL0,CL4,CL2,CL0,CL0
1213,-95.197,-48.246,-61.113,-28.519,-31.685,-24.649,-109.207,29.338,-45.321,-101.450,-137.983,76.540,CL5,CL0,CL0,CL0,CL3,CL3,CL4,CL0,CL0,CL0,CL0,CL0,CL3,CL5,CL0,CL0,CL3,CL0,CL0
1214,-95.197,48.246,-61.113,24.923,-31.685,91.093,16.767,58.331,-15.487,-204.506,-137.983,40.148,CL4,CL6,CL0,CL0,CL5,CL3,CL4,CL3,CL0,CL4,CL0,CL0,CL2,CL0,CL0,CL0,CL4,CL0,CL2
1215,-95.197,-48.246,-61.113,-9.765,-31.685,-24.649,16.767,58.331,-45.321,-665,19.268,76.540,CL5,CL4,CL3,CL4,CL6,CL6,CL6,CL0,CL2,CL4,CL0,CL2,CL4,CL5,CL0,CL4,CL5,CL0,CL4
1216,49.788,48.246,-5.921,96.082,-31.685,73.545,47.617,-142.424,-91.699,12.331,129.221,76.540,CL6,CL0,CL0,CL0,CL6,CL1,CL5,CL0,CL0,CL0,CL0,CL0,CL0,CL0,CL0,CL0,CL3,CL0,CL0
1217,-7.854,-48.246,-5.921,-57.009,-31.685,123.461,-57.545,88.309,-1.729,-89.891,88.113,76.540,CL6,CL6,CL0,CL5,CL6,CL6,CL6,CL2,CL0,CL2,CL2,CL0,CL5,CL4,CL5,CL3,CL6,CL0,CL0
1218,-95.197,-48.246,-5.921,24.923,-31.685,-14.882,145.421,143.533,13.136,-138.502,52.975,76.540,CL5,CL4,CL0,CL0,CL6,CL6,CL4,CL0,CL0,CL5,CL0,CL0,CL4,CL3,CL0,CL3,CL0,CL0,CL0
1219,-95.197,-48.246,-61.113,-57.009,-31.685,41.667,63.779,-31.776,-91.699,-665,19.268,76.540,CL5,CL4,CL3,CL2,CL5,CL5,CL6,CL2,CL0,CL4,CL0,CL0,CL5,CL3,CL0,CL3,CL3,CL0,CL0
1220,-7.854,48.246,116.365,-57.009,-31.685,31.287,128.610,-17.779,-76.096,-101.450,19.268,-52.593,CL5,CL5,CL0,CL5,CL5,CL5,CL6,CL4,CL0,CL3,CL0,CL3,CL0,CL2,CL4,CL4,CL2,CL0,CL0
1221,-95.197,48.246,-61.113,-28.519,-31.685,-132.828,16.767,72.330,-121.213,-151.840,-71.126,76.540,CL4,CL0,CL0,CL4,CL6,CL3,CL5,CL0,CL0,CL0,CL0,CL6,CL0,CL4,CL0,CL4,CL3,CL0,CL0
1222,-95.197,48.246,-5.921,-57.009,-31.685,102.119,96.248,29.338,-162.090,-89.891,88.113,40.148,CL4,CL3,CL0,CL6,CL4,CL5,CL5,CL3,CL0,CL3,CL2,CL0,CL3,CL0,CL6,CL2,CL6,CL0,CL2
1223,-95.197,48.246,-122.751,-57.009,-31.685,102.119,-30.033,14.143,-147.955,-65.253,88.113,122.470,CL6,CL3,CL0,CL3,CL5,CL6,CL5,CL4,CL0,CL6,CL0,CL0,CL6,CL4,CL0,CL3,CL6,CL0,CL3
1224,-95.197,-48.246,-61.113,-57.009,-31.685,-24.649,63.779,29.338,-45.321,-665,129.221,122.470,CL5,CL3,CL0,CL5,CL6,CL6,CL6,CL3,CL3,CL3,CL0,CL3,CL3,CL3,CL5,CL3,CL6,CL0,CL0
1225,-7.854,-48.246,198.437,-57.009,-31.685,-46.725,-232.338,-221.069,-15.487,-14.277,-21.712,-118.084,CL5,CL0,CL2,CL0,CL5,CL0,CL5,CL0,CL0,CL0,CL0,CL0,CL0,CL0,CL0,CL0,CL0,CL0,CL0
1226,-95.197,48.246,-61.113,-57.009,-31.685,91.093,-30.033,-1.928,-1.729,-40.581,-21.712,-21.575,CL5,CL2,CL0,CL0,CL5,CL3,CL5,CL0,CL0,CL3,CL0,CL0,CL5,CL0,CL4,CL3,CL0,CL0,CL0
1227,-95.197,-48.246,45.468,-57.009,-31.685,62.967,145.421,58.331,13.136,93.949,19.268,192.173,CL6,CL5,CL0,CL4,CL6,CL5,CL3,CL4,CL0,CL3,CL0,CL0,CL3,CL0,CL0,CL3,CL6,CL0,CL2
1228,-7.854,48.246,45.468,-57.009,-31.685,52.135,63.779,124.033,-15.487,-138.502,52.975,-21.575,CL5,CL3,CL0,CL3,CL6,CL6,CL4,CL2,CL2,CL2,CL0,CL2,CL2,CL2,CL2,CL2,CL3,CL0,CL0
1229,49.788,-48.246,-173.790,-57.009,-31.685,113.281,-57.545,14.143,59.042,-151.840,-137.983,-21.575,CL2,CL2,CL0,CL2,CL3,CL3,CL6,CL2,CL2,CL3,CL1,CL0,CL2,CL1,CL0,CL1,CL6,CL0,CL1
1230,-95.197,-48.246,-61.113,-57.009,-22.166,-105.308,193.886,124.033,13.136,58.489,52.975,40.148,CL3,CL0,CL0,CL0,CL3,CL5,CL4,CL0,CL0,CL0,CL0,CL0,CL3,CL0,CL0,CL0,CL3,CL0,CL0
1231,-95.197,48.246,-122.751,-57.009,-31.685,13.606,16.767,106.238,-45.321,-14.277,19.268,7.987,CL6,CL3,CL0,CL2,CL4,CL6,CL5,CL3,CL3,CL3,CL0,CL3,CL3,CL3,CL2,CL3,CL3,CL0,CL0
1232,-95.197,48.246,45.468,-28.519,11.440,102.119,-123.177,106.238,-207.848,-52.745,129.221,122.470,CL6,CL2,CL0,CL2,CL5,CL6,CL4,CL3,CL0,CL3,CL0,CL0,CL0,CL3,CL0,CL0,CL6,CL0,CL2
1233,-95.197,48.246,-61.113,-28.519,-31.685,160.383,-43.999,44.585,59.042,41.594,19.268,7.987,CL5,CL0,CL0,CL0,CL6,CL0,CL6,CL0,CL0,CL0,CL0,CL0,CL0,CL0,CL0,CL0,CL6,CL0,CL0
1234,-95.197,-48.246,45.468,96.082,-31.685,73.545,-43.999,58.331,59.042,-14.277,19.268,40.148,CL5,CL4,CL4,CL3,CL6,CL4,CL4,CL5,CL0,CL4,CL0,CL5,CL5,CL0,CL5,CL3,CL6,CL0,CL0
1235,-95.197,-48.246,-61.113,-57.009,-31.685,4.257,-109.207,-1.928,28.783,58.489,-137.983,-154.858,CL4,CL2,CL0,CL3,CL2,CL6,CL4,CL3,CL0,CL3,CL0,CL0,CL0,CL3,CL3,CL3,CL3,CL0,CL0
1236,182.213,-48.246,116.365,-57.009,-31.685,13.606,63.779,58.331,-30.172,58.489,-21.712,-84.637,CL5,CL1,CL1,CL3,CL6,CL1,CL6,CL1,CL0,CL1,CL0,CL0,CL0,CL1,CL0,CL1,CL1,CL0,CL1
1237,109.449,48.246,116.365,96.082,-31.685,-169.163,80.523,124.033,59.042,-665,-21.712,-154.858,CL5,CL0,CL0,CL1,CL6,CL1,CL5,CL0,CL0,CL0,CL0,CL0,CL0,CL0,CL0,CL0,CL0,CL0,CL0
1238,-95.197,-48.246,45.468,-57.009,-31.685,4.257,80.523,88.309,-45.321,130.612,19.268,-52.593,CL4,CL0,CL0,CL4,CL6,CL6,CL5,CL0,CL0,CL0,CL0,CL0,CL0,CL0,CL4,CL0,CL0,CL0,CL0
1239,-7.854,-48.246,-122.751,-57.009,-31.685,31.287,32.197,88.309,111.406,-78.155,52.975,7.987,CL5,CL2,CL5,CL2,CL6,CL6,CL5,CL2,CL1,CL3,CL0,CL0,CL4,CL3,CL0,CL2,CL6,CL0,CL2
1240,-95.197,48.246,45.468,96.082,-31.685,-5.188,16.767,44.585,-134.289,41.594,52.975,76.540,CL6,CL0,CL0,CL0,CL5,CL0,CL5,CL0,CL0,CL0,CL0,CL0,CL0,CL0,CL0,CL0,CL0,CL0,CL0
1241,109.449,48.246,-61.113,96.082,-31.685,41.667,332,29.338,59.042,-665,52.975,-52.593,CL2,CL1,CL0,CL5,CL6,CL1,CL6,CL0,CL0,CL0,CL0,CL0,CL0,CL1,CL0,CL1,CL6,CL0,CL0
1242,49.788,48.246,45.468,96.082,-31.685,102.119,-137.639,-45.174,-15.487,-89.891,-21.712,-52.593,CL6,CL0,CL0,CL0,CL5,CL0,CL5,CL0,CL0,CL0,CL0,CL0,CL0,CL0,CL0,CL0,CL0,CL0,CL0
1243,-7.854,48.246,45.468,96.082,-31.685,-132.828,80.523,-127.553,-107.533,-14.277,-21.712,40.148,CL3,CL2,CL1,CL1,CL6,CL1,CL4,CL2,CL0,CL2,CL0,CL0,CL0,CL1,CL0,CL0,CL2,CL0,CL1
1244,109.449,48.246,45.468,96.082,-31.685,-92.104,-192.173,-142.424,145.039,93.949,-137.983,-52.593,CL4,CL0,CL0,CL0,CL6,CL1,CL6,CL0,CL0,CL0,CL0,CL0,CL0,CL0,CL0,CL1,CL0,CL0,CL0
1245,-7.854,48.246,45.468,96.082,-31.685,52.135,332,-97.631,13.136,-138.502,-71.126,-52.593,CL6,CL3,CL0,CL0,CL6,CL2,CL6,CL0,CL0,CL2,CL0,CL0,CL0,CL0,CL0,CL1,CL6,CL0,CL1
1246,109.449,48.246,45.468,96.082,-31.685,-132.828,174.091,-1.928,13.136,204.506,-137.983,-84.637,CL4,CL0,CL0,CL0,CL5,CL1,CL5,CL0,CL0,CL0,CL0,CL0,CL0,CL0,CL0,CL0,CL1,CL0,CL0
1247,109.449,48.246,-5.921,96.082,-31.685,-132.828,-30.033,-221.069,161.108,-125.773,-137.983,-154.858,CL3,CL0,CL0,CL0,CL6,CL1,CL6,CL0,CL0,CL0,CL0,CL0,CL0,CL0,CL0,CL0,CL0,CL0,CL0
1248,182.213,-48.246,45.468,96.082,-31.685,13.606,-57.545,-84.732,-45.321,-125.773,52.975,7.987,CL6,CL0,CL0,CL0,CL6,CL1,CL6,CL0,CL0,CL0,CL0,CL0,CL0,CL0,CL0,CL0,CL6,CL0,CL0
1249,109.449,48.246,-5.921,96.082,-31.685,-58.016,-30.033,-31.776,128.610,58.489,-137.983,-21.575,CL5,CL0,CL0,CL0,CL6,CL0,CL6,CL0,CL0,CL0,CL0,CL0,CL0,CL0,CL0,CL0,CL0,CL0,CL0
1250,109.449,48.246,116.365,96.082,-31.685,-46.725,-15.487,143.533,-1.729,93.949,186.203,76.540,CL5,CL0,CL0,CL3,CL6,CL1,CL6,CL0,CL0,CL0,CL0,CL0,CL0,CL1,CL0,CL1,CL6,CL0,CL0
1251,49.788,48.246,116.365,96.082,-31.685,-92.104,-15.487,44.585,-45.321,113.407,-71.126,-52.593,CL6,CL0,CL0,CL0,CL6,CL0,CL6,CL0,CL0,CL0,CL0,CL0,CL0,CL0,CL0,CL0,CL0,CL0,CL0
1252,109.449,48.246,198.437,96.082,12.600,73.545,-15.487,124.033,-45.321,75.830,52.975,76.540,CL6,CL1,CL0,CL3,CL6,CL2,CL4,CL0,CL0,CL0,CL0,CL0,CL0,CL0,CL0,CL0,CL2,CL0,CL0
1253,49.788,48.246,-143.719,96.082,-31.685,31.287,-163.340,-197.495,-107.533,-138.502,-137.983,-207.848,CL5,CL0,CL0,CL0,CL6,CL0,CL6,CL0,CL0,CL0,CL0,CL0,CL0,CL0,CL0,CL0,CL0,CL0,CL0
1254,49.788,48.246,45.468,96.082,-31.685,-34.799,-123.177,-197.495,28.783,-27.607,-137.983,-118.084,CL6,CL0,CL0,CL0,CL6,CL1,CL6,CL0,CL0,CL0,CL0,CL0,CL0,CL0,CL0,CL0,CL1,CL0,CL0
1255,-7.854,48.246,45.468,96.082,11.440,4.257,-80.615,-31.776,-45.321,-65.253,-21.712,-21.575,CL3,CL0,CL0,CL3,CL3,CL0,CL5,CL0,CL0,CL0,CL0,CL0,CL0,CL0,CL0,CL0,CL0,CL0,CL0
1256,109.449,48.246,45.468,96.082,-31.685,137.297,-69.509,29.338,145.039,12.331,-137.983,-52.593,CL6,CL0,CL0,CL1,CL6,CL0,CL6,CL0,CL0,CL0,CL0,CL0,CL0,CL0,CL0,CL0,CL0,CL0,CL0
1257,49.788,48.246,45.468,96.082,-31.685,-105.308,-57.545,-1.928,-134.289,58.489,88.113,40.148,CL5,CL0,CL0,CL0,CL6,CL0,CL5,CL0,CL0,CL0,CL0,CL0,CL0,CL0,CL0,CL0,CL0,CL0,CL0
1258,-7.854,48.246,116.365,96.082,-31.685,149.158,-123.177,-71.727,-91.699,-665,-71.126,-52.593,CL6,CL0,CL0,CL0,CL6,CL0,CL4,CL0,CL0,CL0,CL0,CL0,CL0,CL0,CL0,CL0,CL0,CL0,CL0
1259,-7.854,48.246,198.437,96.082,-31.685,-92.104,80.523,-58.331,-60.633,-665,-137.983,-84.637,CL3,CL0,CL0,CL0,CL6,CL0,CL5,CL0,CL0,CL0,CL0,CL0,CL0,CL0,CL0,CL0,CL0,CL0,CL0
1260,109.449,48.246,116.365,96.082,-31.685,-34.799,-80.615,-45.174,-121.213,-14.277,186.203,40.148,CL3,CL0,CL0,CL1,CL6,CL0,CL5,CL0,CL0,CL0,CL0,CL0,CL0,CL0,CL0,CL0,CL0,CL0,CL0
1261,109.449,48.246,45.468,96.082,-31.685,-67.825,32.197,-31.776,28.783,-78.155,19.268,40.148,CL5,CL1,CL1,CL1,CL6,CL6,CL4,CL1,CL1,CL3,CL0,CL0,CL0,CL1,CL0,CL1,CL1,CL0,CL0
1262,-7.854,48.246,-61.113,96.082,-31.685,149.158,-57.545,106.238,111.406,-78.155,186.203,7.987,CL4,CL0,CL0,CL0,CL6,CL0,CL6,CL0,CL0,CL0,CL0,CL0,CL0,CL0,CL0,CL0,CL0,CL0,CL0
1263,-7.854,48.246,-5.921,96.082,-31.685,31.287,96.248,-97.631,13.136,58.489,52.975,76.540,CL6,CL1,CL1,CL0,CL6,CL3,CL5,CL2,CL0,CL1,CL0,CL0,CL0,CL0,CL0,CL0,CL6,CL0,CL0
1264,109.449,48.246,45.468,96.082,-31.685,4.257,-15.487,-71.727,28.783,58.489,-71.126,-21.575,CL6,CL0,CL0,CL0,CL6,CL1,CL6,CL0,CL0,CL0,CL0,CL0,CL0,CL0,CL0,CL1,CL1,CL0,CL0
1265,-7.854,48.246,-5.921,96.082,-31.685,-34.799,-80.615,-111.902,59.042,-665,52.975,40.148,CL6,CL0,CL0,CL0,CL6,CL0,CL6,CL0,CL0,CL0,CL0,CL0,CL0,CL0,CL0,CL0,CL0,CL0,CL0
1266,49.788,48.246,-173.790,96.082,-31.685,-79.151,332,-111.902,-30.172,25.953,19.268,-21.575,CL5,CL0,CL0,CL0,CL6,CL0,CL6,CL0,CL0,CL0,CL0,CL0,CL0,CL0,CL0,CL0,CL0,CL0,CL0
1267,-7.854,48.246,116.365,96.082,-31.685,183.990,-94.779,-31.776,-177.200,-204.506,129.221,192.173,CL5,CL2,CL2,CL3,CL6,CL2,CL5,CL3,CL0,CL3,CL0,CL5,CL0,CL0,CL0,CL0,CL5,CL0,CL0
1268,49.788,48.246,-5.921,96.082,-31.685,13.606,-109.207,-45.174,59.042,25.953,-137.983,-207.848,CL6,CL0,CL0,CL0,CL6,CL0,CL6,CL0,CL0,CL0,CL0,CL0,CL0,CL0,CL0,CL0,CL0,CL0,CL0
1269,49.788,48.246,45.468,96.082,-31.685,41.667,332,-111.902,-162.090,-665,19.268,40.148,CL5,CL2,CL0,CL0,CL5,CL0,CL5,CL2,CL0,CL2,CL0,CL0,CL0,CL0,CL0,CL0,CL0,CL0,CL0
1270,-7.854,48.246,116.365,96.082,-31.685,-5.188,-43.999,-45.174,181.866,25.953,-137.983,-52.593,CL5,CL0,CL1,CL0,CL6,CL1,CL6,CL0,CL0,CL0,CL0,CL0,CL0,CL0,CL0,CL0,CL2,CL0,CL1
1271,-7.854,48.246,-5.921,96.082,-31.685,-132.828,-15.487,-111.902,94.156,12.331,-71.126,-52.593,CL3,CL2,CL2,CL3,CL3,CL3,CL3,CL3,CL0,CL3,CL0,CL0,CL0,CL2,CL0,CL2,CL3,CL0,CL0
1272,182.213,48.246,45.468,96.082,-31.685,-14.882,-15.487,14.143,76.096,-52.745,88.113,-118.084,CL6,CL0,CL0,CL2,CL6,CL0,CL6,CL0,CL0,CL0,CL0,CL0,CL0,CL0,CL0,CL0,CL1,CL0,CL0
1273,49.788,48.246,-61.113,-28.519,-31.685,172.012,-94.779,-182.919,76.096,-101.450,19.268,-207.848,CL4,CL0,CL0,CL0,CL6,CL0,CL5,CL0,CL0,CL0,CL0,CL0,CL0,CL0,CL0,CL0,CL1,CL0,CL0
1274,49.788,-48.246,198.437,-28.519,-31.685,172.012,-15.487,88.309,-107.533,-40.581,-21.712,-21.575,CL4,CL0,CL0,CL1,CL5,CL0,CL5,CL0,CL0,CL0,CL0,CL0,CL0,CL0,CL3,CL0,CL0,CL0,CL1
1275,49.788,48.246,116.365,96.082,-31.685,-105.308,16.767,44.585,-30.172,58.489,-21.712,-21.575,CL5,CL1,CL1,CL0,CL6,CL2,CL5,CL1,CL0,CL1,CL0,CL0,CL1,CL0,CL0,CL1,CL3,CL0,CL0
1276,109.449,48.246,-5.921,96.082,-31.685,-169.163,-69.509,-168.062,13.136,181.175,-71.126,7.987,CL3,CL6,CL2,CL4,CL5,CL2,CL6,CL2,CL0,CL5,CL0,CL2,CL3,CL2,CL0,CL2,CL1,CL0,CL0
1277,-95.197,-48.246,-61.113,-57.009,-31.685,-46.725,111.406,58.331,-60.633,-113.788,52.975,122.470,CL5,CL3,CL0,CL0,CL5,CL6,CL6,CL0,CL0,CL3,CL0,CL0,CL4,CL5,CL2,CL0,CL5,CL0,CL0
1278,-7.854,48.246,-61.113,-57.009,12.600,-5.188,145.421,215.324,-91.699,-52.745,129.221,122.470,CL5,CL2,CL0,CL3,CL6,CL6,CL6,CL2,CL2,CL0,CL2,CL0,CL0,CL3,CL6,CL3,CL2,CL0,CL1
1279,49.788,48.246,-5.921,-57.009,-31.685,-119.430,-30.033,72.330,94.156,113.407,-137.983,7.987,CL4,CL1,CL0,CL2,CL4,CL4,CL4,CL2,CL1,CL1,CL1,CL0,CL0,CL1,CL1,CL2,CL6,CL0,CL0
1280,-95.197,48.246,45.468,96.082,-50.212,62.967,16.767,-111.902,28.783,-52.745,52.975,-52.593,CL5,CL0,CL0,CL0,CL5,CL0,CL6,CL0,CL0,CL0,CL0,CL0,CL0,CL0,CL0,CL0,CL0,CL0,CL4
1281,-95.197,-48.246,45.468,96.082,-50.212,82.562,63.779,-84.732,-221.844,93.949,186.203,192.173,CL0,CL0,CL0,CL0,CL0,CL0,CL0,CL0,CL0,CL0,CL0,CL0,CL0,CL0,CL0,CL0,CL0,CL0,CL0
1282,-95.197,-48.246,-61.113,-57.009,-31.685,-132.828,174.091,29.338,111.406,41.594,-21.712,-21.575,CL4,CL0,CL0,CL0,CL6,CL5,CL5,CL0,CL0,CL3,CL0,CL0,CL2,CL0,CL0,CL4,CL3,CL0,CL0
1283,-95.197,48.246,-61.113,96.082,11.440,-143.907,332,14.143,13.136,-27.607,-71.126,7.987,CL4,CL5,CL3,CL4,CL6,CL6,CL6,CL3,CL0,CL3,CL0,CL3,CL5,CL0,CL0,CL5,CL6,CL0,CL0
1284,-95.197,48.246,-61.113,-57.009,-31.685,82.562,-203.972,44.585,-121.213,-192.173,186.203,122.470,CL4,CL5,CL0,CL4,CL6,CL5,CL6,CL4,CL0,CL0,CL0,CL0,CL3,CL0,CL3,CL0,CL6,CL0,CL2
1285,-95.197,-48.246,-61.113,-57.009,-31.685,198.437,-94.779,-1.928,-121.213,-125.773,-71.126,-118.084,CL6,CL0,CL0,CL0,CL6,CL6,CL6,CL4,CL0,CL6,CL0,CL0,CL3,CL0,CL6,CL0,CL5,CL0,CL0
1286,-95.197,-48.246,-61.113,-57.009,-22.166,-186.962,193.886,290.161,76.096,25.953,129.221,122.470,CL5,CL6,CL0,CL3,CL4,CL6,CL6,CL4,CL0,CL3,CL4,CL0,CL6,CL6,CL5,CL3,CL6,CL0,CL2
1287,-95.197,-48.246,-61.113,-57.009,-31.685,73.545,47.617,-71.727,-147.955,-52.745,186.203,76.540,CL3,CL0,CL0,CL3,CL5,CL6,CL5,CL2,CL0,CL2,CL2,CL0,CL0,CL0,CL6,CL2,CL6,CL0,CL0
1288,49.788,48.246,45.468,-57.009,-31.685,-58.016,47.617,215.324,-45.321,-14.277,88.113,122.470,CL6,CL1,CL0,CL2,CL6,CL2,CL6,CL1,CL1,CL1,CL1,CL0,CL2,CL1,CL5,CL1,CL2,CL0,CL0
1289,-95.197,48.246,-61.113,-57.009,-31.685,-5.188,96.248,-1.928,-107.533,-40.581,-21.712,40.148,CL4,CL0,CL0,CL0,CL2,CL6,CL5,CL0,CL0,CL5,CL0,CL0,CL3,CL5,CL0,CL3,CL6,CL0,CL0
1290,-95.197,-48.246,116.365,96.082,-31.685,-46.725,32.197,88.309,-15.487,75.830,-21.712,7.987,CL5,CL2,CL3,CL3,CL6,CL5,CL6,CL3,CL0,CL4,CL0,CL5,CL5,CL3,CL0,CL4,CL5,CL0,CL0
1291,-95.197,-48.246,-61.113,-28.519,11.440,113.281,-163.340,-1.928,-107.533,-101.450,19.268,76.540,CL5,CL0,CL5,CL6,CL5,CL3,CL5,CL4,CL0,CL3,CL0,CL0,CL6,CL3,CL6,CL0,CL5,CL0,CL5
1292,-7.854,-48.246,-5.921,96.082,-31.685,-24.649,80.523,29.338,-30.172,12.331,186.203,122.470,CL5,CL3,CL3,CL0,CL6,CL6,CL4,CL6,CL2,CL5,CL0,CL2,CL3,CL2,CL0,CL2,CL6,CL0,CL0
1293,-7.854,-48.246,-61.113,-57.009,-31.685,183.990,-109.207,44.585,-162.090,-125.773,129.221,122.470,CL5,CL0,CL2,CL2,CL6,CL4,CL0,CL3,CL2,CL3,CL2,CL2,CL2,CL2,CL0,CL2,CL6,CL0,CL2
1294,-7.854,48.246,116.365,-57.009,-31.685,73.545,212.700,124.033,-76.096,146.191,88.113,192.173,CL6,CL2,CL0,CL5,CL6,CL6,CL5,CL4,CL0,CL4,CL0,CL3,CL2,CL4,CL0,CL5,CL6,CL0,CL5
1295,-95.197,48.246,-61.113,-57.009,-31.685,183.990,-221.069,72.330,-76.096,-101.450,-21.712,-52.593,CL5,CL0,CL0,CL0,CL6,CL6,CL6,CL0,CL0,CL3,CL0,CL0,CL0,CL4,CL3,CL3,CL3,CL0,CL0
1296,-95.197,-48.246,-61.113,-57.009,-31.685,4.257,-57.545,124.033,76.096,-113.788,-71.126,76.540,CL4,CL3,CL4,CL2,CL6,CL6,CL6,CL0,CL3,CL0,CL0,CL0,CL3,CL0,CL4,CL5,CL3,CL0,CL2
1297,-95.197,48.246,-61.113,-57.009,-31.685,-34.799,47.617,-17.779,-91.699,130.612,-21.712,7.987,CL6,CL0,CL0,CL0,CL6,CL4,CL5,CL0,CL0,CL0,CL0,CL0,CL0,CL0,CL0,CL0,CL5,CL0,CL0
1298,-95.197,-48.246,-61.113,-57.009,11.440,-34.799,332,58.331,-15.487,-52.745,19.268,122.470,CL4,CL3,CL0,CL3,CL3,CL6,CL6,CL3,CL3,CL3,CL3,CL2,CL3,CL3,CL3,CL3,CL5,CL0,CL0
1299,49.788,48.246,45.468,-57.009,-31.685,-205.048,47.617,58.331,-134.289,-52.745,52.975,7.987,CL6,CL1,CL0,CL6,CL6,CL3,CL6,CL3,CL0,CL1,CL0,CL0,CL3,CL1,CL6,CL1,CL6,CL0,CL0
1300,-7.854,-48.246,-61.113,-57.009,-31.685,91.093,-15.487,165.653,13.136,25.953,52.975,122.470,CL3,CL2,CL0,CL2,CL6,CL3,CL4,CL2,CL0,CL2,CL0,CL0,CL3,CL2,CL2,CL2,CL3,CL0,CL2
1301,49.788,48.246,-61.113,-57.009,-31.685,-58.016,-94.779,143.533,28.783,-65.253,-21.712,7.987,CL3,CL6,CL2,CL6,CL5,CL4,CL5,CL2,CL0,CL3,CL2,CL3,CL2,CL2,CL3,CL2,CL6,CL0,CL2
1302,-95.197,48.246,-61.113,-57.009,-31.685,22.393,128.610,14.143,94.156,113.407,19.268,-84.637,CL3,CL0,CL0,CL0,CL5,CL6,CL5,CL0,CL0,CL0,CL0,CL0,CL0,CL4,CL0,CL0,CL3,CL0,CL0
1303,-95.197,-48.246,45.468,-57.009,-31.685,-67.825,145.421,143.533,145.039,113.407,-137.983,7.987,CL5,CL0,CL0,CL2,CL6,CL3,CL6,CL0,CL0,CL2,CL0,CL0,CL2,CL0,CL0,CL0,CL6,CL0,CL0
1304,49.788,-48.246,45.468,-9.765,-31.685,-5.188,-57.545,-97.631,-60.633,41.594,-137.983,-207.848,CL5,CL4,CL4,CL4,CL6,CL2,CL4,CL4,CL0,CL4,CL0,CL3,CL6,CL3,CL3,CL3,CL2,CL0,CL3
1305,-95.197,48.246,-61.113,-57.009,-31.685,-46.725,80.523,165.653,94.156,-138.502,129.221,40.148,CL5,CL3,CL0,CL0,CL5,CL6,CL5,CL0,CL0,CL4,CL0,CL0,CL3,CL4,CL0,CL3,CL6,CL0,CL0
1306,-95.197,-48.246,-61.113,-9.765,-31.685,261.139,-232.338,106.238,-1.729,-242.317,19.268,-84.637,CL6,CL0,CL0,CL2,CL6,CL6,CL6,CL0,CL0,CL3,CL0,CL0,CL0,CL5,CL0,CL0,CL2,CL0,CL2
1307,-7.854,-48.246,-61.113,-57.009,-31.685,-34.799,63.779,188.511,-60.633,25.953,19.268,76.540,CL4,CL6,CL0,CL3,CL5,CL6,CL5,CL0,CL0,CL0,CL0,CL0,CL3,CL0,CL2,CL4,CL6,CL0,CL0
1308,-7.854,-48.246,116.365,96.082,-31.685,-92.104,-123.177,-17.779,-76.096,12.331,-21.712,-21.575,CL6,CL0,CL0,CL0,CL6,CL2,CL6,CL0,CL0,CL0,CL0,CL0,CL0,CL0,CL0,CL0,CL3,CL0,CL0
1309,-7.854,48.246,45.468,-28.519,11.440,-34.799,47.617,14.143,43.852,-665,52.975,40.148,CL5,CL0,CL0,CL3,CL6,CL5,CL3,CL4,CL0,CL0,CL0,CL0,CL0,CL3,CL0,CL3,CL6,CL0,CL0
1310,-7.854,48.246,116.365,21.128,-31.685,-143.907,285.950,72.330,223.427,25.953,52.975,192.173,CL5,CL2,CL0,CL2,CL6,CL2,CL6,CL0,CL0,CL0,CL0,CL0,CL0,CL0,CL0,CL0,CL3,CL0,CL2
1311,-95.197,-48.246,-173.790,-28.519,-31.685,52.135,-80.615,-97.631,-76.096,-27.607,52.975,40.148,CL5,CL3,CL4,CL4,CL6,CL3,CL4,CL1,CL0,CL2,CL0,CL0,CL3,CL0,CL0,CL0,CL6,CL0,CL0
1312,-95.197,48.246,-61.113,96.082,-31.685,-24.649,32.197,29.338,43.852,75.830,-21.712,7.987,CL6,CL0,CL2,CL0,CL5,CL3,CL6,CL0,CL0,CL0,CL0,CL0,CL0,CL0,CL0,CL0,CL6,CL0,CL0
1313,49.788,48.246,116.365,-57.009,-31.685,-105.308,193.886,88.309,-45.321,181.175,-71.126,7.987,CL6,CL0,CL0,CL3,CL6,CL6,CL6,CL0,CL0,CL2,CL0,CL0,CL2,CL1,CL0,CL2,CL6,CL0,CL1
1314,-95.197,48.246,-61.113,-57.009,-31.685,-132.828,232.338,-239.883,-147.955,-138.502,186.203,122.470,CL6,CL6,CL0,CL0,CL6,CL4,CL5,CL3,CL0,CL6,CL0,CL3,CL3,CL0,CL0,CL3,CL0,CL0,CL0
1315,49.788,-48.246,45.468,-57.009,-31.685,-92.104,96.248,58.331,94.156,113.407,52.975,122.470,CL6,CL2,CL1,CL1,CL6,CL5,CL6,CL2,CL0,CL1,CL0,CL0,CL0,CL3,CL0,CL2,CL6,CL0,CL1
1316,-95.197,-48.246,45.468,-28.519,-31.685,-186.962,111.406,72.330,-30.172,130.612,-21.712,40.148,CL2,CL5,CL2,CL0,CL5,CL5,CL5,CL0,CL0,CL0,CL0,CL0,CL2,CL3,CL0,CL3,CL3,CL0,CL0
1317,-7.854,-48.246,-5.921,-57.009,-31.685,-92.104,-15.487,72.330,-177.200,-40.581,-21.712,-21.575,CL5,CL3,CL0,CL0,CL6,CL6,CL5,CL3,CL0,CL2,CL0,CL0,CL3,CL2,CL0,CL3,CL6,CL0,CL0
1318,-7.854,48.246,45.468,96.082,-31.685,4.257,80.523,-168.062,-134.289,58.489,-71.126,-52.593,CL5,CL0,CL0,CL0,CL6,CL2,CL4,CL0,CL0,CL0,CL0,CL0,CL0,CL0,CL0,CL0,CL6,CL0,CL0
1319,-95.197,48.246,-61.113,-57.009,-50.212,41.667,-123.177,-45.174,94.156,-14.277,88.113,122.470,CL5,CL3,CL0,CL0,CL6,CL2,CL4,CL4,CL0,CL5,CL0,CL0,CL2,CL5,CL0,CL4,CL5,CL0,CL4
1320,49.788,-48.246,45.468,-57.009,-31.685,-67.825,-30.033,-31.776,-15.487,130.612,-21.712,7.987,CL6,CL1,CL0,CL1,CL6,CL2,CL2,CL2,CL2,CL2,CL0,CL0,CL3,CL1,CL1,CL6,CL6,CL0,CL1
1321,-95.197,-48.246,-61.113,-57.009,-31.685,82.562,96.248,-17.779,-30.172,-27.607,129.221,76.540,CL5,CL0,CL0,CL0,CL6,CL5,CL5,CL0,CL0,CL3,CL0,CL0,CL4,CL3,CL0,CL3,CL5,CL0,CL0
1322,-95.197,48.246,-61.113,-57.009,11.440,-46.725,80.523,215.324,76.096,-27.607,-137.983,-84.637,CL4,CL6,CL0,CL0,CL5,CL4,CL4,CL3,CL0,CL4,CL0,CL0,CL3,CL0,CL0,CL0,CL0,CL0,CL0
1323,-95.197,48.246,45.468,-28.519,-31.685,22.393,32.197,244.904,43.852,-164.101,19.268,-21.575,CL5,CL0,CL0,CL1,CL6,CL5,CL6,CL0,CL0,CL0,CL0,CL0,CL0,CL0,CL5,CL0,CL3,CL0,CL0
1324,49.788,-48.246,-61.113,-57.009,-31.685,102.119,-137.639,-17.779,28.783,146.191,-71.126,-84.637,CL1,CL1,CL0,CL1,CL6,CL1,CL3,CL2,CL2,CL1,CL2,CL0,CL3,CL3,CL2,CL4,CL2,CL0,CL0
1325,-95.197,48.246,-61.113,-57.009,-31.685,41.667,-57.545,106.238,43.852,-101.450,19.268,-52.593,CL4,CL0,CL0,CL0,CL6,CL5,CL5,CL4,CL0,CL3,CL0,CL0,CL3,CL0,CL3,CL4,CL5,CL0,CL0
1326,-95.197,-48.246,-5.921,-9.765,-31.685,62.967,-192.173,29.338,13.136,-52.745,-71.126,122.470,CL4,CL4,CL0,CL3,CL6,CL5,CL5,CL0,CL0,CL3,CL0,CL0,CL4,CL4,CL0,CL3,CL0,CL0,CL0
1327,-95.197,-48.246,-5.921,24.923,-31.685,-92.104,32.197,143.533,-30.172,-40.581,129.221,192.173,CL4,CL0,CL0,CL0,CL5,CL6,CL5,CL2,CL0,CL2,CL0,CL0,CL4,CL0,CL0,CL2,CL4,CL0,CL0
1328,-95.197,-48.246,-61.113,-57.009,-31.685,-132.828,-30.033,14.143,128.610,113.407,19.268,-21.575,CL4,CL0,CL0,CL0,CL6,CL6,CL5,CL0,CL0,CL0,CL0,CL0,CL3,CL0,CL0,CL0,CL4,CL0,CL0
1329,-95.197,48.246,45.468,-57.009,-31.685,-67.825,80.523,106.238,181.866,25.953,-21.712,-21.575,CL5,CL3,CL0,CL4,CL6,CL6,CL5,CL4,CL2,CL4,CL3,CL3,CL3,CL3,CL6,CL4,CL6,CL0,CL3
1330,-7.854,48.246,45.468,96.082,-31.685,183.990,-80.615,124.033,-162.090,-113.788,88.113,40.148,CL5,CL0,CL0,CL0,CL0,CL2,CL6,CL0,CL0,CL0,CL0,CL0,CL0,CL0,CL0,CL0,CL0,CL0,CL0
1331,-95.197,-48.246,45.468,-57.009,12.600,149.158,-15.487,-1.928,181.866,-113.788,52.975,40.148,CL5,CL3,CL0,CL4,CL6,CL4,CL4,CL3,CL0,CL4,CL3,CL3,CL3,CL3,CL6,CL2,CL5,CL0,CL0
1332,49.788,-48.246,45.468,-57.009,-31.685,123.461,-109.207,88.309,13.136,-65.253,-71.126,40.148,CL2,CL1,CL0,CL2,CL6,CL6,CL5,CL2,CL0,CL0,CL0,CL0,CL5,CL1,CL1,CL1,CL3,CL0,CL1
1333,-95.197,48.246,-5.921,24.923,-31.685,183.990,-137.639,-182.919,-91.699,233.337,-137.983,-118.084,CL4,CL0,CL0,CL4,CL4,CL5,CL6,CL4,CL0,CL4,CL0,CL3,CL3,CL3,CL0,CL3,CL0,CL0,CL0
1334,-95.197,-48.246,45.468,-57.009,-31.685,41.667,-30.033,44.585,-91.699,25.953,52.975,40.148,CL5,CL2,CL0,CL3,CL5,CL6,CL5,CL3,CL0,CL4,CL3,CL3,CL2,CL5,CL2,CL4,CL5,CL0,CL2
1335,-7.854,-48.246,-61.113,-28.519,-31.685,-252.197,32.197,72.330,246.262,-665,129.221,76.540,CL5,CL0,CL0,CL0,CL6,CL6,CL6,CL0,CL0,CL0,CL0,CL0,CL3,CL0,CL0,CL3,CL6,CL0,CL0
1336,109.449,-48.246,45.468,-57.009,-31.685,123.461,-123.177,44.585,-91.699,-665,-71.126,7.987,CL4,CL0,CL0,CL4,CL6,CL3,CL6,CL1,CL0,CL0,CL0,CL0,CL0,CL0,CL0,CL0,CL3,CL0,CL0
1337,-95.197,48.246,45.468,96.082,-31.685,4.257,158.487,-71.727,76.096,130.612,19.268,-52.593,CL6,CL0,CL0,CL0,CL6,CL2,CL5,CL0,CL0,CL0,CL0,CL0,CL0,CL0,CL0,CL0,CL2,CL0,CL0
1338,-95.197,48.246,45.468,96.082,-110.702,13.606,332,-45.174,-76.096,75.830,19.268,-21.575,CL6,CL0,CL0,CL0,CL4,CL0,CL6,CL0,CL0,CL0,CL0,CL0,CL2,CL0,CL0,CL0,CL0,CL0,CL0
1339,49.788,-48.246,-5.921,24.923,-31.685,13.606,47.617,29.338,-60.633,75.830,52.975,40.148,CL6,CL3,CL0,CL3,CL6,CL4,CL4,CL3,CL3,CL3,CL1,CL2,CL6,CL2,CL3,CL2,CL6,CL0,CL1
1340,-95.197,-48.246,-5.921,-57.009,-31.685,172.012,-192.173,-31.776,-45.321,-272.827,129.221,122.470,CL5,CL2,CL3,CL3,CL5,CL5,CL6,CL3,CL5,CL2,CL6,CL2,CL3,CL4,CL2,CL2,CL6,CL0,CL3
1341,-95.197,-48.246,-122.751,-57.009,11.440,-58.016,327.393,215.324,-60.633,93.949,186.203,122.470,CL5,CL3,CL0,CL4,CL6,CL4,CL6,CL3,CL0,CL2,CL5,CL0,CL3,CL2,CL3,CL2,CL5,CL0,CL0
1342,49.788,-48.246,-122.751,-57.009,-110.702,73.545,-137.639,-97.631,-30.172,-52.745,-71.126,40.148,CL6,CL0,CL0,CL0,CL0,CL6,CL4,CL4,CL6,CL0,CL4,CL0,CL0,CL0,CL0,CL0,CL6,CL0,CL0
1343,49.788,48.246,198.437,-28.519,-31.685,-34.799,-43.999,124.033,13.136,-151.840,52.975,40.148,CL3,CL0,CL0,CL2,CL4,CL3,CL6,CL0,CL0,CL1,CL0,CL0,CL4,CL0,CL2,CL2,CL2,CL0,CL1
1344,-95.197,-48.246,-5.921,96.082,-31.685,22.393,63.779,-182.919,-107.533,-89.891,88.113,40.148,CL5,CL3,CL3,CL3,CL6,CL3,CL5,CL3,CL3,CL3,CL0,CL3,CL3,CL0,CL3,CL3,CL4,CL0,CL0
1345,-95.197,-48.246,-122.751,24.923,-31.685,137.297,-123.177,-111.902,-253.830,93.949,-137.983,-21.575,CL5,CL6,CL0,CL3,CL6,CL6,CL4,CL6,CL4,CL2,CL0,CL3,CL3,CL3,CL3,CL3,CL6,CL0,CL0
1346,-95.197,-48.246,-122.751,-28.519,-31.685,82.562,111.406,165.653,128.610,25.953,88.113,122.470,CL5,CL0,CL0,CL0,CL5,CL5,CL5,CL2,CL0,CL0,CL0,CL2,CL5,CL0,CL0,CL0,CL5,CL0,CL0
1347,109.449,-48.246,-61.113,-57.009,-31.685,82.562,-15.487,44.585,-15.487,12.331,19.268,-21.575,CL6,CL0,CL0,CL2,CL6,CL6,CL5,CL1,CL1,CL0,CL0,CL0,CL0,CL4,CL0,CL5,CL6,CL0,CL0
1348,-95.197,-48.246,45.468,-57.009,-31.685,73.545,-176.250,88.309,-45.321,-204.506,-21.712,40.148,CL5,CL3,CL0,CL2,CL4,CL4,CL6,CL3,CL0,CL4,CL0,CL0,CL3,CL3,CL3,CL0,CL3,CL0,CL0
1349,-95.197,48.246,-122.751,-57.009,-31.685,113.281,-94.779,-31.776,28.783,-40.581,-21.712,-52.593,CL4,CL3,CL0,CL3,CL6,CL6,CL4,CL2,CL0,CL0,CL3,CL0,CL0,CL0,CL2,CL0,CL0,CL0,CL0
1350,-95.197,48.246,-61.113,96.082,-31.685,-105.308,257.309,29.338,-121.213,-125.773,186.203,76.540,CL5,CL2,CL3,CL2,CL6,CL4,CL5,CL5,CL0,CL3,CL0,CL0,CL3,CL0,CL0,CL2,CL6,CL0,CL0
1351,-95.197,48.246,-61.113,-57.009,-31.685,-205.048,-94.779,14.143,-1.729,-65.253,19.268,40.148,CL3,CL3,CL0,CL6,CL6,CL6,CL6,CL0,CL0,CL0,CL0,CL0,CL6,CL0,CL0,CL0,CL4,CL0,CL0
1352,-95.197,48.246,45.468,96.082,-31.685,41.667,-57.545,-97.631,-15.487,146.191,-137.983,-207.848,CL5,CL0,CL0,CL0,CL6,CL0,CL6,CL0,CL0,CL0,CL0,CL0,CL0,CL0,CL0,CL0,CL2,CL0,CL0
1353,182.213,-48.246,45.468,-57.009,-31.685,172.012,-211.437,-111.902,-121.213,-27.607,88.113,-84.637,CL2,CL6,CL0,CL3,CL6,CL2,CL4,CL1,CL1,CL0,CL0,CL0,CL0,CL1,CL3,CL0,CL1,CL0,CL1
1354,-95.197,48.246,-122.751,-57.009,-31.685,-58.016,63.779,124.033,76.096,12.331,19.268,7.987,CL3,CL0,CL0,CL3,CL6,CL6,CL5,CL3,CL0,CL2,CL0,CL0,CL2,CL3,CL3,CL3,CL6,CL0,CL2
1355,-95.197,-48.246,-61.113,-57.009,-31.685,102.119,-94.779,143.533,-15.487,-125.773,88.113,40.148,CL5,CL3,CL2,CL4,CL6,CL6,CL5,CL2,CL0,CL3,CL3,CL0,CL6,CL3,CL0,CL4,CL5,CL0,CL3
1356,-95.197,-48.246,45.468,-57.009,-31.685,-14.882,32.197,58.331,94.156,-665,129.221,76.540,CL4,CL4,CL0,CL3,CL6,CL6,CL6,CL3,CL0,CL3,CL0,CL3,CL4,CL4,CL0,CL4,CL6,CL0,CL6
1357,-7.854,-48.246,-61.113,-28.519,-31.685,-169.163,63.779,58.331,-1.729,58.489,88.113,40.148,CL6,CL0,CL0,CL0,CL6,CL4,CL4,CL0,CL0,CL4,CL0,CL0,CL0,CL3,CL0,CL3,CL6,CL0,CL0
1358,-95.197,-48.246,-5.921,24.923,-31.685,41.667,16.767,-31.776,-91.699,41.594,88.113,40.148,CL4,CL6,CL0,CL6,CL6,CL3,CL5,CL0,CL0,CL3,CL0,CL5,CL4,CL3,CL0,CL2,CL5,CL0,CL0
1359,-95.197,-48.246,-61.113,-57.009,-31.685,-143.907,-43.999,88.309,-45.321,-138.502,88.113,40.148,CL4,CL2,CL0,CL0,CL5,CL6,CL6,CL0,CL0,CL4,CL0,CL0,CL3,CL6,CL0,CL4,CL4,CL0,CL0
1360,-95.197,-48.246,-61.113,-57.009,-31.685,-46.725,-163.340,44.585,-107.533,12.331,-21.712,-21.575,CL4,CL4,CL0,CL6,CL5,CL3,CL6,CL2,CL2,CL3,CL4,CL5,CL6,CL2,CL3,CL2,CL3,CL0,CL0
1361,-95.197,48.246,-61.113,-9.765,-31.685,52.135,96.248,165.653,-1.729,130.612,52.975,7.987,CL5,CL0,CL0,CL4,CL6,CL5,CL5,CL0,CL0,CL4,CL0,CL0,CL0,CL0,CL0,CL0,CL6,CL0,CL0
1362,-95.197,48.246,-61.113,-28.519,-31.685,-105.308,80.523,165.653,-121.213,-230.408,-21.712,76.540,CL3,CL0,CL0,CL5,CL6,CL6,CL6,CL0,CL0,CL0,CL0,CL5,CL0,CL4,CL0,CL4,CL3,CL0,CL0
1363,-95.197,-48.246,-61.113,-57.009,-31.685,82.562,-109.207,58.331,76.096,-113.788,88.113,-52.593,CL6,CL6,CL0,CL5,CL5,CL4,CL5,CL4,CL0,CL4,CL4,CL5,CL6,CL5,CL5,CL4,CL4,CL0,CL0
1364,-7.854,48.246,116.365,96.082,-31.685,31.287,-57.545,14.143,59.042,204.506,-21.712,7.987,CL5,CL0,CL0,CL0,CL5,CL0,CL6,CL0,CL0,CL0,CL0,CL0,CL0,CL0,CL0,CL0,CL0,CL0,CL0
1365,-95.197,-48.246,-61.113,96.082,-31.685,82.562,63.779,-84.732,-107.533,-138.502,129.221,76.540,CL5,CL6,CL2,CL5,CL6,CL6,CL6,CL1,CL0,CL5,CL0,CL3,CL3,CL0,CL5,CL0,CL6,CL0,CL1
1366,49.788,48.246,45.468,-57.009,-31.685,-5.188,-94.779,29.338,111.406,-89.891,88.113,-21.575,CL6,CL4,CL0,CL2,CL6,CL6,CL5,CL0,CL0,CL0,CL0,CL0,CL0,CL1,CL0,CL2,CL1,CL0,CL0
1367,-95.197,48.246,-173.790,24.923,-31.685,13.606,-30.033,-1.928,-177.200,-218.109,129.221,40.148,CL6,CL0,CL0,CL0,CL6,CL6,CL6,CL0,CL0,CL0,CL0,CL0,CL0,CL0,CL0,CL0,CL6,CL0,CL2
1368,-95.197,-48.246,-122.751,-57.009,-31.685,22.393,-176.250,44.585,43.852,-138.502,-137.983,-84.637,CL3,CL0,CL0,CL0,CL5,CL4,CL5,CL0,CL0,CL3,CL0,CL3,CL5,CL3,CL4,CL3,CL2,CL0,CL0
1369,-95.197,48.246,-61.113,-57.009,-31.685,149.158,63.779,106.238,-147.955,-113.788,88.113,76.540,CL5,CL5,CL0,CL2,CL5,CL6,CL5,CL0,CL0,CL3,CL4,CL0,CL5,CL2,CL3,CL0,CL4,CL0,CL2
1370,-95.197,-48.246,-61.113,-57.009,-31.685,41.667,158.487,106.238,43.852,-27.607,52.975,122.470,CL5,CL0,CL0,CL4,CL6,CL5,CL6,CL4,CL3,CL4,CL3,CL4,CL3,CL4,CL5,CL4,CL6,CL0,CL5
1371,-7.854,48.246,-5.921,-57.009,-31.685,246.262,16.767,14.143,-121.213,-151.840,186.203,192.173,CL4,CL3,CL0,CL3,CL6,CL5,CL0,CL3,CL1,CL2,CL3,CL0,CL3,CL2,CL6,CL2,CL6,CL0,CL2
1372,-7.854,48.246,116.365,96.082,-31.685,-58.016,-43.999,-155.521,76.096,-52.745,-137.983,-207.848,CL6,CL0,CL2,CL0,CL0,CL2,CL5,CL0,CL0,CL0,CL0,CL0,CL0,CL0,CL0,CL0,CL2,CL0,CL0
1373,-95.197,-48.246,-61.113,-57.009,-31.685,123.461,16.767,58.331,-30.172,-125.773,-137.983,-21.575,CL4,CL3,CL0,CL3,CL6,CL6,CL5,CL3,CL0,CL3,CL0,CL0,CL3,CL4,CL0,CL3,CL5,CL0,CL0
1374,-7.854,-48.246,45.468,24.923,-31.685,113.281,16.767,-31.776,43.852,-78.155,52.975,76.540,CL5,CL3,CL3,CL3,CL6,CL6,CL4,CL4,CL6,CL4,CL3,CL3,CL3,CL3,CL3,CL3,CL6,CL0,CL0
1375,109.449,-48.246,45.468,96.082,11.440,-58.016,-57.545,-1.928,-15.487,-14.277,-137.983,-118.084,CL6,CL0,CL0,CL2,CL6,CL1,CL5,CL0,CL0,CL0,CL0,CL0,CL0,CL0,CL0,CL0,CL6,CL0,CL0
1376,-95.197,-48.246,-122.751,96.082,-31.685,-105.308,174.091,29.338,76.096,-101.450,19.268,122.470,CL3,CL0,CL0,CL0,CL3,CL5,CL4,CL0,CL0,CL4,CL0,CL0,CL2,CL0,CL0,CL0,CL3,CL0,CL0
1377,49.788,-48.246,45.468,-28.519,-31.685,149.158,-57.545,88.309,-162.090,-40.581,-21.712,76.540,CL5,CL2,CL1,CL6,CL6,CL2,CL6,CL2,CL3,CL2,CL2,CL2,CL2,CL2,CL6,CL2,CL2,CL0,CL1
1378,-7.854,48.246,116.365,96.082,-31.685,62.967,32.197,-45.174,145.039,93.949,-137.983,-52.593,CL5,CL0,CL0,CL0,CL6,CL0,CL6,CL0,CL0,CL0,CL0,CL0,CL0,CL0,CL0,CL0,CL0,CL0,CL0
1379,-7.854,48.246,116.365,24.923,12.600,149.158,-94.779,72.330,-1.729,204.506,-21.712,-118.084,CL3,CL4,CL0,CL6,CL6,CL4,CL5,CL4,CL0,CL3,CL0,CL0,CL3,CL4,CL0,CL4,CL6,CL0,CL1
1380,-95.197,-48.246,-61.113,-57.009,-31.685,-58.016,47.617,165.653,-15.487,25.953,88.113,122.470,CL5,CL5,CL0,CL0,CL6,CL6,CL6,CL3,CL0,CL5,CL0,CL0,CL3,CL5,CL0,CL3,CL3,CL0,CL0
1381,-7.854,48.246,45.468,96.082,-31.685,-119.430,80.523,-97.631,-45.321,58.489,-71.126,-118.084,CL5,CL0,CL0,CL0,CL6,CL0,CL6,CL0,CL0,CL0,CL0,CL0,CL0,CL0,CL0,CL0,CL5,CL0,CL0
1382,-95.197,-48.246,-61.113,-57.009,-31.685,-105.308,47.617,106.238,181.866,130.612,-21.712,122.470,CL6,CL0,CL0,CL0,CL4,CL6,CL6,CL0,CL0,CL3,CL0,CL0,CL3,CL4,CL0,CL5,CL3,CL0,CL0
1383,-95.197,-48.246,-61.113,-28.519,-31.685,-132.828,-30.033,88.309,111.406,-101.450,-71.126,-21.575,CL5,CL2,CL0,CL1,CL6,CL6,CL5,CL2,CL0,CL0,CL0,CL0,CL2,CL0,CL0,CL3,CL6,CL0,CL0
1384,-95.197,48.246,45.468,-57.009,-31.685,-67.825,32.197,44.585,76.096,12.331,129.221,192.173,CL5,CL3,CL2,CL0,CL6,CL6,CL6,CL0,CL0,CL3,CL0,CL0,CL3,CL3,CL3,CL2,CL3,CL0,CL0
1385,-95.197,-48.246,-61.113,-57.009,-31.685,-155.078,128.610,143.533,-60.633,146.191,-21.712,122.470,CL5,CL0,CL0,CL3,CL6,CL5,CL5,CL0,CL0,CL4,CL0,CL0,CL2,CL0,CL0,CL0,CL5,CL0,CL3
1386,-95.197,48.246,-61.113,96.082,-31.685,-24.649,-43.999,-31.776,-1.729,58.489,-137.983,-118.084,CL5,CL0,CL0,CL0,CL6,CL2,CL5,CL0,CL0,CL0,CL0,CL0,CL0,CL0,CL0,CL0,CL2,CL0,CL0
1387,109.449,48.246,-61.113,96.082,-31.685,-5.188,-94.779,106.238,-60.633,-27.607,19.268,7.987,CL6,CL5,CL2,CL6,CL6,CL1,CL6,CL2,CL2,CL4,CL2,CL4,CL3,CL2,CL2,CL6,CL3,CL0,CL0
1388,-7.854,48.246,198.437,-57.009,-31.685,52.135,32.197,165.653,-60.633,-65.253,-21.712,-52.593,CL0,CL0,CL0,CL0,CL6,CL0,CL5,CL0,CL0,CL0,CL0,CL0,CL0,CL0,CL0,CL0,CL0,CL0,CL0
1389,49.788,48.246,-5.921,96.082,-31.685,62.967,47.617,44.585,-60.633,-89.891,129.221,40.148,CL5,CL4,CL1,CL4,CL6,CL4,CL5,CL2,CL0,CL3,CL0,CL3,CL3,CL3,CL0,CL4,CL6,CL0,CL0
1390,-95.197,-48.246,-61.113,-57.009,-31.685,-14.882,47.617,88.309,-76.096,25.953,-71.126,-21.575,CL5,CL2,CL0,CL3,CL6,CL6,CL6,CL4,CL0,CL2,CL0,CL3,CL4,CL2,CL2,CL3,CL4,CL0,CL0
1391,-95.197,-48.246,45.468,-57.009,-31.685,82.562,32.197,-58.331,-1.729,-14.277,129.221,40.148,CL5,CL0,CL0,CL0,CL6,CL6,CL5,CL3,CL0,CL0,CL0,CL0,CL3,CL3,CL0,CL3,CL6,CL0,CL0
1392,-95.197,-48.246,-61.113,-57.009,12.600,-46.725,212.700,188.511,-60.633,-125.773,186.203,192.173,CL5,CL4,CL0,CL3,CL5,CL4,CL4,CL2,CL2,CL3,CL2,CL0,CL3,CL3,CL3,CL3,CL6,CL0,CL2
1393,109.449,-48.246,-5.921,96.082,-31.685,-34.799,16.767,-71.727,-45.321,12.331,-137.983,-154.858,CL0,CL0,CL0,CL3,CL6,CL0,CL6,CL0,CL0,CL0,CL0,CL0,CL0,CL0,CL0,CL0,CL6,CL0,CL0
1394,-7.854,48.246,116.365,96.082,-31.685,137.297,32.197,-17.779,-1.729,41.594,-71.126,-84.637,CL3,CL0,CL0,CL0,CL6,CL3,CL5,CL3,CL0,CL3,CL0,CL0,CL0,CL0,CL0,CL0,CL6,CL0,CL0
1395,-7.854,48.246,116.365,96.082,-31.685,73.545,332,14.143,76.096,146.191,-137.983,-52.593,CL3,CL0,CL0,CL0,CL6,CL0,CL6,CL0,CL0,CL0,CL0,CL0,CL0,CL0,CL0,CL0,CL2,CL0,CL0
1396,-7.854,48.246,45.468,96.082,-31.685,41.667,-15.487,-1.928,76.096,58.489,-21.712,-52.593,CL5,CL0,CL0,CL0,CL6,CL2,CL5,CL0,CL0,CL1,CL0,CL0,CL0,CL0,CL0,CL0,CL0,CL0,CL0
1397,-7.854,48.246,116.365,96.082,-31.685,172.012,-43.999,-127.553,145.039,-89.891,-137.983,-154.858,CL5,CL0,CL0,CL0,CL6,CL0,CL5,CL0,CL0,CL0,CL0,CL0,CL0,CL0,CL0,CL0,CL0,CL0,CL0
1398,-95.197,48.246,45.468,96.082,-31.685,-58.016,47.617,88.309,161.108,58.489,-21.712,40.148,CL5,CL2,CL2,CL2,CL6,CL4,CL6,CL3,CL0,CL2,CL0,CL0,CL0,CL0,CL0,CL0,CL6,CL0,CL0
1399,-95.197,-48.246,-61.113,96.082,-31.685,-79.151,111.406,-1.928,128.610,204.506,88.113,40.148,CL3,CL2,CL2,CL2,CL5,CL2,CL2,CL2,CL2,CL2,CL0,CL0,CL2,CL2,CL0,CL2,CL2,CL0,CL2
1400,-7.854,48.246,45.468,96.082,-31.685,82.562,-80.615,-58.331,-45.321,-27.607,-71.126,-52.593,CL5,CL0,CL0,CL0,CL6,CL2,CL6,CL0,CL0,CL0,CL0,CL0,CL0,CL0,CL0,CL0,CL2,CL0,CL0
1401,-7.854,48.246,116.365,96.082,-31.685,102.119,96.248,-97.631,-60.633,-14.277,-137.983,-118.084,CL5,CL0,CL2,CL0,CL6,CL3,CL6,CL2,CL0,CL0,CL0,CL0,CL2,CL0,CL0,CL0,CL5,CL0,CL0
1402,-7.854,48.246,45.468,96.082,-31.685,62.967,16.767,14.143,128.610,41.594,-71.126,-118.084,CL5,CL0,CL0,CL0,CL6,CL0,CL6,CL0,CL0,CL0,CL0,CL0,CL0,CL0,CL0,CL0,CL0,CL0,CL0
1403,-7.854,48.246,45.468,96.082,-31.685,91.093,332,88.309,94.156,-52.745,-137.983,7.987,CL6,CL2,CL1,CL2,CL6,CL3,CL6,CL2,CL0,CL0,CL0,CL0,CL0,CL0,CL0,CL2,CL5,CL0,CL3
1404,-7.854,48.246,45.468,96.082,-31.685,41.667,332,-111.902,13.136,58.489,-137.983,-84.637,CL5,CL0,CL0,CL0,CL6,CL0,CL6,CL0,CL0,CL0,CL0,CL0,CL0,CL0,CL0,CL0,CL2,CL0,CL0
1405,-95.197,48.246,45.468,96.082,-31.685,-242.317,16.767,-182.919,275.696,-89.891,-255.524,-84.637,CL5,CL0,CL0,CL0,CL4,CL0,CL6,CL0,CL0,CL0,CL0,CL0,CL0,CL0,CL0,CL0,CL0,CL0,CL0
1406,-7.854,48.246,198.437,96.082,-22.166,160.383,128.610,58.331,28.783,-78.155,52.975,-118.084,CL6,CL2,CL2,CL3,CL6,CL2,CL4,CL5,CL0,CL4,CL0,CL0,CL0,CL0,CL0,CL0,CL6,CL0,CL0
1407,-7.854,48.246,45.468,96.082,-31.685,22.393,-57.545,-155.521,43.852,-138.502,-137.983,-84.637,CL6,CL0,CL0,CL0,CL5,CL2,CL5,CL0,CL0,CL0,CL0,CL0,CL0,CL0,CL0,CL0,CL3,CL0,CL0
1408,-7.854,48.246,116.365,96.082,-31.685,-79.151,80.523,124.033,128.610,41.594,19.268,122.470,CL5,CL0,CL2,CL0,CL6,CL5,CL5,CL0,CL0,CL5,CL0,CL0,CL3,CL0,CL0,CL3,CL5,CL0,CL0
1409,-7.854,-48.246,116.365,96.082,-31.685,137.297,-123.177,-58.331,43.852,-125.773,88.113,76.540,CL6,CL0,CL0,CL0,CL6,CL2,CL6,CL0,CL0,CL0,CL0,CL0,CL0,CL0,CL0,CL0,CL2,CL0,CL0
1410,-7.854,48.246,198.437,96.082,-31.685,-221.844,-94.779,-71.727,13.136,-52.745,-71.126,76.540,CL5,CL2,CL2,CL0,CL5,CL5,CL5,CL2,CL0,CL2,CL0,CL0,CL0,CL0,CL0,CL2,CL0,CL0,CL0
1411,-7.854,48.246,45.468,96.082,-31.685,-58.016,-43.999,58.331,145.039,130.612,-71.126,-118.084,CL3,CL0,CL0,CL0,CL5,CL0,CL6,CL0,CL0,CL0,CL0,CL0,CL0,CL0,CL0,CL0,CL0,CL0,CL0
1412,-7.854,48.246,45.468,-57.009,-31.685,41.667,-30.033,143.533,-30.172,146.191,-21.712,40.148,CL5,CL1,CL0,CL3,CL5,CL6,CL5,CL0,CL0,CL0,CL0,CL1,CL2,CL1,CL0,CL3,CL5,CL0,CL1
1413,-7.854,48.246,116.365,96.082,-31.685,102.119,80.523,124.033,-1.729,25.953,-137.983,7.987,CL5,CL0,CL1,CL3,CL5,CL2,CL6,CL2,CL0,CL2,CL0,CL2,CL0,CL0,CL0,CL2,CL2,CL0,CL0
1414,-7.854,48.246,45.468,96.082,-31.685,102.119,-69.509,-31.776,-76.096,75.830,-71.126,-84.637,CL5,CL0,CL0,CL0,CL6,CL2,CL6,CL0,CL0,CL0,CL0,CL0,CL2,CL0,CL0,CL2,CL2,CL0,CL0
1415,-7.854,48.246,198.437,96.082,-31.685,-34.799,232.338,143.533,59.042,58.489,-21.712,7.987,CL5,CL0,CL2,CL0,CL6,CL4,CL6,CL0,CL0,CL0,CL0,CL0,CL0,CL0,CL0,CL0,CL3,CL0,CL0
1416,-95.197,-48.246,-173.790,96.082,-31.685,183.990,-137.639,-17.779,-177.200,-164.101,88.113,76.540,CL3,CL3,CL0,CL0,CL6,CL6,CL5,CL5,CL0,CL4,CL0,CL3,CL3,CL0,CL0,CL0,CL4,CL0,CL0
1417,-95.197,-48.246,-61.113,-9.765,-31.685,-119.430,-109.207,-84.732,28.783,25.953,-137.983,-52.593,CL5,CL4,CL0,CL0,CL6,CL6,CL5,CL0,CL0,CL0,CL0,CL0,CL0,CL0,CL0,CL0,CL3,CL0,CL0
1418,-95.197,48.246,45.468,96.082,-50.212,91.093,-69.509,-71.727,28.783,-665,-71.126,-52.593,CL0,CL0,CL0,CL0,CL5,CL0,CL5,CL0,CL0,CL0,CL0,CL0,CL0,CL0,CL0,CL0,CL0,CL0,CL0
1419,-7.854,48.246,116.365,21.128,-31.685,-14.882,-30.033,-127.553,181.866,-27.607,-137.983,-118.084,CL5,CL0,CL2,CL2,CL6,CL1,CL6,CL0,CL0,CL0,CL0,CL0,CL0,CL0,CL0,CL0,CL1,CL0,CL0
1420,-95.197,-48.246,-61.113,-57.009,-31.685,-34.799,80.523,143.533,59.042,-665,19.268,122.470,CL6,CL3,CL0,CL2,CL6,CL6,CL4,CL4,CL0,CL2,CL0,CL3,CL3,CL4,CL3,CL4,CL6,CL0,CL3
1421,-7.854,-48.246,-61.113,-57.009,-31.685,82.562,-43.999,58.331,-76.096,-52.745,88.113,122.470,CL4,CL0,CL0,CL0,CL5,CL6,CL4,CL0,CL0,CL4,CL0,CL0,CL0,CL3,CL0,CL4,CL0,CL0,CL0
1422,-7.854,-48.246,-61.113,-57.009,-31.685,-14.882,47.617,72.330,-60.633,25.953,-21.712,122.470,CL6,CL0,CL0,CL5,CL5,CL6,CL6,CL6,CL0,CL4,CL0,CL2,CL6,CL2,CL0,CL2,CL6,CL0,CL0
1423,109.449,-48.246,-243.591,21.128,-31.685,-5.188,-94.779,-1.928,111.406,-101.450,19.268,122.470,CL1,CL3,CL0,CL2,CL4,CL6,CL6,CL3,CL0,CL2,CL0,CL0,CL3,CL5,CL0,CL0,CL6,CL0,CL0
1424,-95.197,-48.246,45.468,-57.009,-31.685,-79.151,174.091,165.653,43.852,-27.607,19.268,40.148,CL4,CL2,CL0,CL0,CL6,CL6,CL6,CL3,CL0,CL4,CL2,CL0,CL3,CL3,CL0,CL3,CL6,CL0,CL0
1425,-7.854,-48.246,-61.113,96.082,-31.685,62.967,-57.545,-31.776,-45.321,-113.788,129.221,76.540,CL5,CL0,CL2,CL0,CL6,CL4,CL4,CL0,CL0,CL0,CL0,CL0,CL1,CL0,CL0,CL0,CL6,CL0,CL1
1426,-7.854,48.246,45.468,-57.009,-31.685,-24.649,63.779,124.033,76.096,58.489,19.268,122.470,CL6,CL6,CL0,CL3,CL5,CL6,CL5,CL3,CL2,CL5,CL3,CL2,CL0,CL3,CL0,CL3,CL6,CL0,CL0
1427,49.788,-48.246,-5.921,96.082,-110.702,31.287,32.197,-17.779,-15.487,-665,129.221,40.148,CL5,CL0,CL0,CL2,CL5,CL2,CL5,CL0,CL0,CL0,CL0,CL3,CL2,CL0,CL0,CL0,CL2,CL0,CL1
1428,-95.197,48.246,-5.921,96.082,11.440,4.257,332,-17.779,28.783,181.175,88.113,40.148,CL6,CL0,CL0,CL0,CL6,CL0,CL6,CL0,CL0,CL0,CL0,CL0,CL0,CL0,CL0,CL0,CL0,CL0,CL6
1429,-95.197,-48.246,-61.113,-57.009,-31.685,-92.104,174.091,58.331,-134.289,113.407,52.975,122.470,CL4,CL3,CL0,CL2,CL6,CL5,CL5,CL3,CL0,CL0,CL0,CL0,CL3,CL0,CL0,CL3,CL6,CL0,CL0
1430,-95.197,48.246,-61.113,-57.009,-31.685,73.545,-30.033,-71.727,43.852,-89.891,-21.712,-21.575,CL3,CL0,CL0,CL0,CL6,CL5,CL4,CL0,CL0,CL0,CL0,CL0,CL3,CL0,CL0,CL0,CL6,CL0,CL2
1431,-95.197,-48.246,-61.113,-57.009,-31.685,-24.649,145.421,143.533,-60.633,-14.277,88.113,122.470,CL6,CL0,CL0,CL0,CL6,CL0,CL4,CL0,CL0,CL0,CL0,CL0,CL0,CL0,CL0,CL0,CL4,CL0,CL0
1432,-95.197,48.246,-61.113,-57.009,-31.685,123.461,111.406,-58.331,-221.844,-65.253,186.203,40.148,CL6,CL0,CL0,CL4,CL6,CL5,CL6,CL3,CL0,CL2,CL0,CL2,CL0,CL0,CL0,CL3,CL5,CL0,CL0
1433,109.449,48.246,198.437,96.082,-31.685,-105.308,-123.177,-71.727,-45.321,58.489,-71.126,-154.858,CL6,CL1,CL1,CL1,CL6,CL3,CL4,CL1,CL0,CL1,CL0,CL0,CL0,CL1,CL0,CL1,CL2,CL0,CL1
1434,-7.854,48.246,116.365,96.082,-22.166,31.287,-94.779,-58.331,275.696,146.191,-137.983,-118.084,CL5,CL0,CL0,CL0,CL6,CL0,CL6,CL0,CL0,CL0,CL0,CL0,CL0,CL0,CL0,CL0,CL0,CL0,CL0
1435,-7.854,48.246,116.365,96.082,-31.685,41.667,-137.639,-111.902,59.042,25.953,-137.983,-207.848,CL2,CL0,CL0,CL0,CL4,CL0,CL5,CL0,CL0,CL0,CL0,CL0,CL0,CL0,CL0,CL0,CL0,CL0,CL0
1436,182.213,48.246,116.365,96.082,-31.685,-79.151,332,14.143,28.783,75.830,52.975,-52.593,CL6,CL1,CL1,CL0,CL6,CL1,CL6,CL1,CL0,CL0,CL0,CL0,CL0,CL1,CL0,CL0,CL6,CL0,CL0
1437,182.213,48.246,-5.921,96.082,-31.685,-79.151,-57.545,29.338,28.783,-113.788,186.203,40.148,CL5,CL0,CL0,CL0,CL6,CL2,CL5,CL0,CL0,CL0,CL0,CL0,CL0,CL0,CL0,CL0,CL6,CL0,CL0
1438,-95.197,-48.246,-173.790,-57.009,-31.685,123.461,-43.999,29.338,43.852,-14.277,-71.126,122.470,CL3,CL2,CL0,CL3,CL6,CL3,CL5,CL2,CL0,CL2,CL2,CL0,CL3,CL0,CL6,CL3,CL6,CL0,CL0
1439,-95.197,-48.246,-61.113,-57.009,-31.685,-186.962,111.406,72.330,-91.699,113.407,-71.126,7.987,CL5,CL0,CL0,CL0,CL6,CL5,CL6,CL2,CL0,CL0,CL3,CL0,CL2,CL0,CL0,CL4,CL4,CL0,CL1
1440,-95.197,-48.246,-61.113,-28.519,-31.685,-67.825,63.779,-1.928,-121.213,-78.155,-21.712,76.540,CL6,CL0,CL0,CL0,CL4,CL5,CL5,CL0,CL0,CL3,CL0,CL4,CL4,CL3,CL0,CL3,CL4,CL0,CL0
1441,49.788,48.246,116.365,96.082,-31.685,-14.882,332,-84.732,76.096,41.594,-137.983,-118.084,CL6,CL0,CL0,CL0,CL6,CL0,CL6,CL0,CL0,CL0,CL0,CL0,CL0,CL0,CL0,CL0,CL0,CL0,CL0
1442,109.449,48.246,116.365,96.082,-31.685,-119.430,-15.487,14.143,145.039,130.612,-71.126,-118.084,CL6,CL0,CL0,CL0,CL6,CL0,CL6,CL0,CL0,CL0,CL0,CL0,CL0,CL0,CL0,CL0,CL0,CL0,CL0
1443,-7.854,48.246,116.365,96.082,-31.685,102.119,-94.779,-71.727,128.610,93.949,-137.983,-154.858,CL1,CL0,CL0,CL0,CL6,CL0,CL5,CL0,CL0,CL0,CL0,CL0,CL0,CL0,CL0,CL0,CL0,CL0,CL0
1444,49.788,48.246,198.437,96.082,-31.685,-46.725,96.248,72.330,94.156,58.489,-71.126,-118.084,CL6,CL1,CL0,CL1,CL6,CL2,CL6,CL1,CL0,CL1,CL0,CL0,CL0,CL0,CL0,CL0,CL1,CL0,CL0
1445,49.788,48.246,116.365,96.082,-31.685,-67.825,-43.999,-111.902,181.866,93.949,-71.126,-84.637,CL6,CL0,CL0,CL0,CL5,CL1,CL4,CL0,CL0,CL0,CL0,CL0,CL0,CL0,CL0,CL0,CL1,CL0,CL0
1446,109.449,48.246,116.365,96.082,-31.685,-143.907,16.767,29.338,94.156,113.407,-137.983,-118.084,CL5,CL0,CL0,CL0,CL6,CL1,CL6,CL0,CL0,CL0,CL0,CL0,CL0,CL0,CL0,CL0,CL1,CL0,CL0
1447,-7.854,48.246,116.365,96.082,-31.685,-67.825,96.248,29.338,111.406,204.506,19.268,-84.637,CL4,CL0,CL0,CL0,CL6,CL0,CL5,CL0,CL0,CL0,CL0,CL0,CL0,CL0,CL0,CL0,CL0,CL0,CL0
1448,-7.854,48.246,116.365,96.082,-31.685,4.257,63.779,-111.902,-60.633,181.175,-21.712,7.987,CL4,CL0,CL0,CL0,CL2,CL0,CL6,CL0,CL0,CL0,CL0,CL0,CL0,CL0,CL0,CL0,CL2,CL0,CL0
1449,-7.854,48.246,45.468,-57.009,-110.702,-119.430,145.421,58.331,128.610,163.088,52.975,76.540,CL5,CL0,CL0,CL0,CL5,CL0,CL0,CL0,CL0,CL0,CL0,CL0,CL0,CL0,CL0,CL0,CL0,CL0,CL0
1450,-95.197,48.246,116.365,96.082,-50.212,-58.016,16.767,-84.732,59.042,75.830,-21.712,-21.575,CL0,CL0,CL0,CL0,CL6,CL0,CL6,CL0,CL0,CL0,CL0,CL0,CL0,CL0,CL0,CL0,CL0,CL0,CL0
1451,-7.854,48.246,116.365,96.082,-31.685,-105.308,111.406,88.309,-107.533,146.191,-21.712,-52.593,CL5,CL2,CL2,CL0,CL5,CL2,CL6,CL3,CL0,CL2,CL0,CL0,CL3,CL0,CL0,CL2,CL5,CL0,CL0
1452,-7.854,48.246,198.437,96.082,-31.685,-105.308,-57.545,-1.928,111.406,181.175,-137.983,-21.575,CL5,CL0,CL0,CL0,CL6,CL2,CL6,CL0,CL0,CL0,CL0,CL0,CL0,CL0,CL0,CL0,CL6,CL0,CL1
1453,-95.197,-48.246,-61.113,-57.009,-31.685,41.667,-43.999,215.324,-192.595,233.337,129.221,192.173,CL3,CL3,CL0,CL2,CL6,CL5,CL6,CL3,CL2,CL2,CL3,CL3,CL4,CL4,CL6,CL3,CL6,CL0,CL2
1454,-95.197,48.246,45.468,96.082,-31.685,31.287,16.767,-155.521,43.852,113.407,-137.983,-118.084,CL4,CL0,CL0,CL0,CL5,CL0,CL6,CL0,CL0,CL0,CL0,CL0,CL0,CL0,CL0,CL0,CL0,CL0,CL0
1455,-7.854,48.246,198.437,96.082,-31.685,-46.725,332,-17.779,76.096,75.830,-71.126,-52.593,CL5,CL0,CL0,CL1,CL6,CL0,CL6,CL0,CL0,CL0,CL0,CL0,CL0,CL0,CL1,CL0,CL0,CL0,CL0
1456,-95.197,-48.246,-5.921,-57.009,-31.685,73.545,-69.509,143.533,203.972,-40.581,-71.126,192.173,CL5,CL4,CL0,CL3,CL6,CL5,CL6,CL4,CL0,CL4,CL0,CL4,CL6,CL5,CL3,CL4,CL5,CL0,CL0
1457,109.449,48.246,116.365,96.082,-31.685,-205.048,63.779,14.143,145.039,163.088,-71.126,-84.637,CL5,CL0,CL0,CL0,CL6,CL0,CL4,CL0,CL0,CL0,CL0,CL0,CL0,CL0,CL0,CL0,CL0,CL0,CL0
1458,-7.854,48.246,198.437,96.082,-31.685,52.135,-109.207,-45.174,181.866,41.594,-137.983,40.148,CL4,CL1,CL0,CL1,CL6,CL3,CL6,CL0,CL0,CL0,CL0,CL0,CL2,CL0,CL0,CL0,CL6,CL0,CL1
1459,-7.854,48.246,45.468,96.082,-31.685,-132.828,-57.545,-17.779,43.852,113.407,-71.126,-52.593,CL4,CL0,CL0,CL0,CL6,CL1,CL4,CL0,CL0,CL0,CL0,CL0,CL0,CL0,CL0,CL0,CL2,CL0,CL0
1460,-95.197,48.246,45.468,96.082,-31.685,-92.104,80.523,-1.928,111.406,-65.253,-21.712,-84.637,CL5,CL2,CL2,CL3,CL6,CL3,CL5,CL3,CL0,CL3,CL0,CL0,CL3,CL0,CL0,CL0,CL0,CL0,CL0
1461,49.788,48.246,198.437,96.082,-31.685,-205.048,158.487,14.143,13.136,75.830,19.268,-84.637,CL5,CL1,CL1,CL0,CL6,CL1,CL5,CL2,CL0,CL1,CL0,CL0,CL0,CL1,CL0,CL1,CL1,CL0,CL1
1462,182.213,-48.246,116.365,96.082,-31.685,13.606,63.779,88.309,28.783,-78.155,-71.126,-118.084,CL5,CL0,CL0,CL0,CL6,CL1,CL6,CL0,CL0,CL0,CL0,CL0,CL0,CL0,CL0,CL0,CL0,CL0,CL0
1463,-7.854,-48.246,116.365,96.082,-31.685,13.606,16.767,-45.174,43.852,12.331,-71.126,40.148,CL5,CL0,CL2,CL0,CL6,CL3,CL5,CL3,CL0,CL2,CL0,CL0,CL2,CL0,CL5,CL0,CL6,CL0,CL0
1464,-95.197,-48.246,-61.113,-57.009,-31.685,-119.430,80.523,88.309,94.156,41.594,-21.712,76.540,CL6,CL0,CL0,CL0,CL6,CL6,CL6,CL0,CL0,CL0,CL0,CL0,CL0,CL5,CL0,CL4,CL0,CL0,CL0
1465,-7.854,-48.246,116.365,96.082,-31.685,-275.696,128.610,-58.331,76.096,-52.745,52.975,7.987,CL4,CL1,CL1,CL0,CL5,CL0,CL3,CL1,CL0,CL1,CL0,CL1,CL0,CL0,CL0,CL0,CL0,CL0,CL0
1466,-7.854,48.246,-61.113,-57.009,190.725,73.545,-57.545,-31.776,-91.699,-14.277,88.113,-21.575,CL3,CL0,CL0,CL6,CL5,CL6,CL6,CL3,CL0,CL1,CL0,CL0,CL0,CL1,CL3,CL0,CL4,CL0,CL0
1467,-95.197,48.246,45.468,-57.009,-31.685,-58.016,32.197,72.330,-15.487,58.489,-137.983,-52.593,CL5,CL0,CL0,CL0,CL5,CL6,CL5,CL3,CL0,CL4,CL0,CL0,CL0,CL3,CL0,CL3,CL5,CL0,CL0
1468,182.213,48.246,45.468,-57.009,-31.685,-186.962,80.523,88.309,161.108,93.949,-21.712,7.987,CL4,CL1,CL0,CL4,CL3,CL6,CL6,CL1,CL1,CL0,CL1,CL0,CL4,CL1,CL0,CL1,CL0,CL0,CL0
1469,-7.854,48.246,116.365,96.082,-31.685,-14.882,-80.615,-127.553,128.610,12.331,-137.983,-52.593,CL4,CL0,CL0,CL0,CL0,CL2,CL5,CL0,CL0,CL0,CL0,CL0,CL0,CL0,CL0,CL0,CL5,CL0,CL0
1470,-95.197,48.246,45.468,96.082,-31.685,31.287,332,-1.928,76.096,-27.607,-137.983,-118.084,CL5,CL0,CL0,CL0,CL6,CL0,CL6,CL0,CL0,CL0,CL0,CL0,CL0,CL0,CL0,CL0,CL0,CL0,CL0
1471,259.171,-48.246,45.468,96.082,-31.685,-186.962,-15.487,-58.331,246.262,41.594,-137.983,-207.848,CL0,CL0,CL0,CL0,CL6,CL0,CL4,CL0,CL0,CL0,CL0,CL0,CL0,CL0,CL0,CL0,CL6,CL0,CL0
1472,182.213,-48.246,116.365,96.082,-31.685,-79.151,-30.033,29.338,28.783,146.191,-21.712,-84.637,CL5,CL2,CL2,CL0,CL6,CL4,CL6,CL2,CL0,CL2,CL0,CL0,CL3,CL1,CL0,CL2,CL1,CL0,CL0
1473,-95.197,-48.246,-61.113,-57.009,-31.685,-14.882,47.617,-17.779,-107.533,12.331,-71.126,122.470,CL6,CL0,CL0,CL0,CL6,CL4,CL6,CL0,CL0,CL0,CL0,CL0,CL3,CL0,CL0,CL4,CL3,CL0,CL0
1474,-7.854,48.246,116.365,-57.009,-31.685,-24.649,32.197,88.309,43.852,12.331,-71.126,7.987,CL6,CL0,CL0,CL3,CL6,CL3,CL6,CL0,CL0,CL0,CL0,CL0,CL0,CL0,CL0,CL2,CL3,CL0,CL0
1475,109.449,-48.246,-61.113,24.923,11.440,102.119,-69.509,-84.732,-121.213,75.830,186.203,122.470,CL4,CL4,CL5,CL5,CL6,CL4,CL0,CL2,CL0,CL4,CL0,CL3,CL6,CL2,CL0,CL2,CL1,CL0,CL0
1476,-7.854,48.246,-61.113,-57.009,-31.685,246.262,-192.173,-58.331,-235.413,-230.408,129.221,122.470,CL5,CL6,CL3,CL4,CL5,CL2,CL5,CL4,CL2,CL5,CL4,CL3,CL3,CL3,CL4,CL3,CL6,CL0,CL0
1477,-7.854,-48.246,-5.921,24.923,-31.685,-34.799,-43.999,-17.779,-45.321,12.331,-71.126,-84.637,CL5,CL2,CL0,CL0,CL6,CL6,CL5,CL5,CL2,CL4,CL0,CL0,CL2,CL5,CL0,CL2,CL6,CL0,CL0
1478,-95.197,-48.246,-61.113,-57.009,-31.685,41.667,-69.509,-1.928,-30.172,-125.773,-137.983,40.148,CL6,CL3,CL0,CL0,CL6,CL6,CL5,CL0,CL0,CL0,CL0,CL0,CL3,CL6,CL0,CL3,CL3,CL0,CL0
1479,-95.197,-48.246,-61.113,-57.009,-31.685,-92.104,145.421,165.653,-1.729,-52.745,186.203,192.173,CL6,CL3,CL2,CL2,CL6,CL6,CL4,CL3,CL0,CL5,CL2,CL0,CL3,CL3,CL3,CL3,CL5,CL0,CL2
1480,49.788,48.246,-5.921,-57.009,-31.685,-5.188,-57.545,-209.015,-1.729,-27.607,-71.126,-84.637,CL5,CL3,CL0,CL3,CL3,CL1,CL0,CL0,CL0,CL0,CL0,CL0,CL0,CL0,CL1,CL0,CL6,CL0,CL0
1481,-7.854,48.246,-61.113,-57.009,11.440,137.297,32.197,72.330,94.156,12.331,-71.126,7.987,CL3,CL2,CL0,CL6,CL6,CL2,CL4,CL2,CL2,CL3,CL2,CL0,CL2,CL2,CL6,CL3,CL6,CL0,CL0
1482,109.449,48.246,45.468,-57.009,-31.685,160.383,-232.338,14.143,-1.729,-204.506,88.113,-207.848,CL4,CL1,CL0,CL1,CL2,CL6,CL6,CL1,CL0,CL1,CL1,CL0,CL0,CL1,CL0,CL1,CL0,CL0,CL0
1483,109.449,48.246,198.437,96.082,-31.685,-92.104,332,14.143,13.136,75.830,-21.712,-21.575,CL5,CL0,CL0,CL3,CL6,CL0,CL6,CL0,CL0,CL0,CL0,CL0,CL0,CL0,CL0,CL0,CL0,CL0,CL0
1484,-7.854,48.246,45.468,96.082,-31.685,-24.649,47.617,72.330,161.108,-14.277,-71.126,76.540,CL5,CL4,CL3,CL0,CL5,CL4,CL6,CL2,CL0,CL4,CL0,CL3,CL5,CL0,CL0,CL3,CL5,CL0,CL0
1485,49.788,-48.246,-5.921,-57.009,-31.685,52.135,-109.207,-45.174,13.136,-113.788,88.113,-84.637,CL3,CL1,CL0,CL3,CL6,CL2,CL6,CL2,CL0,CL0,CL2,CL0,CL2,CL2,CL0,CL2,CL3,CL0,CL1
1486,-7.854,48.246,198.437,96.082,-31.685,-105.308,145.421,-84.732,94.156,58.489,-71.126,-52.593,CL5,CL0,CL0,CL0,CL6,CL0,CL6,CL0,CL0,CL0,CL0,CL0,CL0,CL0,CL0,CL0,CL0,CL0,CL0
1487,-95.197,-48.246,-61.113,-28.519,-31.685,-119.430,111.406,124.033,-162.090,-65.253,52.975,122.470,CL6,CL3,CL2,CL0,CL6,CL6,CL6,CL0,CL0,CL3,CL0,CL0,CL0,CL3,CL0,CL4,CL6,CL0,CL0
1488,-7.854,48.246,45.468,96.082,-31.685,-5.188,-30.033,-127.553,-1.729,75.830,-71.126,-118.084,CL5,CL0,CL0,CL0,CL6,CL0,CL6,CL0,CL0,CL0,CL0,CL0,CL0,CL0,CL0,CL0,CL0,CL0,CL0
1489,-95.197,-48.246,45.468,-9.765,-31.685,73.545,332,-17.779,-107.533,58.489,129.221,-52.593,CL6,CL5,CL3,CL5,CL6,CL6,CL5,CL4,CL0,CL6,CL3,CL4,CL5,CL4,CL3,CL4,CL6,CL0,CL0
1490,-7.854,48.246,-61.113,-57.009,-31.685,-46.725,-43.999,-17.779,-177.200,-125.773,186.203,192.173,CL6,CL0,CL0,CL2,CL6,CL2,CL2,CL2,CL0,CL2,CL0,CL0,CL0,CL2,CL2,CL2,CL3,CL0,CL0
1491,-7.854,48.246,198.437,96.082,-31.685,137.297,-69.509,-58.331,-147.955,113.407,88.113,-207.848,CL5,CL1,CL2,CL3,CL6,CL2,CL5,CL2,CL0,CL1,CL0,CL0,CL2,CL0,CL0,CL1,CL1,CL0,CL1
1492,-95.197,48.246,116.365,96.082,-31.685,-5.188,111.406,-142.424,-45.321,-78.155,88.113,122.470,CL5,CL0,CL2,CL0,CL5,CL1,CL6,CL4,CL0,CL4,CL0,CL0,CL0,CL0,CL2,CL0,CL0,CL0,CL0
1493,-95.197,-48.246,-61.113,-57.009,-31.685,149.158,-57.545,-71.727,-45.321,-151.840,129.221,76.540,CL6,CL4,CL0,CL5,CL4,CL6,CL6,CL0,CL0,CL6,CL0,CL0,CL3,CL5,CL0,CL3,CL3,CL0,CL0
1494,109.449,-48.246,-61.113,-57.009,-31.685,-14.882,-30.033,58.331,13.136,-27.607,129.221,122.470,CL4,CL5,CL2,CL3,CL6,CL4,CL5,CL2,CL2,CL2,CL0,CL2,CL5,CL2,CL0,CL2,CL6,CL0,CL0
1495,-95.197,-48.246,-61.113,-57.009,-31.685,212.700,-94.779,-45.174,-30.172,-164.101,129.221,7.987,CL5,CL4,CL0,CL5,CL6,CL6,CL6,CL4,CL4,CL3,CL0,CL2,CL3,CL0,CL2,CL0,CL6,CL0,CL0
1496,-95.197,-48.246,-61.113,96.082,-31.685,91.093,-327.393,-45.174,-147.955,-178.169,186.203,76.540,CL5,CL6,CL6,CL4,CL6,CL5,CL6,CL4,CL0,CL5,CL0,CL5,CL6,CL4,CL3,CL3,CL6,CL0,CL2
1497,-95.197,-48.246,-61.113,96.082,-31.685,-79.151,-94.779,-1.928,-60.633,-40.581,-71.126,7.987,CL4,CL2,CL2,CL0,CL4,CL3,CL5,CL0,CL0,CL0,CL0,CL0,CL0,CL0,CL0,CL0,CL6,CL0,CL0
1498,-7.854,-48.246,116.365,-28.519,-31.685,-119.430,16.767,29.338,-91.699,-89.891,19.268,122.470,CL5,CL5,CL0,CL0,CL5,CL0,CL6,CL5,CL0,CL5,CL0,CL0,CL5,CL4,CL0,CL3,CL0,CL0,CL0
1499,109.449,48.246,-243.591,-57.009,-31.685,62.967,-15.487,-45.174,-45.321,-101.450,19.268,-52.593,CL5,CL4,CL0,CL3,CL6,CL6,CL4,CL2,CL2,CL0,CL0,CL0,CL0,CL2,CL0,CL2,CL6,CL0,CL0
1500,109.449,-48.246,45.468,-57.009,-31.685,-105.308,96.248,44.585,-1.729,58.489,88.113,122.470,CL5,CL0,CL0,CL2,CL6,CL1,CL6,CL0,CL0,CL0,CL0,CL0,CL0,CL1,CL0,CL1,CL6,CL0,CL0
1501,-7.854,-48.246,198.437,-57.009,11.440,-34.799,47.617,-1.928,-60.633,-665,52.975,122.470,CL5,CL4,CL0,CL4,CL6,CL6,CL3,CL3,CL3,CL3,CL3,CL3,CL3,CL3,CL3,CL3,CL6,CL0,CL0
1502,-95.197,48.246,-61.113,-57.009,-31.685,62.967,16.767,58.331,-207.848,-665,186.203,-21.575,CL4,CL0,CL0,CL0,CL6,CL5,CL5,CL0,CL0,CL0,CL0,CL0,CL4,CL0,CL3,CL3,CL3,CL0,CL0
1503,-95.197,-48.246,45.468,-57.009,-31.685,41.667,-192.173,88.309,-15.487,-52.745,19.268,-52.593,CL6,CL0,CL0,CL0,CL6,CL0,CL4,CL0,CL0,CL0,CL0,CL0,CL3,CL3,CL0,CL4,CL0,CL0,CL0
1504,-7.854,-48.246,45.468,-57.009,-31.685,-46.725,47.617,143.533,-30.172,-40.581,19.268,76.540,CL6,CL3,CL3,CL3,CL6,CL6,CL5,CL2,CL0,CL5,CL2,CL3,CL4,CL5,CL3,CL2,CL5,CL0,CL2
1505,-95.197,48.246,45.468,-57.009,12.600,-46.725,332,-31.776,13.136,-52.745,129.221,122.470,CL6,CL4,CL0,CL3,CL6,CL6,CL5,CL4,CL0,CL4,CL0,CL3,CL3,CL3,CL0,CL5,CL6,CL0,CL2
1506,49.788,48.246,-5.921,-57.009,-31.685,172.012,-272.827,29.338,128.610,-78.155,-21.712,-21.575,CL5,CL1,CL0,CL0,CL6,CL6,CL5,CL1,CL0,CL0,CL0,CL0,CL0,CL2,CL0,CL2,CL2,CL0,CL0
1507,109.449,48.246,198.437,96.082,-31.685,4.257,158.487,106.238,59.042,204.506,-21.712,-52.593,CL6,CL0,CL0,CL0,CL4,CL1,CL4,CL1,CL0,CL0,CL0,CL0,CL0,CL1,CL0,CL1,CL2,CL0,CL0
1508,-95.197,48.246,-173.790,96.082,-31.685,282.196,-244.904,106.238,-76.096,-218.109,-21.712,-84.637,CL4,CL0,CL0,CL6,CL6,CL0,CL5,CL2,CL0,CL0,CL0,CL0,CL3,CL0,CL0,CL0,CL4,CL0,CL0
1509,-95.197,48.246,45.468,96.082,-31.685,102.119,-69.509,88.309,-177.200,-40.581,19.268,40.148,CL6,CL0,CL3,CL3,CL6,CL3,CL6,CL0,CL0,CL3,CL0,CL0,CL0,CL0,CL0,CL0,CL4,CL0,CL0
1510,-7.854,48.246,-5.921,-57.009,-31.685,73.545,-123.177,72.330,59.042,-665,52.975,76.540,CL5,CL1,CL1,CL4,CL5,CL6,CL5,CL2,CL1,CL2,CL0,CL0,CL2,CL1,CL0,CL2,CL2,CL0,CL1
1511,-7.854,-48.246,-61.113,-57.009,-31.685,91.093,-211.437,-17.779,-45.321,-89.891,-137.983,-84.637,CL0,CL0,CL0,CL0,CL6,CL0,CL6,CL0,CL0,CL0,CL0,CL0,CL3,CL0,CL0,CL3,CL0,CL0,CL0
1512,-95.197,-48.246,45.468,-57.009,-31.685,73.545,-80.615,165.653,13.136,-125.773,-21.712,-52.593,CL5,CL5,CL0,CL3,CL6,CL6,CL6,CL5,CL0,CL3,CL0,CL0,CL4,CL3,CL0,CL2,CL6,CL0,CL0
1513,-95.197,-48.246,-243.591,-57.009,-31.685,228.554,-69.509,29.338,-60.633,-14.277,-137.983,-84.637,CL6,CL0,CL0,CL3,CL4,CL6,CL5,CL0,CL0,CL3,CL0,CL0,CL2,CL0,CL3,CL4,CL3,CL0,CL0
1514,-95.197,-48.246,-61.113,-57.009,12.600,-14.882,-57.545,-84.732,-60.633,-52.745,-21.712,-207.848,CL3,CL0,CL0,CL2,CL6,CL6,CL3,CL2,CL2,CL2,CL0,CL0,CL2,CL2,CL2,CL2,CL6,CL0,CL2
1515,-7.854,-48.246,-122.751,-57.009,-31.685,123.461,-232.338,29.338,-30.172,-192.173,19.268,-52.593,CL3,CL2,CL0,CL4,CL6,CL2,CL6,CL2,CL2,CL2,CL4,CL0,CL2,CL2,CL6,CL2,CL6,CL0,CL0
1516,-95.197,-48.246,-61.113,-57.009,-31.685,102.119,-43.999,-1.928,-134.289,-113.788,186.203,122.470,CL6,CL5,CL0,CL6,CL6,CL4,CL6,CL4,CL0,CL0,CL0,CL0,CL3,CL0,CL6,CL0,CL5,CL0,CL2
1517,-95.197,-48.246,-122.751,-57.009,-31.685,-79.151,193.886,165.653,-107.533,-40.581,186.203,192.173,CL5,CL4,CL0,CL2,CL6,CL6,CL5,CL0,CL0,CL4,CL0,CL0,CL4,CL6,CL3,CL3,CL6,CL0,CL3
1518,109.449,-48.246,198.437,-57.009,-31.685,62.967,-137.639,143.533,-91.699,-52.745,186.203,76.540,CL5,CL3,CL1,CL2,CL6,CL3,CL6,CL3,CL0,CL1,CL0,CL0,CL0,CL1,CL2,CL1,CL5,CL0,CL0
1519,-95.197,-48.246,-5.921,-57.009,-31.685,4.257,-163.340,188.511,-91.699,12.331,19.268,40.148,CL6,CL0,CL0,CL3,CL5,CL6,CL5,CL0,CL0,CL0,CL0,CL0,CL3,CL4,CL3,CL0,CL3,CL0,CL2
1520,-95.197,-48.246,-61.113,-57.009,-31.685,-24.649,-80.615,-127.553,-134.289,-192.173,-71.126,7.987,CL0,CL2,CL3,CL2,CL3,CL4,CL1,CL3,CL2,CL1,CL2,CL1,CL2,CL1,CL2,CL4,CL2,CL3,CL1
1521,-95.197,-48.246,-61.113,-28.519,-31.685,137.297,-30.033,-17.779,-15.487,-125.773,19.268,-21.575,CL5,CL3,CL2,CL2,CL6,CL2,CL6,CL5,CL0,CL4,CL0,CL2,CL2,CL0,CL0,CL2,CL6,CL0,CL2
1522,-95.197,-48.246,-5.921,-57.009,-31.685,137.297,-163.340,106.238,-91.699,-138.502,129.221,76.540,CL5,CL5,CL0,CL4,CL5,CL6,CL6,CL2,CL0,CL4,CL0,CL3,CL5,CL5,CL2,CL5,CL6,CL0,CL0
1523,-7.854,-48.246,-5.921,-57.009,-31.685,-5.188,-272.827,124.033,145.039,41.594,-137.983,-207.848,CL3,CL6,CL3,CL5,CL6,CL3,CL3,CL5,CL0,CL5,CL0,CL5,CL5,CL5,CL5,CL4,CL6,CL0,CL0
1524,-95.197,-48.246,-61.113,-57.009,-31.685,82.562,212.700,188.511,13.136,-65.253,186.203,192.173,CL4,CL6,CL3,CL4,CL6,CL3,CL6,CL3,CL0,CL3,CL2,CL0,CL5,CL5,CL3,CL5,CL6,CL0,CL3
1525,-95.197,-48.246,-122.751,-57.009,-31.685,160.383,-221.069,124.033,43.852,-138.502,52.975,40.148,CL2,CL2,CL0,CL2,CL6,CL6,CL5,CL0,CL0,CL2,CL0,CL0,CL3,CL2,CL2,CL3,CL6,CL0,CL2
1526,-95.197,-48.246,-173.790,-9.765,-31.685,82.562,128.610,29.338,-121.213,-89.891,88.113,192.173,CL6,CL4,CL0,CL0,CL6,CL4,CL3,CL0,CL0,CL0,CL0,CL0,CL3,CL3,CL0,CL0,CL6,CL0,CL0
1527,-95.197,-48.246,-122.751,-57.009,-31.685,52.135,128.610,124.033,-45.321,-52.745,186.203,76.540,CL5,CL3,CL0,CL3,CL6,CL5,CL5,CL2,CL0,CL0,CL0,CL0,CL4,CL0,CL3,CL4,CL3,CL0,CL0
1528,-95.197,-48.246,-61.113,-57.009,-31.685,91.093,332,106.238,-121.213,-151.840,129.221,40.148,CL6,CL3,CL0,CL4,CL6,CL6,CL5,CL0,CL0,CL0,CL0,CL0,CL3,CL4,CL2,CL3,CL6,CL0,CL3
1529,-95.197,48.246,45.468,96.082,-31.685,-186.962,193.886,58.331,-147.955,12.331,129.221,192.173,CL6,CL0,CL2,CL0,CL6,CL6,CL5,CL0,CL0,CL0,CL0,CL0,CL0,CL0,CL0,CL0,CL6,CL0,CL0
1530,-95.197,-48.246,-61.113,-57.009,-31.685,-155.078,96.248,165.653,-1.729,-14.277,129.221,76.540,CL5,CL6,CL2,CL5,CL6,CL6,CL6,CL4,CL3,CL4,CL0,CL3,CL5,CL4,CL0,CL3,CL6,CL0,CL4
1531,-95.197,-48.246,-243.591,-46.841,-31.685,-119.430,-94.779,106.238,128.610,-52.745,88.113,122.470,CL3,CL0,CL0,CL2,CL6,CL4,CL6,CL0,CL0,CL0,CL0,CL0,CL3,CL4,CL0,CL5,CL2,CL0,CL1
1532,-7.854,48.246,45.468,-57.009,11.440,-14.882,96.248,124.033,76.096,-27.607,-21.712,7.987,CL5,CL6,CL4,CL4,CL6,CL6,CL6,CL3,CL0,CL2,CL0,CL0,CL6,CL3,CL0,CL3,CL6,CL0,CL0
1533,-95.197,-48.246,-61.113,-57.009,-31.685,102.119,-176.250,58.331,-15.487,-257.309,88.113,-21.575,CL5,CL3,CL0,CL3,CL5,CL4,CL4,CL3,CL3,CL4,CL2,CL0,CL4,CL3,CL3,CL3,CL6,CL0,CL2
1534,-95.197,-48.246,-61.113,-57.009,11.440,-92.104,128.610,-45.174,-60.633,-665,88.113,122.470,CL5,CL0,CL0,CL0,CL6,CL3,CL6,CL0,CL0,CL0,CL0,CL0,CL3,CL0,CL0,CL0,CL3,CL0,CL0
1535,-7.854,-48.246,-122.751,-9.765,-31.685,4.257,32.197,-97.631,28.783,-65.253,-71.126,76.540,CL6,CL5,CL4,CL3,CL5,CL5,CL6,CL3,CL0,CL4,CL0,CL2,CL3,CL2,CL6,CL0,CL5,CL0,CL0
1536,49.788,48.246,-61.113,21.128,-31.685,31.287,332,-84.732,-60.633,-52.745,-71.126,7.987,CL5,CL3,CL2,CL0,CL6,CL4,CL5,CL3,CL0,CL4,CL0,CL3,CL3,CL1,CL0,CL1,CL5,CL0,CL1
1537,-95.197,48.246,-61.113,-57.009,11.440,-46.725,80.523,29.338,203.972,181.175,-137.983,-21.575,CL5,CL6,CL0,CL4,CL6,CL3,CL6,CL4,CL0,CL4,CL0,CL4,CL3,CL2,CL0,CL3,CL4,CL4,CL3
1538,-95.197,48.246,-61.113,-57.009,-31.685,13.606,-94.779,-111.902,43.852,-113.788,-71.126,76.540,CL5,CL0,CL0,CL0,CL6,CL5,CL4,CL3,CL0,CL3,CL0,CL0,CL5,CL4,CL0,CL3,CL4,CL0,CL0
1539,-95.197,48.246,-61.113,-57.009,11.440,4.257,174.091,-58.331,-45.321,233.337,88.113,192.173,CL4,CL0,CL0,CL0,CL5,CL0,CL5,CL0,CL0,CL0,CL0,CL0,CL0,CL0,CL0,CL0,CL0,CL0,CL0
1540,-95.197,-48.246,-61.113,-57.009,-31.685,113.281,-69.509,88.309,94.156,-89.891,129.221,76.540,CL6,CL3,CL3,CL4,CL6,CL5,CL4,CL3,CL3,CL3,CL3,CL3,CL4,CL3,CL3,CL4,CL6,CL0,CL2
1541,-95.197,48.246,-61.113,-57.009,-31.685,62.967,-15.487,188.511,145.039,12.331,88.113,-84.637,CL6,CL0,CL0,CL0,CL5,CL6,CL5,CL0,CL0,CL0,CL0,CL2,CL3,CL4,CL0,CL3,CL6,CL0,CL0
1542,-95.197,-48.246,-61.113,-57.009,-31.685,-155.078,128.610,-97.631,43.852,93.949,19.268,192.173,CL6,CL6,CL0,CL0,CL6,CL6,CL6,CL6,CL0,CL0,CL0,CL0,CL4,CL3,CL0,CL4,CL6,CL0,CL0
1543,-7.854,-48.246,-61.113,-57.009,-31.685,82.562,-300.537,29.338,-134.289,-204.506,88.113,76.540,CL6,CL3,CL0,CL4,CL4,CL6,CL5,CL2,CL2,CL2,CL5,CL2,CL6,CL3,CL3,CL4,CL3,CL0,CL2
1544,-95.197,-48.246,-61.113,96.082,-31.685,-14.882,-43.999,-71.727,-76.096,-164.101,129.221,76.540,CL4,CL2,CL0,CL0,CL5,CL4,CL6,CL2,CL0,CL2,CL0,CL3,CL5,CL0,CL0,CL2,CL2,CL0,CL0
1545,-95.197,-48.246,-61.113,-57.009,-31.685,82.562,80.523,88.309,59.042,-78.155,19.268,7.987,CL4,CL4,CL0,CL4,CL6,CL6,CL5,CL0,CL0,CL0,CL0,CL0,CL3,CL3,CL0,CL3,CL6,CL0,CL0
1546,-95.197,48.246,-61.113,-57.009,-31.685,102.119,-94.779,88.309,13.136,-14.277,-71.126,40.148,CL3,CL0,CL0,CL0,CL6,CL6,CL6,CL0,CL0,CL0,CL0,CL0,CL0,CL0,CL0,CL0,CL0,CL0,CL0
1547,-95.197,-48.246,-122.751,-57.009,11.440,-24.649,-192.173,29.338,-60.633,-113.788,52.975,40.148,CL3,CL0,CL0,CL0,CL6,CL4,CL4,CL0,CL0,CL4,CL0,CL0,CL3,CL4,CL0,CL3,CL2,CL0,CL0
1548,-95.197,48.246,-61.113,-57.009,-31.685,149.158,16.767,88.309,-1.729,58.489,52.975,76.540,CL3,CL3,CL0,CL2,CL5,CL6,CL6,CL0,CL0,CL3,CL0,CL0,CL0,CL3,CL0,CL3,CL0,CL0,CL0
1549,-7.854,-48.246,45.468,96.082,-31.685,-119.430,-57.545,-168.062,28.783,130.612,-137.983,-84.637,CL5,CL0,CL0,CL0,CL6,CL0,CL0,CL0,CL0,CL0,CL0,CL0,CL0,CL0,CL0,CL0,CL2,CL0,CL0
1550,-7.854,48.246,116.365,96.082,-31.685,-67.825,-94.779,58.331,28.783,130.612,-71.126,-84.637,CL5,CL0,CL0,CL0,CL6,CL0,CL4,CL0,CL0,CL0,CL0,CL0,CL0,CL0,CL0,CL0,CL1,CL0,CL0
1551,-7.854,48.246,-5.921,96.082,-31.685,-46.725,332,-111.902,28.783,-665,19.268,-52.593,CL6,CL2,CL0,CL0,CL6,CL2,CL5,CL0,CL0,CL0,CL0,CL0,CL0,CL0,CL0,CL0,CL6,CL0,CL0
1552,182.213,48.246,-5.921,96.082,-31.685,41.667,-150.796,-182.919,-91.699,-40.581,-137.983,-207.848,CL3,CL0,CL0,CL0,CL6,CL0,CL3,CL0,CL0,CL0,CL0,CL0,CL0,CL0,CL0,CL0,CL1,CL0,CL0
1553,109.449,48.246,-61.113,96.082,-31.685,-14.882,-94.779,-127.553,-60.633,41.594,-21.712,7.987,CL6,CL0,CL0,CL0,CL6,CL1,CL4,CL0,CL0,CL0,CL0,CL0,CL0,CL0,CL0,CL1,CL1,CL0,CL0
1554,109.449,48.246,-5.921,96.082,-31.685,-58.016,-57.545,-127.553,94.156,93.949,-137.983,-207.848,CL6,CL0,CL0,CL0,CL6,CL0,CL5,CL0,CL0,CL0,CL0,CL0,CL0,CL0,CL0,CL0,CL0,CL0,CL0
1555,-95.197,-48.246,-61.113,96.082,-31.685,-5.188,-232.338,-84.732,-177.200,-40.581,129.221,-21.575,CL6,CL0,CL0,CL0,CL6,CL2,CL6,CL0,CL0,CL0,CL0,CL0,CL0,CL0,CL0,CL0,CL3,CL0,CL2
1556,-7.854,-48.246,116.365,96.082,-31.685,-155.078,111.406,-1.928,-1.729,146.191,19.268,7.987,CL5,CL0,CL0,CL0,CL6,CL2,CL5,CL0,CL0,CL0,CL0,CL0,CL4,CL0,CL0,CL0,CL4,CL0,CL0
1557,-95.197,48.246,116.365,96.082,-31.685,31.287,80.523,-97.631,28.783,25.953,-21.712,40.148,CL6,CL0,CL0,CL3,CL6,CL3,CL4,CL0,CL0,CL0,CL0,CL0,CL0,CL0,CL0,CL0,CL6,CL0,CL0
1558,-7.854,48.246,-61.113,96.082,-31.685,-132.828,158.487,-58.331,161.108,113.407,19.268,-21.575,CL5,CL0,CL0,CL0,CL6,CL2,CL6,CL0,CL0,CL0,CL0,CL0,CL0,CL0,CL0,CL0,CL0,CL0,CL0
1559,182.213,48.246,45.468,96.082,-31.685,-186.962,158.487,44.585,76.096,163.088,19.268,-52.593,CL4,CL0,CL0,CL0,CL6,CL0,CL4,CL0,CL0,CL0,CL0,CL0,CL0,CL0,CL0,CL0,CL6,CL0,CL0
1560,-95.197,48.246,45.468,96.082,-22.166,-92.104,-15.487,-84.732,-76.096,130.612,-71.126,-21.575,CL5,CL0,CL0,CL0,CL5,CL2,CL6,CL0,CL0,CL0,CL0,CL0,CL0,CL0,CL0,CL0,CL3,CL0,CL0
1561,-7.854,48.246,116.365,96.082,-50.212,73.545,16.767,-71.727,-91.699,113.407,-137.983,-84.637,CL4,CL0,CL0,CL0,CL6,CL2,CL5,CL0,CL0,CL0,CL0,CL0,CL0,CL0,CL0,CL0,CL0,CL0,CL0
1562,49.788,48.246,45.468,96.082,-31.685,62.967,-150.796,-31.776,28.783,-14.277,-71.126,-207.848,CL1,CL1,CL1,CL0,CL6,CL1,CL6,CL0,CL0,CL0,CL0,CL0,CL0,CL0,CL0,CL0,CL1,CL0,CL0
1563,109.449,48.246,-243.591,96.082,-31.685,22.393,-30.033,-127.553,-60.633,-27.607,-21.712,-52.593,CL1,CL0,CL0,CL0,CL6,CL0,CL6,CL0,CL0,CL0,CL0,CL0,CL0,CL0,CL0,CL0,CL6,CL0,CL0
1564,49.788,-48.246,-5.921,96.082,-31.685,73.545,-150.796,-84.732,-15.487,-113.788,88.113,7.987,CL4,CL2,CL1,CL1,CL6,CL3,CL6,CL1,CL0,CL3,CL0,CL1,CL0,CL1,CL0,CL1,CL1,CL0,CL0
1565,49.788,48.246,45.468,96.082,-31.685,-5.188,174.091,-285.950,-76.096,263.199,-137.983,-154.858,CL6,CL0,CL0,CL0,CL6,CL0,CL5,CL0,CL0,CL0,CL0,CL0,CL0,CL0,CL0,CL0,CL2,CL0,CL0
1566,109.449,48.246,-5.921,96.082,-31.685,-46.725,-30.033,-142.424,145.039,204.506,-71.126,-52.593,CL6,CL0,CL0,CL0,CL6,CL1,CL6,CL1,CL0,CL0,CL0,CL0,CL0,CL0,CL0,CL0,CL6,CL0,CL0
1567,49.788,48.246,-5.921,96.082,-31.685,82.562,80.523,29.338,128.610,25.953,-137.983,-118.084,CL5,CL0,CL0,CL0,CL6,CL0,CL5,CL0,CL0,CL0,CL0,CL0,CL0,CL0,CL0,CL0,CL1,CL0,CL0
1568,109.449,48.246,-5.921,96.082,-31.685,246.262,-253.830,-31.776,-91.699,-78.155,-71.126,-154.858,CL4,CL0,CL0,CL1,CL6,CL0,CL6,CL0,CL0,CL0,CL0,CL0,CL0,CL0,CL0,CL0,CL0,CL0,CL0
1569,49.788,-48.246,116.365,96.082,-31.685,-155.078,80.523,124.033,181.866,-665,19.268,-21.575,CL5,CL0,CL0,CL0,CL6,CL0,CL5,CL0,CL0,CL0,CL0,CL0,CL0,CL0,CL0,CL0,CL0,CL0,CL0
1570,-7.854,-48.246,45.468,96.082,-31.685,-5.188,47.617,-111.902,-76.096,-27.607,-137.983,-84.637,CL5,CL0,CL0,CL0,CL6,CL0,CL5,CL0,CL0,CL0,CL0,CL0,CL0,CL0,CL0,CL0,CL3,CL0,CL0
1571,-7.854,48.246,116.365,96.082,-31.685,-105.308,128.610,-45.174,-15.487,-665,88.113,-84.637,CL5,CL0,CL3,CL0,CL5,CL2,CL5,CL0,CL0,CL0,CL0,CL0,CL0,CL0,CL0,CL0,CL2,CL0,CL0
1572,109.449,-48.246,-5.921,96.082,-31.685,-79.151,-43.999,-1.928,181.866,75.830,-71.126,-52.593,CL6,CL0,CL0,CL0,CL6,CL0,CL5,CL0,CL0,CL0,CL0,CL0,CL0,CL0,CL0,CL0,CL0,CL0,CL0
1573,-95.197,48.246,-61.113,96.082,-31.685,-58.016,-30.033,-84.732,59.042,58.489,-71.126,-154.858,CL3,CL0,CL0,CL0,CL6,CL2,CL6,CL0,CL0,CL0,CL0,CL0,CL0,CL0,CL0,CL0,CL2,CL0,CL0
1574,-7.854,48.246,116.365,96.082,-31.685,31.287,332,-31.776,59.042,41.594,19.268,76.540,CL6,CL0,CL0,CL0,CL6,CL1,CL5,CL0,CL0,CL0,CL0,CL0,CL0,CL0,CL0,CL0,CL4,CL0,CL0
1575,109.449,48.246,-5.921,96.082,-31.685,102.119,32.197,72.330,161.108,-52.745,88.113,-84.637,CL3,CL0,CL0,CL3,CL6,CL0,CL5,CL0,CL0,CL0,CL0,CL0,CL0,CL0,CL0,CL0,CL0,CL0,CL0
1576,49.788,48.246,45.468,96.082,-31.685,-5.188,96.248,-111.902,94.156,163.088,-137.983,-207.848,CL3,CL0,CL0,CL0,CL5,CL0,CL6,CL0,CL0,CL0,CL0,CL0,CL0,CL0,CL0,CL0,CL0,CL0,CL0
1577,49.788,48.246,-61.113,96.082,-31.685,-24.649,16.767,-182.919,-45.321,41.594,-137.983,-52.593,CL4,CL0,CL0,CL0,CL6,CL1,CL6,CL0,CL0,CL0,CL0,CL0,CL0,CL0,CL0,CL0,CL1,CL0,CL0
1578,-7.854,48.246,116.365,96.082,-31.685,-24.649,80.523,-58.331,145.039,93.949,19.268,-84.637,CL5,CL0,CL0,CL0,CL6,CL0,CL5,CL0,CL0,CL0,CL0,CL0,CL0,CL0,CL0,CL0,CL2,CL0,CL0
1579,109.449,48.246,45.468,96.082,-31.685,-105.308,-15.487,-111.902,-45.321,58.489,-137.983,-84.637,CL3,CL0,CL0,CL0,CL6,CL0,CL6,CL0,CL0,CL0,CL0,CL0,CL0,CL0,CL0,CL0,CL0,CL0,CL0
1580,109.449,48.246,116.365,96.082,-31.685,41.667,-43.999,143.533,128.610,75.830,-21.712,-52.593,CL4,CL0,CL0,CL2,CL6,CL1,CL5,CL0,CL0,CL0,CL0,CL0,CL0,CL0,CL0,CL0,CL1,CL0,CL0
1581,49.788,48.246,-173.790,96.082,-31.685,-46.725,16.767,-45.174,128.610,58.489,-137.983,-52.593,CL6,CL0,CL0,CL0,CL6,CL0,CL5,CL0,CL0,CL0,CL0,CL0,CL0,CL0,CL0,CL0,CL1,CL0,CL0
1582,109.449,48.246,-5.921,96.082,-31.685,62.967,-150.796,-239.883,-91.699,12.331,-137.983,-207.848,CL5,CL0,CL0,CL2,CL0,CL0,CL4,CL0,CL0,CL0,CL0,CL0,CL0,CL0,CL0,CL0,CL0,CL0,CL0
1583,49.788,48.246,116.365,96.082,-31.685,-24.649,-15.487,-127.553,43.852,146.191,-21.712,-84.637,CL4,CL0,CL0,CL2,CL6,CL0,CL6,CL0,CL0,CL0,CL0,CL0,CL0,CL0,CL0,CL0,CL2,CL0,CL0
1584,49.788,-48.246,-5.921,96.082,-31.685,31.287,-123.177,-1.928,76.096,12.331,-71.126,-84.637,CL6,CL0,CL1,CL0,CL6,CL1,CL5,CL0,CL0,CL0,CL0,CL0,CL0,CL0,CL0,CL0,CL6,CL0,CL0
1585,49.788,48.246,116.365,96.082,-31.685,73.545,232.338,14.143,181.866,12.331,19.268,76.540,CL5,CL0,CL0,CL0,CL6,CL1,CL0,CL0,CL0,CL0,CL0,CL0,CL0,CL0,CL0,CL0,CL6,CL0,CL0
1586,-7.854,48.246,45.468,96.082,-31.685,13.606,111.406,14.143,-15.487,58.489,88.113,40.148,CL6,CL1,CL2,CL3,CL6,CL2,CL6,CL4,CL2,CL3,CL0,CL1,CL3,CL0,CL0,CL2,CL3,CL0,CL0
1587,49.788,48.246,45.468,96.082,-31.685,4.257,-15.487,88.309,-30.172,58.489,19.268,-84.637,CL5,CL1,CL1,CL3,CL6,CL3,CL6,CL1,CL0,CL1,CL0,CL0,CL0,CL1,CL1,CL1,CL1,CL0,CL0
1588,49.788,48.246,-5.921,96.082,-31.685,-34.799,80.523,-168.062,-60.633,41.594,-21.712,-21.575,CL5,CL0,CL0,CL0,CL6,CL0,CL6,CL0,CL0,CL0,CL0,CL0,CL0,CL0,CL0,CL0,CL6,CL0,CL0
1589,49.788,-48.246,-173.790,96.082,-31.685,-132.828,212.700,-58.331,-60.633,12.331,-21.712,-21.575,CL6,CL0,CL0,CL0,CL6,CL0,CL5,CL0,CL0,CL0,CL0,CL0,CL0,CL0,CL0,CL0,CL2,CL0,CL0
1590,49.788,-48.246,-5.921,96.082,-31.685,-205.048,145.421,-1.928,28.783,93.949,52.975,7.987,CL4,CL0,CL1,CL0,CL6,CL1,CL6,CL0,CL0,CL0,CL0,CL0,CL0,CL0,CL0,CL0,CL6,CL0,CL0
1591,49.788,48.246,45.468,96.082,-31.685,82.562,-69.509,-84.732,145.039,113.407,-21.712,40.148,CL5,CL0,CL0,CL0,CL6,CL0,CL5,CL0,CL0,CL0,CL0,CL0,CL0,CL0,CL0,CL0,CL1,CL0,CL0
1592,109.449,48.246,-5.921,96.082,-31.685,-205.048,80.523,-97.631,275.696,113.407,-137.983,-207.848,CL5,CL0,CL0,CL0,CL6,CL0,CL5,CL0,CL0,CL0,CL0,CL0,CL0,CL0,CL0,CL0,CL0,CL0,CL0
1593,109.449,48.246,45.468,96.082,-31.685,-79.151,193.886,-45.174,111.406,41.594,88.113,192.173,CL5,CL0,CL1,CL0,CL6,CL0,CL0,CL0,CL0,CL0,CL0,CL0,CL0,CL0,CL0,CL1,CL0,CL0,CL0
1594,49.788,48.246,198.437,96.082,-31.685,4.257,80.523,29.338,-1.729,-14.277,-21.712,-52.593,CL5,CL1,CL0,CL0,CL6,CL1,CL5,CL0,CL0,CL0,CL0,CL0,CL0,CL0,CL0,CL0,CL0,CL0,CL0
1595,-7.854,48.246,45.468,96.082,-31.685,-24.649,111.406,-45.174,-15.487,41.594,-71.126,-84.637,CL5,CL0,CL0,CL0,CL5,CL0,CL6,CL0,CL0,CL0,CL0,CL0,CL0,CL0,CL0,CL0,CL0,CL0,CL0
1596,-7.854,48.246,45.468,96.082,-31.685,-58.016,174.091,88.309,-1.729,-27.607,129.221,76.540,CL5,CL0,CL1,CL0,CL5,CL3,CL5,CL0,CL0,CL0,CL0,CL0,CL0,CL0,CL0,CL2,CL3,CL0,CL0
1597,182.213,48.246,-61.113,96.082,-31.685,-5.188,63.779,14.143,43.852,41.594,-21.712,-154.858,CL5,CL0,CL0,CL2,CL6,CL0,CL5,CL0,CL0,CL0,CL0,CL0,CL0,CL0,CL0,CL0,CL1,CL0,CL0
1598,49.788,48.246,45.468,96.082,-31.685,-67.825,32.197,-97.631,59.042,12.331,-71.126,-84.637,CL5,CL0,CL1,CL0,CL6,CL0,CL5,CL0,CL0,CL0,CL0,CL0,CL0,CL0,CL0,CL0,CL1,CL0,CL0
1599,-7.854,48.246,116.365,96.082,-31.685,-79.151,128.610,-182.919,13.136,75.830,-71.126,-84.637,CL5,CL0,CL0,CL0,CL4,CL0,CL5,CL0,CL0,CL0,CL0,CL0,CL0,CL0,CL0,CL0,CL2,CL0,CL0
1600,-7.854,48.246,-5.921,96.082,-31.685,-119.430,111.406,-142.424,28.783,-665,-71.126,-84.637,CL4,CL0,CL1,CL0,CL6,CL1,CL6,CL0,CL0,CL0,CL0,CL0,CL0,CL0,CL0,CL0,CL4,CL0,CL0
1601,-7.854,48.246,-5.921,96.082,-31.685,-67.825,96.248,-111.902,-15.487,58.489,19.268,-21.575,CL5,CL0,CL0,CL0,CL5,CL0,CL5,CL0,CL0,CL0,CL0,CL0,CL0,CL0,CL0,CL0,CL1,CL0,CL0
1602,-7.854,-48.246,116.365,96.082,-31.685,13.606,63.779,14.143,-91.699,163.088,-71.126,-154.858,CL4,CL0,CL0,CL0,CL6,CL2,CL6,CL0,CL0,CL0,CL0,CL0,CL0,CL0,CL0,CL0,CL2,CL0,CL0
1603,182.213,48.246,116.365,96.082,-31.685,31.287,47.617,106.238,-30.172,-78.155,52.975,76.540,CL6,CL0,CL0,CL0,CL6,CL0,CL5,CL0,CL0,CL0,CL0,CL0,CL0,CL0,CL0,CL0,CL0,CL0,CL0
1604,-7.854,48.246,45.468,96.082,-31.685,-5.188,285.950,188.511,94.156,-89.891,186.203,122.470,CL4,CL0,CL0,CL1,CL6,CL0,CL6,CL0,CL0,CL0,CL0,CL0,CL0,CL0,CL0,CL0,CL0,CL0,CL0
1605,109.449,-48.246,-173.790,96.082,-31.685,-34.799,193.886,-1.928,76.096,130.612,-137.983,-84.637,CL5,CL0,CL2,CL2,CL6,CL0,CL5,CL0,CL0,CL0,CL0,CL0,CL0,CL0,CL0,CL0,CL1,CL0,CL0
1606,-7.854,48.246,45.468,96.082,-50.212,-24.649,212.700,-221.069,-91.699,-14.277,129.221,-21.575,CL0,CL0,CL0,CL0,CL5,CL0,CL5,CL0,CL0,CL0,CL0,CL0,CL0,CL0,CL0,CL0,CL0,CL0,CL0
1607,49.788,48.246,-5.921,96.082,-31.685,-155.078,145.421,44.585,43.852,58.489,-71.126,-118.084,CL5,CL0,CL0,CL0,CL6,CL2,CL6,CL0,CL0,CL0,CL0,CL0,CL0,CL1,CL0,CL0,CL2,CL0,CL0
1608,49.788,48.246,116.365,96.082,-31.685,-79.151,32.197,-1.928,-15.487,113.407,-21.712,-21.575,CL5,CL0,CL0,CL0,CL6,CL1,CL5,CL0,CL0,CL0,CL0,CL0,CL0,CL0,CL0,CL0,CL2,CL0,CL0
1609,-7.854,-48.246,-61.113,-57.009,-31.685,-24.649,-109.207,244.904,-91.699,-65.253,129.221,76.540,CL3,CL5,CL5,CL5,CL5,CL3,CL4,CL3,CL3,CL5,CL2,CL0,CL6,CL3,CL2,CL3,CL6,CL0,CL1
1610,-7.854,48.246,45.468,96.082,-31.685,-14.882,-109.207,-168.062,94.156,75.830,-71.126,-207.848,CL4,CL0,CL1,CL0,CL6,CL0,CL6,CL0,CL0,CL0,CL0,CL0,CL0,CL0,CL0,CL0,CL0,CL0,CL0
1611,109.449,48.246,45.468,96.082,-31.685,22.393,63.779,-97.631,76.096,-52.745,-137.983,-207.848,CL5,CL0,CL0,CL2,CL6,CL0,CL5,CL0,CL0,CL0,CL0,CL0,CL0,CL0,CL0,CL0,CL2,CL0,CL0
1612,-7.854,48.246,45.468,96.082,-31.685,-34.799,-43.999,-142.424,111.406,93.949,-137.983,-154.858,CL3,CL0,CL0,CL0,CL6,CL0,CL6,CL0,CL0,CL0,CL0,CL0,CL0,CL0,CL0,CL0,CL0,CL0,CL0
1613,49.788,48.246,45.468,96.082,-22.166,13.606,128.610,-97.631,43.852,-665,-21.712,-21.575,CL5,CL1,CL1,CL3,CL6,CL2,CL6,CL0,CL0,CL0,CL0,CL0,CL0,CL0,CL0,CL0,CL1,CL0,CL1
1614,-7.854,-48.246,-61.113,96.082,-31.685,-252.197,232.338,29.338,-147.955,58.489,88.113,122.470,CL4,CL1,CL2,CL0,CL6,CL1,CL6,CL3,CL0,CL4,CL0,CL0,CL3,CL1,CL0,CL2,CL0,CL0,CL1
1615,49.788,48.246,198.437,96.082,-31.685,-119.430,47.617,124.033,111.406,300.537,-21.712,7.987,CL5,CL0,CL0,CL2,CL6,CL1,CL6,CL0,CL0,CL0,CL0,CL0,CL0,CL0,CL0,CL0,CL2,CL0,CL0
1616,182.213,-48.246,-5.921,96.082,-31.685,62.967,-150.796,-155.521,76.096,-40.581,19.268,-21.575,CL6,CL0,CL0,CL0,CL6,CL0,CL6,CL0,CL0,CL0,CL0,CL0,CL0,CL0,CL0,CL0,CL0,CL0,CL0
1617,-7.854,-48.246,116.365,96.082,-31.685,52.135,332,72.330,59.042,-27.607,88.113,192.173,CL5,CL0,CL1,CL0,CL6,CL0,CL6,CL0,CL0,CL0,CL0,CL0,CL2,CL0,CL0,CL1,CL3,CL0,CL0
1618,109.449,-48.246,-5.921,96.082,-31.685,31.287,16.767,-111.902,59.042,58.489,52.975,-52.593,CL5,CL0,CL0,CL4,CL6,CL0,CL6,CL0,CL0,CL0,CL0,CL0,CL0,CL0,CL0,CL0,CL0,CL0,CL0
1619,-7.854,-48.246,-61.113,-57.009,-31.685,31.287,-30.033,106.238,-30.172,-89.891,88.113,192.173,CL5,CL4,CL0,CL5,CL6,CL6,CL4,CL3,CL1,CL2,CL3,CL1,CL2,CL3,CL4,CL3,CL6,CL0,CL0
1620,109.449,-48.246,-5.921,96.082,-31.685,13.606,332,-45.174,-60.633,75.830,-21.712,40.148,CL5,CL0,CL0,CL0,CL6,CL0,CL5,CL0,CL0,CL0,CL0,CL0,CL0,CL0,CL0,CL0,CL2,CL0,CL0
1621,-7.854,-48.246,45.468,96.082,-110.702,137.297,-30.033,-97.631,-30.172,-27.607,19.268,-52.593,CL6,CL0,CL0,CL0,CL0,CL0,CL5,CL0,CL0,CL0,CL0,CL0,CL0,CL0,CL0,CL0,CL1,CL0,CL0
1622,49.788,-48.246,-5.921,96.082,-31.685,-155.078,-15.487,58.331,43.852,113.407,19.268,-21.575,CL5,CL0,CL0,CL0,CL6,CL0,CL4,CL0,CL0,CL0,CL0,CL0,CL0,CL0,CL0,CL0,CL0,CL0,CL0
1623,49.788,-48.246,45.468,96.082,-31.685,52.135,-80.615,-127.553,59.042,-89.891,19.268,-118.084,CL5,CL0,CL0,CL2,CL6,CL0,CL6,CL0,CL0,CL0,CL0,CL0,CL0,CL0,CL0,CL0,CL0,CL0,CL0
1624,109.449,-48.246,116.365,96.082,-31.685,13.606,-69.509,-17.779,-76.096,-27.607,-71.126,-84.637,CL5,CL1,CL0,CL0,CL6,CL1,CL5,CL0,CL0,CL0,CL0,CL0,CL0,CL0,CL0,CL0,CL6,CL0,CL0
1625,49.788,-48.246,-61.113,96.082,-31.685,-79.151,47.617,-1.928,13.136,12.331,-21.712,7.987,CL5,CL1,CL2,CL3,CL6,CL3,CL5,CL2,CL1,CL2,CL0,CL2,CL0,CL1,CL2,CL2,CL2,CL0,CL0
1626,49.788,48.246,-5.921,96.082,-31.685,-79.151,32.197,-127.553,76.096,75.830,-137.983,-118.084,CL6,CL0,CL0,CL0,CL6,CL0,CL6,CL0,CL0,CL0,CL0,CL0,CL0,CL0,CL0,CL0,CL6,CL0,CL0
1627,-7.854,48.246,-5.921,96.082,-31.685,-143.907,63.779,-142.424,59.042,58.489,-137.983,-118.084,CL5,CL0,CL0,CL0,CL5,CL1,CL5,CL0,CL0,CL0,CL0,CL0,CL0,CL0,CL0,CL0,CL2,CL0,CL0
1628,-7.854,48.246,116.365,96.082,-31.685,-186.962,128.610,-127.553,-15.487,146.191,-137.983,-207.848,CL4,CL1,CL0,CL3,CL6,CL1,CL5,CL1,CL0,CL0,CL0,CL0,CL0,CL0,CL0,CL0,CL0,CL0,CL0
1629,-7.854,48.246,116.365,96.082,-31.685,62.967,332,-1.928,76.096,-665,-137.983,-52.593,CL3,CL0,CL0,CL0,CL6,CL0,CL5,CL0,CL0,CL0,CL0,CL0,CL0,CL0,CL0,CL0,CL0,CL0,CL0
1630,109.449,48.246,-5.921,96.082,-31.685,13.606,-15.487,-84.732,28.783,58.489,52.975,-52.593,CL2,CL0,CL0,CL2,CL6,CL1,CL6,CL0,CL0,CL0,CL0,CL0,CL0,CL1,CL0,CL0,CL1,CL0,CL0
1631,49.788,48.246,45.468,96.082,-31.685,-14.882,47.617,88.309,-107.533,-101.450,19.268,40.148,CL6,CL0,CL0,CL0,CL6,CL1,CL6,CL0,CL0,CL0,CL0,CL0,CL0,CL0,CL0,CL0,CL2,CL0,CL0
1632,49.788,48.246,-5.921,96.082,-31.685,-221.844,47.617,-17.779,275.696,113.407,-71.126,-84.637,CL5,CL0,CL1,CL0,CL6,CL1,CL5,CL0,CL0,CL0,CL0,CL0,CL0,CL0,CL0,CL0,CL4,CL0,CL0
1633,49.788,-48.246,-5.921,24.923,-31.685,160.383,16.767,-45.174,-1.729,181.175,129.221,192.173,CL6,CL0,CL0,CL0,CL6,CL6,CL4,CL0,CL0,CL0,CL0,CL0,CL0,CL1,CL0,CL1,CL1,CL0,CL0
1634,109.449,48.246,-5.921,96.082,-110.702,-34.799,32.197,-84.732,-30.172,41.594,88.113,40.148,CL5,CL0,CL0,CL0,CL6,CL0,CL4,CL0,CL0,CL0,CL0,CL0,CL0,CL0,CL0,CL0,CL0,CL0,CL0
1635,-95.197,48.246,-122.751,96.082,-31.685,4.257,-137.639,-127.553,-1.729,-665,-137.983,-207.848,CL4,CL0,CL0,CL0,CL5,CL0,CL6,CL0,CL0,CL0,CL0,CL0,CL0,CL0,CL0,CL0,CL0,CL0,CL0
1636,182.213,-48.246,-243.591,96.082,-31.685,-143.907,332,-168.062,43.852,58.489,-71.126,-52.593,CL5,CL0,CL0,CL0,CL5,CL0,CL5,CL0,CL0,CL0,CL0,CL0,CL0,CL0,CL0,CL0,CL0,CL0,CL0
1637,109.449,48.246,-5.921,96.082,-31.685,4.257,63.779,-168.062,-107.533,-665,-71.126,-118.084,CL4,CL0,CL1,CL0,CL3,CL0,CL6,CL0,CL0,CL0,CL0,CL0,CL0,CL0,CL0,CL0,CL6,CL0,CL0
1638,-95.197,-48.246,-61.113,-57.009,-31.685,183.990,-123.177,14.143,-147.955,-101.450,88.113,122.470,CL5,CL6,CL0,CL0,CL6,CL5,CL0,CL0,CL0,CL0,CL0,CL0,CL2,CL4,CL0,CL0,CL5,CL0,CL5
1639,109.449,48.246,-173.790,96.082,-31.685,22.393,-57.545,-71.727,28.783,41.594,-71.126,-52.593,CL5,CL0,CL0,CL2,CL6,CL0,CL6,CL0,CL0,CL0,CL0,CL0,CL0,CL0,CL0,CL0,CL0,CL0,CL0
1640,109.449,48.246,-5.921,96.082,-31.685,-5.188,16.767,-97.631,-15.487,-27.607,19.268,-118.084,CL6,CL0,CL0,CL2,CL6,CL0,CL6,CL0,CL0,CL0,CL0,CL0,CL0,CL0,CL0,CL0,CL6,CL0,CL0
1641,49.788,48.246,-5.921,96.082,-31.685,31.287,63.779,-58.331,59.042,12.331,52.975,7.987,CL6,CL0,CL0,CL2,CL6,CL0,CL6,CL0,CL0,CL0,CL0,CL0,CL0,CL0,CL0,CL0,CL0,CL0,CL0
1642,109.449,48.246,-5.921,96.082,-31.685,102.119,332,-17.779,94.156,93.949,19.268,-84.637,CL5,CL0,CL0,CL4,CL6,CL0,CL6,CL0,CL0,CL0,CL0,CL0,CL0,CL0,CL0,CL0,CL0,CL0,CL0
1643,-7.854,48.246,116.365,96.082,-31.685,-169.163,47.617,-142.424,-30.172,113.407,-137.983,-84.637,CL4,CL0,CL0,CL0,CL6,CL0,CL4,CL0,CL0,CL0,CL0,CL0,CL0,CL0,CL0,CL0,CL0,CL0,CL0
1644,109.449,48.246,-5.921,96.082,-31.685,4.257,-80.615,-1.928,43.852,-14.277,-71.126,-84.637,CL3,CL0,CL0,CL0,CL1,CL0,CL6,CL0,CL0,CL0,CL0,CL0,CL0,CL0,CL0,CL0,CL0,CL0,CL0
1645,-7.854,48.246,116.365,96.082,-31.685,-67.825,-15.487,-71.727,76.096,25.953,-21.712,-21.575,CL3,CL0,CL1,CL0,CL6,CL1,CL6,CL0,CL0,CL0,CL0,CL0,CL0,CL0,CL0,CL0,CL2,CL0,CL0
1646,109.449,-48.246,-173.790,96.082,-31.685,4.257,111.406,-31.776,-1.729,-14.277,-21.712,-52.593,CL5,CL1,CL0,CL1,CL6,CL1,CL6,CL0,CL0,CL0,CL0,CL0,CL0,CL0,CL0,CL0,CL1,CL0,CL0
1647,49.788,-48.246,-5.921,96.082,-31.685,4.257,-94.779,14.143,94.156,58.489,-137.983,-154.858,CL6,CL0,CL0,CL0,CL6,CL2,CL6,CL0,CL0,CL0,CL0,CL0,CL0,CL0,CL0,CL0,CL2,CL0,CL0
1648,49.788,-48.246,-5.921,96.082,-31.685,82.562,-80.615,-58.331,43.852,-40.581,19.268,40.148,CL5,CL0,CL3,CL2,CL6,CL2,CL4,CL0,CL0,CL0,CL0,CL0,CL0,CL1,CL6,CL1,CL1,CL0,CL0
1649,-7.854,48.246,116.365,96.082,-31.685,-67.825,47.617,-17.779,76.096,146.191,-21.712,-52.593,CL4,CL0,CL0,CL0,CL6,CL0,CL0,CL0,CL0,CL0,CL0,CL0,CL0,CL0,CL0,CL0,CL0,CL0,CL0
1650,-7.854,48.246,45.468,96.082,-31.685,-14.882,-30.033,-84.732,-30.172,146.191,-71.126,-21.575,CL3,CL0,CL0,CL0,CL6,CL0,CL6,CL0,CL0,CL0,CL0,CL0,CL0,CL0,CL0,CL0,CL3,CL0,CL0
1651,-7.854,48.246,45.468,96.082,-31.685,4.257,158.487,124.033,128.610,58.489,129.221,40.148,CL5,CL0,CL0,CL0,CL5,CL3,CL4,CL0,CL0,CL0,CL0,CL0,CL1,CL0,CL0,CL1,CL1,CL0,CL0
1652,182.213,-48.246,-61.113,-57.009,-31.685,-169.163,-123.177,-84.732,-147.955,-40.581,-71.126,76.540,CL4,CL1,CL1,CL1,CL6,CL2,CL4,CL1,CL2,CL0,CL0,CL0,CL0,CL1,CL0,CL1,CL6,CL0,CL1
1653,-95.197,-48.246,45.468,-57.009,-31.685,22.393,-123.177,29.338,-45.321,-113.788,19.268,-118.084,CL5,CL0,CL0,CL4,CL5,CL6,CL5,CL3,CL0,CL0,CL6,CL0,CL3,CL3,CL0,CL3,CL6,CL0,CL3
1654,-7.854,48.246,198.437,96.082,-31.685,-79.151,96.248,-31.776,181.866,146.191,-71.126,7.987,CL5,CL0,CL0,CL0,CL6,CL1,CL5,CL0,CL0,CL0,CL0,CL0,CL0,CL0,CL0,CL0,CL2,CL0,CL0
1655,182.213,-48.246,-173.790,96.082,-31.685,31.287,-30.033,-71.727,-162.090,41.594,-21.712,-118.084,CL5,CL0,CL0,CL0,CL5,CL0,CL5,CL0,CL0,CL0,CL0,CL0,CL0,CL0,CL0,CL0,CL0,CL0,CL0
1656,49.788,48.246,45.468,96.082,-31.685,-79.151,111.406,-182.919,76.096,93.949,-71.126,-154.858,CL5,CL1,CL1,CL0,CL6,CL1,CL5,CL0,CL0,CL1,CL0,CL0,CL0,CL1,CL0,CL0,CL0,CL0,CL0
1657,-95.197,48.246,45.468,96.082,-31.685,172.012,-123.177,-71.727,-60.633,12.331,-137.983,40.148,CL4,CL0,CL0,CL0,CL6,CL2,CL4,CL0,CL0,CL0,CL0,CL0,CL0,CL0,CL0,CL0,CL2,CL0,CL0
1658,-7.854,-48.246,-61.113,24.923,-31.685,-169.163,16.767,-31.776,-45.321,93.949,-21.712,7.987,CL3,CL3,CL0,CL3,CL5,CL3,CL5,CL3,CL3,CL0,CL3,CL0,CL0,CL0,CL3,CL0,CL5,CL0,CL0
1659,-95.197,-48.246,-5.921,96.082,-31.685,-14.882,80.523,244.904,43.852,-665,129.221,122.470,CL4,CL2,CL0,CL0,CL6,CL3,CL3,CL2,CL0,CL3,CL0,CL6,CL3,CL3,CL0,CL2,CL6,CL0,CL0
1660,109.449,48.246,45.468,96.082,-31.685,-221.844,63.779,29.338,13.136,41.594,-137.983,-84.637,CL6,CL0,CL0,CL0,CL6,CL0,CL6,CL0,CL0,CL0,CL0,CL0,CL0,CL0,CL0,CL0,CL1,CL0,CL0
1661,49.788,48.246,-5.921,96.082,-31.685,160.383,16.767,215.324,-134.289,-138.502,186.203,192.173,CL3,CL5,CL2,CL3,CL5,CL3,CL6,CL4,CL2,CL3,CL2,CL2,CL2,CL2,CL6,CL3,CL6,CL0,CL0
1662,-95.197,48.246,-243.591,96.082,-31.685,-67.825,-15.487,-31.776,161.108,-27.607,-71.126,40.148,CL2,CL2,CL0,CL0,CL6,CL6,CL5,CL0,CL0,CL2,CL0,CL0,CL2,CL0,CL0,CL0,CL1,CL0,CL0
1663,-7.854,-48.246,-5.921,-28.519,-31.685,-67.825,111.406,-1.928,43.852,-14.277,88.113,76.540,CL5,CL2,CL2,CL3,CL6,CL6,CL6,CL4,CL2,CL4,CL0,CL2,CL2,CL0,CL0,CL2,CL6,CL0,CL0
1664,-7.854,48.246,-61.113,96.082,-31.685,-105.308,332,-31.776,43.852,-78.155,19.268,40.148,CL4,CL3,CL2,CL0,CL6,CL3,CL6,CL3,CL0,CL3,CL0,CL2,CL4,CL0,CL0,CL2,CL4,CL0,CL0
1665,-7.854,48.246,198.437,96.082,-31.685,4.257,47.617,44.585,76.096,-14.277,186.203,122.470,CL5,CL2,CL2,CL4,CL6,CL2,CL6,CL3,CL2,CL3,CL0,CL2,CL2,CL2,CL0,CL2,CL6,CL0,CL0
1666,-7.854,48.246,45.468,96.082,-31.685,-58.016,47.617,-71.727,203.972,93.949,19.268,-21.575,CL5,CL0,CL0,CL0,CL4,CL0,CL6,CL0,CL0,CL0,CL0,CL0,CL0,CL0,CL0,CL0,CL0,CL0,CL0
1667,-95.197,-48.246,-61.113,96.082,-31.685,4.257,96.248,165.653,-60.633,12.331,186.203,122.470,CL4,CL3,CL0,CL3,CL6,CL5,CL6,CL0,CL0,CL3,CL0,CL3,CL3,CL3,CL3,CL0,CL3,CL0,CL2
1668,-7.854,48.246,198.437,-9.765,-31.685,13.606,-43.999,-155.521,-1.729,93.949,-137.983,-154.858,CL3,CL0,CL0,CL2,CL6,CL2,CL5,CL0,CL0,CL0,CL0,CL0,CL2,CL0,CL0,CL0,CL1,CL0,CL0
1669,49.788,-48.246,-5.921,96.082,-31.685,62.967,-109.207,-84.732,-91.699,41.594,19.268,40.148,CL3,CL1,CL1,CL1,CL6,CL1,CL6,CL0,CL0,CL0,CL0,CL0,CL1,CL1,CL0,CL1,CL6,CL0,CL0
1670,49.788,48.246,45.468,-9.765,-31.685,-119.430,-57.545,-71.727,43.852,93.949,88.113,76.540,CL4,CL0,CL0,CL0,CL6,CL1,CL6,CL0,CL0,CL0,CL0,CL0,CL0,CL0,CL0,CL0,CL0,CL0,CL0
1671,109.449,-48.246,45.468,96.082,-31.685,62.967,-80.615,-182.919,-107.533,12.331,-71.126,-84.637,CL6,CL0,CL0,CL0,CL6,CL0,CL5,CL0,CL0,CL0,CL0,CL0,CL0,CL0,CL0,CL0,CL4,CL0,CL0
1672,182.213,-48.246,45.468,96.082,-31.685,62.967,-43.999,124.033,94.156,-113.788,-71.126,-21.575,CL5,CL0,CL0,CL0,CL6,CL1,CL6,CL0,CL0,CL0,CL0,CL0,CL0,CL0,CL0,CL0,CL1,CL0,CL0
1673,-7.854,48.246,45.468,96.082,-31.685,-58.016,16.767,-58.331,76.096,-113.788,-21.712,7.987,CL3,CL0,CL2,CL0,CL6,CL2,CL5,CL0,CL0,CL0,CL0,CL0,CL0,CL0,CL0,CL2,CL1,CL0,CL0
1674,-7.854,-48.246,-5.921,21.128,-31.685,-105.308,47.617,88.309,43.852,75.830,-71.126,-21.575,CL3,CL3,CL0,CL0,CL6,CL4,CL5,CL0,CL0,CL4,CL0,CL0,CL4,CL3,CL0,CL2,CL4,CL0,CL0
1675,109.449,-48.246,-5.921,96.082,-31.685,-46.725,16.767,-142.424,-30.172,233.337,-71.126,-118.084,CL5,CL0,CL0,CL2,CL2,CL0,CL5,CL0,CL0,CL0,CL0,CL0,CL0,CL0,CL0,CL0,CL0,CL0,CL0
1676,49.788,-48.246,-5.921,96.082,-31.685,-79.151,111.406,-209.015,-30.172,-52.745,-21.712,-118.084,CL5,CL0,CL1,CL4,CL6,CL2,CL6,CL0,CL0,CL0,CL0,CL0,CL0,CL0,CL0,CL0,CL0,CL0,CL0
1677,-7.854,48.246,45.468,96.082,-31.685,228.554,-211.437,-97.631,111.406,-65.253,-137.983,-84.637,CL3,CL0,CL0,CL3,CL0,CL0,CL6,CL0,CL0,CL0,CL0,CL0,CL0,CL0,CL6,CL0,CL0,CL0,CL0
1678,-95.197,48.246,-61.113,-57.009,-31.685,137.297,332,-1.928,76.096,-27.607,19.268,-21.575,CL5,CL0,CL0,CL4,CL6,CL6,CL5,CL0,CL0,CL6,CL0,CL0,CL2,CL4,CL0,CL3,CL6,CL0,CL0
1679,109.449,48.246,-5.921,96.082,-31.685,-24.649,80.523,-168.062,128.610,113.407,-71.126,-154.858,CL5,CL0,CL0,CL0,CL6,CL0,CL6,CL0,CL0,CL0,CL0,CL0,CL0,CL0,CL0,CL0,CL2,CL0,CL0
1680,-95.197,48.246,45.468,96.082,-31.685,13.606,63.779,-1.928,-221.844,163.088,19.268,40.148,CL3,CL0,CL0,CL0,CL6,CL0,CL3,CL0,CL0,CL0,CL0,CL0,CL0,CL0,CL0,CL0,CL0,CL0,CL0
1681,-95.197,48.246,45.468,96.082,-31.685,-5.188,128.610,-71.727,43.852,41.594,-71.126,-52.593,CL5,CL0,CL0,CL0,CL6,CL0,CL6,CL0,CL0,CL0,CL0,CL0,CL0,CL0,CL0,CL0,CL3,CL0,CL0
1682,109.449,48.246,-61.113,96.082,-31.685,-24.649,158.487,-84.732,128.610,58.489,-71.126,-84.637,CL5,CL0,CL0,CL2,CL6,CL0,CL6,CL0,CL0,CL0,CL0,CL0,CL0,CL0,CL0,CL0,CL0,CL0,CL0
1683,109.449,-48.246,-5.921,96.082,-31.685,-46.725,47.617,-111.902,-76.096,-14.277,-21.712,76.540,CL5,CL2,CL2,CL1,CL6,CL3,CL4,CL0,CL0,CL0,CL0,CL0,CL0,CL0,CL3,CL2,CL2,CL0,CL0
1684,-95.197,-48.246,-61.113,-57.009,-110.702,13.606,-163.340,-1.928,43.852,-151.840,-21.712,-21.575,CL4,CL2,CL0,CL0,CL6,CL3,CL5,CL3,CL0,CL2,CL0,CL3,CL2,CL3,CL0,CL2,CL6,CL0,CL0
1685,-7.854,-48.246,45.468,-57.009,-31.685,52.135,-221.069,44.585,76.096,25.953,-21.712,192.173,CL5,CL2,CL3,CL5,CL6,CL3,CL6,CL0,CL0,CL0,CL0,CL0,CL4,CL2,CL2,CL3,CL3,CL0,CL0
1686,-95.197,48.246,-61.113,-57.009,-110.702,137.297,-203.972,88.309,-1.729,-113.788,-21.712,40.148,CL4,CL5,CL0,CL3,CL6,CL5,CL6,CL0,CL0,CL3,CL0,CL0,CL0,CL0,CL5,CL4,CL4,CL0,CL0
1687,49.788,48.246,-5.921,96.082,-31.685,-105.308,63.779,-45.174,59.042,58.489,-21.712,-21.575,CL6,CL0,CL0,CL0,CL6,CL0,CL5,CL0,CL0,CL0,CL0,CL0,CL0,CL0,CL0,CL0,CL0,CL0,CL0
1688,-7.854,48.246,-5.921,24.923,-31.685,149.158,-232.338,-111.902,203.972,-27.607,-71.126,-154.858,CL6,CL2,CL0,CL5,CL5,CL0,CL5,CL0,CL0,CL0,CL0,CL0,CL2,CL0,CL5,CL0,CL0,CL0,CL0
1689,-7.854,48.246,116.365,-57.009,-31.685,13.606,96.248,165.653,43.852,-27.607,52.975,7.987,CL6,CL0,CL0,CL0,CL6,CL4,CL5,CL0,CL0,CL0,CL0,CL0,CL3,CL4,CL0,CL3,CL0,CL0,CL0
1690,49.788,-48.246,-61.113,-57.009,-31.685,102.119,-150.796,-84.732,-147.955,-665,-137.983,-52.593,CL6,CL1,CL1,CL2,CL6,CL3,CL4,CL1,CL1,CL1,CL1,CL1,CL1,CL1,CL0,CL1,CL3,CL0,CL1
1691,-7.854,-48.246,-61.113,-28.519,-31.685,198.437,-176.250,14.143,145.039,-89.891,19.268,-52.593,CL3,CL0,CL0,CL0,CL6,CL3,CL3,CL0,CL0,CL0,CL0,CL0,CL1,CL0,CL0,CL0,CL6,CL0,CL3
1692,-7.854,48.246,198.437,96.082,-31.685,-143.907,80.523,-1.928,246.262,-27.607,-21.712,-21.575,CL5,CL0,CL0,CL0,CL4,CL0,CL0,CL0,CL0,CL0,CL0,CL0,CL0,CL0,CL0,CL0,CL0,CL0,CL0
1693,-7.854,48.246,45.468,96.082,-31.685,73.545,-30.033,-31.776,43.852,-40.581,-137.983,-21.575,CL5,CL0,CL1,CL2,CL6,CL2,CL6,CL0,CL0,CL0,CL0,CL0,CL0,CL0,CL0,CL0,CL2,CL0,CL0
1694,-7.854,48.246,45.468,96.082,-31.685,-46.725,80.523,-97.631,145.039,113.407,-137.983,-118.084,CL5,CL0,CL0,CL0,CL6,CL0,CL5,CL0,CL0,CL0,CL0,CL0,CL0,CL0,CL0,CL0,CL0,CL0,CL0
1695,109.449,-48.246,116.365,96.082,-31.685,-92.104,-30.033,-1.928,-30.172,-40.581,129.221,-21.575,CL6,CL2,CL0,CL2,CL6,CL3,CL5,CL2,CL0,CL0,CL0,CL0,CL0,CL0,CL0,CL0,CL6,CL0,CL0
1696,49.788,-48.246,-5.921,96.082,-31.685,-46.725,63.779,-17.779,-15.487,-65.253,88.113,-21.575,CL6,CL0,CL0,CL0,CL6,CL1,CL6,CL0,CL0,CL0,CL0,CL0,CL0,CL0,CL0,CL0,CL3,CL0,CL0
1697,-95.197,-48.246,-61.113,-57.009,-31.685,13.606,-176.250,-45.174,28.783,-40.581,-71.126,-52.593,CL3,CL0,CL0,CL5,CL5,CL4,CL5,CL0,CL0,CL0,CL0,CL0,CL0,CL0,CL6,CL0,CL0,CL0,CL0
1698,182.213,-48.246,198.437,96.082,-31.685,-119.430,332,72.330,-121.213,113.407,-21.712,7.987,CL6,CL0,CL0,CL1,CL6,CL2,CL4,CL0,CL0,CL0,CL0,CL0,CL0,CL0,CL0,CL0,CL6,CL0,CL0
1699,109.449,48.246,45.468,96.082,-31.685,62.967,-57.545,72.330,-15.487,41.594,52.975,-84.637,CL4,CL0,CL0,CL2,CL6,CL0,CL6,CL0,CL0,CL0,CL0,CL0,CL0,CL0,CL0,CL0,CL1,CL0,CL0
1700,-7.854,48.246,116.365,-57.009,-31.685,-169.163,80.523,72.330,-15.487,-665,-21.712,7.987,CL6,CL3,CL0,CL3,CL6,CL3,CL0,CL2,CL0,CL0,CL0,CL0,CL2,CL0,CL4,CL0,CL4,CL0,CL2
1701,-95.197,-48.246,-61.113,-57.009,-31.685,137.297,-94.779,215.324,-177.200,-192.173,186.203,40.148,CL4,CL3,CL0,CL4,CL6,CL4,CL6,CL2,CL0,CL2,CL0,CL0,CL2,CL0,CL0,CL2,CL4,CL0,CL0
1702,49.788,48.246,45.468,-57.009,-31.685,198.437,-80.615,215.324,76.096,-665,129.221,192.173,CL6,CL0,CL0,CL3,CL5,CL6,CL4,CL2,CL0,CL2,CL0,CL2,CL2,CL2,CL0,CL2,CL6,CL2,CL0
1703,-7.854,48.246,-5.921,96.082,-31.685,-58.016,47.617,-197.495,28.783,93.949,-71.126,-84.637,CL5,CL0,CL0,CL0,CL6,CL0,CL5,CL0,CL0,CL0,CL0,CL0,CL0,CL0,CL0,CL0,CL0,CL0,CL0
1704,-95.197,-48.246,-61.113,-57.009,-31.685,-34.799,-69.509,-58.331,28.783,-113.788,-21.712,-52.593,CL6,CL2,CL2,CL2,CL5,CL2,CL6,CL2,CL0,CL2,CL3,CL0,CL3,CL5,CL0,CL2,CL4,CL0,CL2
1705,-95.197,-48.246,-122.751,24.923,-31.685,41.667,16.767,-1.928,-91.699,-89.891,52.975,7.987,CL5,CL5,CL0,CL3,CL3,CL6,CL4,CL3,CL3,CL3,CL0,CL0,CL5,CL3,CL3,CL4,CL6,CL0,CL3
1706,182.213,-48.246,-61.113,96.082,-31.685,62.967,-176.250,-111.902,-76.096,-178.169,52.975,7.987,CL4,CL2,CL1,CL1,CL6,CL6,CL4,CL0,CL0,CL0,CL0,CL3,CL2,CL2,CL2,CL2,CL6,CL0,CL1
1707,-95.197,-48.246,45.468,96.082,-31.685,-92.104,32.197,-142.424,-60.633,181.175,-21.712,7.987,CL4,CL0,CL0,CL0,CL5,CL0,CL5,CL0,CL0,CL0,CL0,CL0,CL0,CL0,CL0,CL0,CL0,CL0,CL0
1708,-95.197,48.246,-5.921,96.082,-31.685,-46.725,80.523,-58.331,94.156,-14.277,52.975,-84.637,CL5,CL0,CL0,CL0,CL5,CL2,CL5,CL0,CL0,CL0,CL0,CL0,CL0,CL0,CL0,CL0,CL6,CL0,CL0
1709,49.788,48.246,45.468,96.082,-31.685,-46.725,96.248,-84.732,28.783,113.407,19.268,-21.575,CL5,CL0,CL0,CL0,CL6,CL1,CL5,CL0,CL0,CL0,CL0,CL0,CL0,CL0,CL0,CL0,CL1,CL0,CL0
1710,109.449,48.246,45.468,96.082,-31.685,-105.308,128.610,-84.732,94.156,-14.277,-21.712,-52.593,CL6,CL0,CL0,CL0,CL6,CL0,CL4,CL0,CL0,CL0,CL0,CL0,CL0,CL0,CL0,CL0,CL0,CL0,CL0
1711,49.788,48.246,-122.751,96.082,-31.685,-79.151,-80.615,72.330,-91.699,25.953,-71.126,-21.575,CL4,CL0,CL0,CL0,CL6,CL0,CL6,CL0,CL0,CL0,CL0,CL0,CL0,CL0,CL0,CL0,CL1,CL0,CL0
1712,-7.854,48.246,45.468,96.082,-31.685,4.257,174.091,58.331,13.136,-14.277,129.221,122.470,CL5,CL0,CL0,CL0,CL6,CL2,CL6,CL0,CL0,CL0,CL0,CL0,CL0,CL0,CL0,CL2,CL6,CL0,CL0
1713,49.788,48.246,116.365,96.082,-31.685,-79.151,63.779,-84.732,-107.533,25.953,-71.126,-21.575,CL5,CL2,CL2,CL2,CL6,CL2,CL5,CL2,CL1,CL2,CL1,CL1,CL2,CL1,CL1,CL1,CL6,CL0,CL1
1714,49.788,48.246,198.437,96.082,11.440,-234.360,174.091,-1.928,59.042,263.199,88.113,-21.575,CL4,CL1,CL0,CL0,CL6,CL4,CL6,CL1,CL0,CL1,CL0,CL0,CL0,CL0,CL0,CL1,CL4,CL0,CL0
1715,109.449,48.246,-173.790,96.082,-31.685,-5.188,-30.033,-168.062,128.610,146.191,-137.983,-118.084,CL5,CL0,CL0,CL0,CL6,CL0,CL6,CL0,CL0,CL0,CL0,CL0,CL0,CL0,CL0,CL0,CL0,CL0,CL0
1716,109.449,-48.246,-5.921,96.082,-31.685,123.461,47.617,58.331,-76.096,93.949,-71.126,-21.575,CL1,CL0,CL0,CL2,CL6,CL1,CL6,CL0,CL0,CL0,CL0,CL0,CL0,CL0,CL0,CL0,CL0,CL0,CL0
1717,109.449,-48.246,116.365,96.082,-31.685,-14.882,80.523,-58.331,-76.096,-89.891,-21.712,-52.593,CL5,CL0,CL1,CL0,CL6,CL1,CL5,CL0,CL0,CL0,CL0,CL0,CL0,CL0,CL0,CL0,CL1,CL0,CL0
1718,49.788,48.246,116.365,96.082,11.440,41.667,-80.615,106.238,76.096,58.489,-71.126,-21.575,CL5,CL0,CL0,CL0,CL6,CL1,CL5,CL0,CL0,CL0,CL0,CL0,CL0,CL0,CL0,CL0,CL1,CL0,CL0
1719,109.449,-48.246,-5.921,96.082,-31.685,-119.430,32.197,-45.174,-91.699,12.331,-21.712,-52.593,CL5,CL0,CL0,CL0,CL6,CL0,CL5,CL0,CL0,CL0,CL0,CL0,CL0,CL0,CL0,CL0,CL2,CL0,CL0
1720,-7.854,48.246,45.468,96.082,-31.685,4.257,-43.999,-1.928,94.156,-138.502,-71.126,7.987,CL5,CL0,CL1,CL0,CL5,CL1,CL6,CL0,CL0,CL0,CL0,CL0,CL0,CL0,CL0,CL0,CL0,CL0,CL0
1721,-7.854,48.246,45.468,96.082,-31.685,41.667,111.406,-111.902,246.262,130.612,-137.983,-154.858,CL0,CL0,CL0,CL0,CL6,CL0,CL6,CL0,CL0,CL0,CL0,CL0,CL0,CL0,CL0,CL0,CL0,CL0,CL0
1722,-7.854,48.246,-122.751,96.082,-31.685,-46.725,16.767,-263.199,59.042,113.407,52.975,-84.637,CL5,CL0,CL0,CL0,CL6,CL1,CL6,CL0,CL0,CL0,CL0,CL0,CL0,CL0,CL0,CL0,CL1,CL0,CL0
1723,109.449,-48.246,45.468,96.082,-31.685,-5.188,111.406,72.330,94.156,181.175,129.221,76.540,CL6,CL2,CL0,CL0,CL3,CL1,CL6,CL0,CL0,CL0,CL0,CL0,CL0,CL0,CL0,CL0,CL0,CL0,CL0
1724,182.213,-48.246,-5.921,96.082,-31.685,-205.048,-15.487,-142.424,59.042,41.594,-21.712,-84.637,CL6,CL0,CL0,CL0,CL6,CL0,CL6,CL0,CL0,CL0,CL0,CL0,CL0,CL0,CL0,CL0,CL1,CL0,CL0
1725,109.449,48.246,-5.921,96.082,-31.685,-132.828,16.767,-58.331,28.783,58.489,-137.983,-84.637,CL5,CL0,CL0,CL0,CL6,CL1,CL4,CL0,CL0,CL0,CL0,CL0,CL0,CL0,CL0,CL0,CL1,CL0,CL0
1726,-7.854,48.246,-173.790,96.082,-31.685,-119.430,-123.177,-221.069,181.866,58.489,-255.524,-207.848,CL3,CL0,CL0,CL0,CL5,CL0,CL5,CL0,CL0,CL0,CL0,CL0,CL0,CL0,CL0,CL0,CL0,CL0,CL0
1727,-7.854,48.246,116.365,96.082,-31.685,13.606,32.197,58.331,-76.096,-52.745,-255.524,-84.637,CL5,CL1,CL1,CL0,CL5,CL2,CL6,CL0,CL0,CL0,CL0,CL0,CL2,CL0,CL0,CL1,CL4,CL0,CL0
1728,-95.197,48.246,-173.790,96.082,-31.685,-169.163,32.197,-182.919,181.866,75.830,-21.712,-118.084,CL4,CL0,CL0,CL0,CL6,CL0,CL0,CL0,CL0,CL0,CL0,CL0,CL0,CL0,CL0,CL0,CL6,CL0,CL0
1729,109.449,-48.246,116.365,96.082,-31.685,-79.151,-94.779,-45.174,-45.321,-40.581,-21.712,-52.593,CL6,CL0,CL0,CL0,CL6,CL1,CL6,CL0,CL0,CL0,CL0,CL0,CL0,CL0,CL0,CL0,CL1,CL0,CL0
1730,-95.197,-48.246,-61.113,-28.519,-31.685,-221.844,96.248,-1.928,13.136,163.088,-255.524,-21.575,CL4,CL0,CL3,CL2,CL6,CL5,CL6,CL0,CL0,CL4,CL0,CL0,CL2,CL0,CL0,CL0,CL3,CL0,CL0
1731,-7.854,48.246,-61.113,96.082,-31.685,62.967,-137.639,-71.727,-1.729,-78.155,-21.712,76.540,CL6,CL2,CL2,CL3,CL6,CL3,CL5,CL0,CL0,CL2,CL0,CL0,CL0,CL0,CL0,CL0,CL6,CL0,CL0
1732,109.449,-48.246,116.365,96.082,-31.685,-34.799,-30.033,29.338,-15.487,12.331,-21.712,-21.575,CL5,CL1,CL0,CL1,CL6,CL3,CL5,CL0,CL0,CL0,CL0,CL1,CL2,CL1,CL0,CL2,CL6,CL0,CL0
1733,-7.854,-48.246,-5.921,96.082,-31.685,41.667,-80.615,-84.732,-121.213,130.612,19.268,-118.084,CL4,CL2,CL2,CL0,CL6,CL2,CL6,CL2,CL0,CL2,CL0,CL0,CL0,CL0,CL2,CL0,CL6,CL0,CL0
1734,109.449,-48.246,-5.921,96.082,-31.685,-92.104,-30.033,-155.521,-1.729,12.331,-137.983,-154.858,CL5,CL0,CL0,CL0,CL6,CL0,CL4,CL0,CL0,CL0,CL0,CL0,CL0,CL0,CL0,CL0,CL0,CL0,CL0
1735,109.449,48.246,-5.921,96.082,-31.685,-105.308,80.523,-58.331,94.156,146.191,19.268,7.987,CL5,CL0,CL0,CL0,CL4,CL0,CL4,CL0,CL0,CL0,CL0,CL0,CL0,CL0,CL0,CL0,CL2,CL0,CL0
1736,-7.854,48.246,116.365,96.082,-31.685,-242.317,32.197,-221.069,203.972,204.506,-21.712,-52.593,CL5,CL0,CL0,CL0,CL6,CL2,CL5,CL0,CL0,CL0,CL0,CL0,CL1,CL1,CL0,CL0,CL0,CL0,CL0
1737,49.788,-48.246,-5.921,96.082,-31.685,-143.907,96.248,29.338,128.610,25.953,-71.126,76.540,CL5,CL0,CL0,CL0,CL4,CL0,CL5,CL0,CL0,CL0,CL0,CL0,CL0,CL0,CL0,CL0,CL0,CL0,CL0
1738,109.449,-48.246,-5.921,96.082,-31.685,-132.828,-30.033,-17.779,43.852,-665,-21.712,-52.593,CL5,CL0,CL0,CL0,CL5,CL0,CL6,CL0,CL0,CL0,CL0,CL0,CL0,CL0,CL0,CL0,CL0,CL0,CL0
1739,182.213,48.246,-243.591,96.082,-31.685,-14.882,16.767,-71.727,94.156,58.489,-71.126,-52.593,CL5,CL0,CL0,CL1,CL6,CL0,CL5,CL0,CL0,CL0,CL0,CL0,CL0,CL0,CL0,CL0,CL0,CL0,CL0
1740,-7.854,48.246,-5.921,96.082,-31.685,22.393,332,-45.174,28.783,-665,-71.126,-118.084,CL4,CL0,CL2,CL0,CL3,CL2,CL4,CL0,CL0,CL0,CL0,CL0,CL0,CL0,CL0,CL0,CL2,CL0,CL0
1741,109.449,48.246,45.468,96.082,-31.685,-92.104,32.197,-58.331,-15.487,113.407,-137.983,-207.848,CL6,CL0,CL0,CL1,CL3,CL0,CL5,CL0,CL0,CL0,CL0,CL0,CL0,CL0,CL0,CL0,CL0,CL0,CL0
1742,-7.854,48.246,45.468,-57.009,-31.685,149.158,63.779,88.309,-162.090,-665,-137.983,-118.084,CL5,CL0,CL0,CL6,CL6,CL6,CL6,CL0,CL0,CL3,CL0,CL2,CL0,CL4,CL0,CL2,CL4,CL0,CL0
1743,49.788,-48.246,45.468,96.082,-31.685,-155.078,80.523,106.238,-60.633,-52.745,52.975,76.540,CL5,CL2,CL1,CL0,CL6,CL2,CL6,CL2,CL0,CL2,CL0,CL0,CL0,CL2,CL0,CL2,CL2,CL0,CL1
1744,49.788,48.246,116.365,96.082,-31.685,-58.016,47.617,-58.331,-30.172,93.949,-21.712,-84.637,CL5,CL0,CL0,CL0,CL2,CL0,CL6,CL0,CL0,CL0,CL0,CL0,CL0,CL0,CL0,CL0,CL0,CL0,CL0
1745,182.213,48.246,-61.113,96.082,-31.685,-46.725,-94.779,-142.424,43.852,-665,-71.126,-52.593,CL3,CL0,CL0,CL0,CL0,CL0,CL5,CL0,CL0,CL0,CL0,CL0,CL0,CL0,CL0,CL0,CL1,CL0,CL0
1746,-7.854,48.246,-173.790,96.082,-31.685,-186.962,96.248,-97.631,223.427,233.337,-137.983,-84.637,CL4,CL0,CL0,CL6,CL6,CL0,CL5,CL0,CL0,CL0,CL0,CL0,CL0,CL0,CL0,CL0,CL6,CL0,CL0
1747,49.788,48.246,116.365,96.082,-110.702,-24.649,-57.545,-58.331,13.136,12.331,-21.712,-118.084,CL0,CL0,CL0,CL0,CL1,CL0,CL0,CL0,CL0,CL0,CL0,CL0,CL0,CL0,CL0,CL0,CL0,CL0,CL0
1748,109.449,48.246,-61.113,96.082,-31.685,13.606,80.523,44.585,145.039,-14.277,19.268,-21.575,CL6,CL0,CL0,CL2,CL6,CL0,CL5,CL0,CL0,CL0,CL0,CL0,CL0,CL0,CL0,CL0,CL1,CL0,CL0
1749,-95.197,-48.246,45.468,-57.009,-31.685,137.297,-69.509,290.161,346.436,-78.155,88.113,192.173,CL5,CL6,CL0,CL6,CL2,CL6,CL6,CL0,CL0,CL3,CL0,CL3,CL2,CL3,CL2,CL3,CL6,CL0,CL1
1750,-7.854,48.246,-143.719,-57.009,-31.685,261.139,-43.999,-45.174,-192.595,-204.506,88.113,-21.575,CL5,CL6,CL0,CL5,CL6,CL3,CL5,CL2,CL0,CL1,CL0,CL0,CL0,CL1,CL5,CL1,CL6,CL0,CL0
1751,109.449,-48.246,-173.790,96.082,-31.685,-24.649,47.617,-84.732,-60.633,41.594,-21.712,-21.575,CL5,CL0,CL0,CL2,CL6,CL0,CL5,CL0,CL0,CL0,CL0,CL0,CL0,CL0,CL0,CL0,CL2,CL0,CL0
1752,-7.854,48.246,45.468,-57.009,-31.685,198.437,63.779,143.533,-107.533,-65.253,129.221,122.470,CL5,CL6,CL0,CL6,CL6,CL6,CL5,CL0,CL0,CL0,CL0,CL0,CL3,CL0,CL0,CL0,CL2,CL0,CL0
1753,-7.854,-48.246,45.468,96.082,-31.685,-67.825,96.248,-71.727,203.972,113.407,52.975,-52.593,CL5,CL0,CL0,CL0,CL6,CL0,CL5,CL0,CL0,CL0,CL0,CL0,CL0,CL0,CL0,CL0,CL2,CL0,CL0
1754,-7.854,48.246,-5.921,96.082,-31.685,-14.882,158.487,-1.928,13.136,-40.581,88.113,7.987,CL6,CL1,CL1,CL2,CL6,CL2,CL6,CL2,CL0,CL1,CL0,CL0,CL0,CL0,CL2,CL0,CL2,CL0,CL0
1755,-95.197,-48.246,-61.113,-57.009,-31.685,-105.308,16.767,44.585,-235.413,-151.840,88.113,192.173,CL4,CL0,CL0,CL0,CL6,CL6,CL6,CL0,CL0,CL4,CL0,CL0,CL0,CL0,CL3,CL0,CL5,CL0,CL0
1756,-95.197,48.246,-122.751,-57.009,-31.685,102.119,145.421,244.904,-45.321,113.407,52.975,76.540,CL5,CL0,CL0,CL0,CL6,CL6,CL6,CL0,CL0,CL0,CL0,CL0,CL5,CL0,CL2,CL3,CL6,CL0,CL0
1757,-95.197,-48.246,-122.751,-57.009,-31.685,73.545,332,143.533,59.042,-164.101,52.975,40.148,CL5,CL3,CL3,CL3,CL6,CL6,CL5,CL2,CL3,CL3,CL0,CL0,CL5,CL2,CL3,CL3,CL6,CL0,CL2
1758,49.788,-48.246,-5.921,96.082,-31.685,102.119,-43.999,-239.883,-30.172,75.830,-137.983,-207.848,CL6,CL0,CL0,CL0,CL6,CL0,CL6,CL0,CL0,CL0,CL0,CL0,CL0,CL0,CL0,CL0,CL2,CL0,CL0
1759,109.449,-48.246,116.365,-9.765,-31.685,-92.104,-43.999,14.143,-76.096,113.407,186.203,40.148,CL3,CL6,CL1,CL2,CL6,CL3,CL5,CL4,CL0,CL4,CL3,CL0,CL0,CL4,CL0,CL0,CL2,CL0,CL0
1760,49.788,-48.246,116.365,-28.519,-31.685,-24.649,-176.250,-1.928,-30.172,25.953,-21.712,-154.858,CL5,CL0,CL0,CL0,CL5,CL5,CL5,CL0,CL0,CL0,CL0,CL0,CL0,CL0,CL0,CL0,CL3,CL0,CL0
1761,109.449,48.246,-5.921,96.082,-31.685,-58.016,32.197,14.143,-134.289,93.949,19.268,-21.575,CL5,CL0,CL0,CL0,CL6,CL1,CL5,CL0,CL0,CL0,CL0,CL0,CL0,CL0,CL3,CL0,CL1,CL0,CL0
1762,49.788,48.246,-5.921,96.082,-31.685,-24.649,-57.545,-17.779,-30.172,75.830,88.113,40.148,CL5,CL0,CL0,CL0,CL6,CL2,CL6,CL0,CL0,CL0,CL0,CL0,CL0,CL0,CL0,CL0,CL1,CL0,CL0
1763,-95.197,-48.246,-61.113,-57.009,-31.685,52.135,-109.207,-1.928,-221.844,-138.502,-71.126,76.540,CL4,CL0,CL0,CL0,CL6,CL6,CL4,CL0,CL0,CL3,CL0,CL0,CL4,CL3,CL0,CL4,CL6,CL0,CL0
1764,-95.197,48.246,45.468,-28.519,-31.685,-79.151,-109.207,188.511,28.783,300.537,-21.712,122.470,CL4,CL3,CL2,CL3,CL3,CL4,CL4,CL0,CL0,CL4,CL0,CL3,CL3,CL3,CL3,CL2,CL3,CL0,CL2
1765,49.788,-48.246,-173.790,96.082,-31.685,91.093,-30.033,14.143,28.783,-89.891,88.113,122.470,CL5,CL4,CL1,CL4,CL6,CL5,CL6,CL3,CL4,CL2,CL4,CL0,CL3,CL1,CL6,CL2,CL1,CL0,CL1
1766,-7.854,48.246,-61.113,-57.009,-31.685,52.135,193.886,143.533,-30.172,93.949,-71.126,122.470,CL4,CL5,CL0,CL4,CL6,CL5,CL6,CL3,CL2,CL3,CL3,CL0,CL4,CL3,CL4,CL3,CL6,CL0,CL1
1767,-7.854,48.246,45.468,-57.009,-31.685,82.562,-123.177,124.033,275.696,25.953,-71.126,-52.593,CL5,CL0,CL0,CL0,CL6,CL5,CL6,CL0,CL0,CL0,CL0,CL0,CL0,CL0,CL0,CL5,CL0,CL0,CL0
1768,-95.197,-48.246,-61.113,-57.009,-31.685,31.287,-192.173,14.143,128.610,263.199,-137.983,-52.593,CL3,CL3,CL0,CL0,CL6,CL6,CL6,CL0,CL0,CL0,CL0,CL0,CL3,CL3,CL0,CL4,CL6,CL0,CL0
1769,-7.854,48.246,-61.113,-28.519,-31.685,91.093,-94.779,124.033,-1.729,-65.253,-21.712,-84.637,CL5,CL2,CL0,CL0,CL6,CL5,CL5,CL2,CL0,CL2,CL0,CL0,CL2,CL3,CL0,CL2,CL5,CL0,CL0
1770,49.788,48.246,-5.921,96.082,-31.685,-79.151,47.617,-111.902,59.042,-665,-71.126,-21.575,CL5,CL0,CL0,CL0,CL6,CL0,CL6,CL0,CL0,CL0,CL0,CL0,CL0,CL0,CL0,CL0,CL0,CL0,CL0
1771,-7.854,-48.246,45.468,-57.009,-31.685,-46.725,96.248,-1.928,43.852,-665,88.113,192.173,CL5,CL2,CL0,CL4,CL6,CL4,CL5,CL3,CL0,CL2,CL0,CL2,CL3,CL2,CL4,CL3,CL4,CL0,CL1
1772,182.213,-48.246,-61.113,-57.009,-31.685,-24.649,-137.639,-17.779,-134.289,93.949,52.975,-84.637,CL2,CL1,CL1,CL1,CL6,CL1,CL6,CL1,CL0,CL1,CL0,CL0,CL0,CL1,CL6,CL1,CL1,CL0,CL0
1773,-95.197,-48.246,-122.751,-57.009,-22.166,-34.799,128.610,106.238,-1.729,-52.745,52.975,122.470,CL4,CL3,CL0,CL3,CL6,CL6,CL6,CL0,CL0,CL3,CL0,CL4,CL3,CL6,CL3,CL3,CL3,CL1,CL3
1774,-7.854,48.246,116.365,-57.009,-31.685,91.093,63.779,-45.174,-121.213,-78.155,88.113,192.173,CL6,CL6,CL2,CL6,CL5,CL6,CL4,CL5,CL3,CL4,CL3,CL3,CL0,CL3,CL4,CL3,CL6,CL0,CL2
1775,-95.197,48.246,-122.751,21.128,-31.685,82.562,-43.999,44.585,43.852,-101.450,-71.126,40.148,CL0,CL0,CL0,CL0,CL6,CL6,CL6,CL0,CL0,CL0,CL4,CL0,CL3,CL0,CL6,CL0,CL3,CL0,CL6
1776,-95.197,-48.246,-61.113,-57.009,-31.685,-92.104,47.617,44.585,43.852,41.594,-71.126,-52.593,CL4,CL0,CL0,CL0,CL4,CL3,CL5,CL0,CL0,CL5,CL0,CL0,CL2,CL3,CL0,CL3,CL4,CL0,CL0
1777,-95.197,48.246,45.468,-57.009,-31.685,82.562,-109.207,143.533,28.783,113.407,88.113,192.173,CL5,CL0,CL0,CL5,CL6,CL6,CL6,CL5,CL0,CL3,CL0,CL0,CL3,CL2,CL5,CL2,CL3,CL0,CL3
1778,109.449,48.246,-173.790,96.082,-31.685,102.119,-69.509,-168.062,-30.172,-89.891,186.203,192.173,CL1,CL4,CL4,CL6,CL5,CL2,CL5,CL2,CL2,CL3,CL1,CL1,CL6,CL1,CL3,CL1,CL6,CL0,CL1
1779,-95.197,48.246,45.468,-57.009,-31.685,-5.188,32.197,-1.928,-253.830,75.830,88.113,76.540,CL5,CL0,CL0,CL0,CL5,CL3,CL6,CL0,CL0,CL0,CL0,CL0,CL0,CL3,CL0,CL4,CL3,CL0,CL0
1780,109.449,-48.246,-61.113,-57.009,-31.685,-24.649,332,29.338,28.783,-27.607,88.113,122.470,CL2,CL2,CL1,CL3,CL6,CL2,CL6,CL1,CL1,CL0,CL1,CL0,CL0,CL1,CL6,CL1,CL6,CL0,CL0
1781,-95.197,48.246,45.468,-57.009,-31.685,137.297,-69.509,-209.015,-134.289,-101.450,19.268,40.148,CL5,CL2,CL2,CL3,CL6,CL3,CL5,CL5,CL0,CL4,CL6,CL0,CL0,CL0,CL5,CL0,CL6,CL0,CL2
1782,-95.197,-48.246,-122.751,24.923,-31.685,-143.907,-57.545,-155.521,-162.090,130.612,-71.126,7.987,CL5,CL0,CL0,CL0,CL3,CL2,CL4,CL0,CL0,CL0,CL0,CL0,CL0,CL0,CL0,CL0,CL1,CL0,CL0
1783,-7.854,48.246,-143.719,96.082,-31.685,-34.799,47.617,72.330,43.852,130.612,88.113,40.148,CL5,CL2,CL0,CL0,CL6,CL5,CL5,CL2,CL0,CL2,CL0,CL0,CL1,CL0,CL0,CL0,CL4,CL0,CL0
1784,-7.854,48.246,-61.113,96.082,-22.166,123.461,-80.615,-84.732,-107.533,-89.891,129.221,192.173,CL5,CL3,CL5,CL3,CL6,CL0,CL5,CL6,CL0,CL3,CL0,CL3,CL0,CL0,CL0,CL2,CL0,CL0,CL0
1785,-95.197,-48.246,-61.113,-57.009,-110.702,102.119,-109.207,-45.174,-15.487,-125.773,19.268,40.148,CL5,CL0,CL0,CL0,CL4,CL5,CL6,CL5,CL0,CL3,CL0,CL0,CL4,CL0,CL0,CL0,CL5,CL0,CL0
1786,-7.854,48.246,116.365,96.082,-31.685,-14.882,-57.545,-45.174,43.852,25.953,-137.983,-154.858,CL5,CL0,CL0,CL0,CL6,CL3,CL5,CL0,CL0,CL0,CL0,CL0,CL0,CL0,CL0,CL0,CL6,CL0,CL0
1787,-95.197,-48.246,-61.113,-57.009,-31.685,-67.825,327.393,188.511,-1.729,-78.155,52.975,122.470,CL6,CL0,CL0,CL0,CL5,CL6,CL6,CL4,CL0,CL4,CL0,CL5,CL4,CL5,CL0,CL3,CL6,CL0,CL3
1788,-95.197,-48.246,45.468,-57.009,-31.685,52.135,-94.779,14.143,76.096,-65.253,-21.712,122.470,CL4,CL0,CL0,CL0,CL5,CL3,CL5,CL0,CL0,CL3,CL0,CL0,CL3,CL3,CL0,CL3,CL0,CL0,CL0
1789,109.449,48.246,45.468,-28.519,-31.685,-34.799,-109.207,-17.779,-60.633,58.489,-71.126,-52.593,CL6,CL1,CL1,CL0,CL6,CL1,CL4,CL2,CL0,CL2,CL0,CL0,CL0,CL2,CL0,CL2,CL0,CL0,CL0
1790,-95.197,-48.246,-61.113,-57.009,-31.685,4.257,-15.487,244.904,-107.533,-151.840,186.203,192.173,CL5,CL6,CL0,CL0,CL6,CL6,CL6,CL0,CL0,CL0,CL0,CL0,CL4,CL0,CL0,CL4,CL5,CL0,CL0
1791,-95.197,-48.246,-143.719,-57.009,-31.685,13.606,32.197,44.585,-121.213,-40.581,186.203,7.987,CL3,CL2,CL0,CL2,CL6,CL5,CL5,CL2,CL0,CL2,CL2,CL0,CL3,CL2,CL3,CL2,CL6,CL0,CL3
1792,49.788,48.246,198.437,-57.009,-31.685,-24.649,-15.487,72.330,13.136,233.337,-137.983,-154.858,CL4,CL2,CL1,CL3,CL6,CL2,CL3,CL3,CL0,CL2,CL2,CL2,CL0,CL2,CL5,CL2,CL3,CL0,CL0
1793,-95.197,-48.246,45.468,-57.009,-31.685,62.967,-150.796,188.511,-60.633,300.537,19.268,122.470,CL6,CL3,CL0,CL0,CL4,CL6,CL4,CL0,CL2,CL0,CL0,CL2,CL3,CL3,CL4,CL4,CL4,CL0,CL0
1794,-95.197,-48.246,-61.113,-57.009,-31.685,-46.725,-15.487,58.331,181.866,-52.745,-71.126,-84.637,CL4,CL5,CL0,CL3,CL6,CL6,CL4,CL0,CL0,CL4,CL0,CL0,CL3,CL5,CL3,CL3,CL6,CL0,CL2
1795,-95.197,48.246,-61.113,-57.009,-31.685,82.562,-176.250,290.161,13.136,-78.155,186.203,122.470,CL0,CL0,CL0,CL0,CL6,CL5,CL6,CL0,CL0,CL0,CL0,CL0,CL0,CL4,CL0,CL0,CL5,CL0,CL0
1796,-7.854,-48.246,45.468,-28.519,-31.685,4.257,63.779,106.238,-45.321,75.830,19.268,122.470,CL6,CL6,CL4,CL5,CL6,CL6,CL5,CL4,CL3,CL3,CL2,CL3,CL6,CL4,CL4,CL5,CL6,CL0,CL1
1797,49.788,48.246,-173.790,96.082,-31.685,73.545,-57.545,-209.015,-76.096,-192.173,-21.712,-52.593,CL2,CL6,CL1,CL3,CL6,CL6,CL5,CL2,CL2,CL1,CL0,CL0,CL0,CL1,CL0,CL1,CL6,CL0,CL0
1798,-95.197,-48.246,-61.113,-57.009,-31.685,31.287,-15.487,188.511,28.783,-151.840,129.221,76.540,CL6,CL0,CL0,CL0,CL4,CL3,CL6,CL0,CL0,CL0,CL0,CL0,CL3,CL0,CL0,CL0,CL6,CL0,CL0
1799,-95.197,-48.246,45.468,-57.009,-31.685,149.158,-150.796,-1.928,-207.848,-78.155,88.113,76.540,CL3,CL6,CL0,CL4,CL4,CL3,CL4,CL0,CL0,CL0,CL0,CL0,CL0,CL0,CL3,CL0,CL3,CL0,CL0
1800,182.213,-48.246,116.365,96.082,-31.685,-58.016,174.091,-197.495,-107.533,163.088,88.113,40.148,CL5,CL0,CL0,CL0,CL5,CL0,CL5,CL0,CL0,CL0,CL0,CL0,CL0,CL0,CL0,CL0,CL3,CL0,CL0
1801,109.449,-48.246,-61.113,-57.009,-31.685,228.554,-123.177,-1.928,-253.830,-290.161,-21.712,122.470,CL2,CL1,CL0,CL3,CL6,CL1,CL4,CL1,CL0,CL0,CL0,CL0,CL0,CL1,CL6,CL1,CL0,CL0,CL1
1802,-7.854,-48.246,198.437,-57.009,-31.685,52.135,158.487,290.161,128.610,181.175,52.975,192.173,CL6,CL0,CL0,CL4,CL6,CL6,CL5,CL3,CL0,CL3,CL0,CL0,CL2,CL3,CL3,CL0,CL6,CL0,CL0
1803,-95.197,-48.246,116.365,-57.009,11.440,-79.151,47.617,143.533,111.406,12.331,129.221,40.148,CL4,CL3,CL0,CL3,CL6,CL6,CL6,CL0,CL0,CL2,CL0,CL0,CL0,CL2,CL0,CL2,CL4,CL0,CL0
1804,-95.197,-48.246,-61.113,-57.009,-31.685,-14.882,174.091,106.238,28.783,-101.450,88.113,76.540,CL6,CL0,CL0,CL4,CL6,CL4,CL6,CL0,CL0,CL4,CL2,CL3,CL4,CL6,CL3,CL5,CL6,CL0,CL2
1805,-95.197,-48.246,-5.921,-57.009,11.440,41.667,-15.487,143.533,128.610,-65.253,52.975,7.987,CL4,CL0,CL0,CL0,CL3,CL4,CL3,CL0,CL0,CL0,CL0,CL0,CL2,CL3,CL0,CL0,CL0,CL0,CL0
1806,-95.197,-48.246,-61.113,-57.009,-31.685,82.562,-57.545,88.309,43.852,-52.745,52.975,122.470,CL5,CL0,CL0,CL0,CL4,CL5,CL4,CL0,CL0,CL0,CL0,CL0,CL3,CL3,CL0,CL5,CL3,CL0,CL0
1807,49.788,48.246,-5.921,-57.009,-31.685,4.257,-80.615,-84.732,-15.487,-113.788,52.975,-118.084,CL4,CL5,CL0,CL2,CL6,CL6,CL5,CL2,CL0,CL0,CL0,CL0,CL0,CL1,CL0,CL0,CL0,CL0,CL0
1808,49.788,-48.246,45.468,-57.009,11.440,-14.882,-94.779,124.033,-60.633,-164.101,52.975,122.470,CL5,CL2,CL1,CL2,CL6,CL6,CL5,CL4,CL1,CL5,CL2,CL5,CL5,CL2,CL2,CL3,CL5,CL0,CL1
1809,-95.197,48.246,116.365,96.082,-110.702,41.667,-80.615,-58.331,13.136,-40.581,-137.983,-154.858,CL4,CL0,CL0,CL0,CL5,CL0,CL5,CL0,CL0,CL0,CL0,CL0,CL0,CL0,CL0,CL0,CL0,CL0,CL0
1810,-95.197,48.246,-143.719,-57.009,-31.685,123.461,111.406,106.238,-147.955,12.331,88.113,192.173,CL4,CL3,CL0,CL2,CL6,CL6,CL3,CL5,CL2,CL4,CL2,CL1,CL4,CL1,CL0,CL1,CL6,CL1,CL2
1811,-95.197,-48.246,45.468,-57.009,-31.685,-58.016,-123.177,106.238,-121.213,93.949,52.975,192.173,CL6,CL0,CL0,CL2,CL6,CL6,CL6,CL2,CL0,CL3,CL2,CL0,CL3,CL3,CL3,CL2,CL3,CL0,CL0
1812,-95.197,-48.246,-61.113,-57.009,-31.685,-155.078,-80.615,106.238,-1.729,233.337,-71.126,-21.575,CL6,CL6,CL0,CL0,CL6,CL6,CL4,CL0,CL0,CL3,CL0,CL0,CL6,CL3,CL0,CL0,CL3,CL0,CL0
1813,-7.854,48.246,-122.751,-28.519,-31.685,137.297,-15.487,44.585,-134.289,-125.773,88.113,192.173,CL4,CL1,CL0,CL6,CL6,CL2,CL6,CL2,CL0,CL2,CL2,CL2,CL2,CL2,CL0,CL2,CL2,CL0,CL0
1814,-7.854,-48.246,45.468,-28.519,-50.212,-67.825,63.779,14.143,-15.487,-52.745,129.221,122.470,CL4,CL1,CL1,CL1,CL5,CL1,CL6,CL1,CL1,CL1,CL1,CL3,CL1,CL1,CL0,CL1,CL6,CL0,CL1
1815,49.788,48.246,45.468,24.923,-31.685,91.093,-69.509,244.904,-45.321,146.191,19.268,122.470,CL2,CL0,CL0,CL0,CL5,CL6,CL5,CL2,CL0,CL0,CL0,CL0,CL0,CL1,CL0,CL4,CL2,CL0,CL0
1816,-95.197,48.246,116.365,96.082,-31.685,13.606,32.197,-97.631,161.108,93.949,-71.126,-118.084,CL6,CL2,CL2,CL2,CL6,CL3,CL5,CL2,CL0,CL3,CL0,CL3,CL2,CL2,CL0,CL2,CL5,CL0,CL0
1817,109.449,-48.246,45.468,96.082,-31.685,-186.962,332,14.143,-76.096,-14.277,52.975,40.148,CL5,CL0,CL0,CL0,CL6,CL0,CL5,CL0,CL0,CL0,CL0,CL0,CL0,CL0,CL0,CL0,CL1,CL0,CL0
1818,-95.197,48.246,-61.113,-57.009,11.440,-5.188,-123.177,29.338,111.406,25.953,88.113,76.540,CL4,CL2,CL0,CL2,CL5,CL6,CL4,CL2,CL2,CL2,CL0,CL0,CL3,CL0,CL2,CL0,CL4,CL0,CL2
1819,-7.854,48.246,45.468,-57.009,-31.685,13.606,63.779,58.331,-60.633,-14.277,186.203,76.540,CL5,CL0,CL0,CL2,CL5,CL6,CL5,CL2,CL0,CL4,CL0,CL3,CL0,CL3,CL0,CL5,CL3,CL0,CL0
1820,-95.197,-48.246,116.365,-57.009,-31.685,-275.696,257.309,124.033,28.783,146.191,-21.712,122.470,CL6,CL3,CL2,CL3,CL6,CL5,CL6,CL2,CL0,CL5,CL0,CL0,CL3,CL5,CL2,CL3,CL6,CL0,CL2
1821,-95.197,-48.246,-61.113,-57.009,-31.685,160.383,-203.972,143.533,-60.633,-272.827,186.203,-21.575,CL2,CL0,CL0,CL2,CL6,CL6,CL6,CL0,CL0,CL0,CL0,CL0,CL0,CL0,CL0,CL0,CL2,CL0,CL0
1822,109.449,48.246,-61.113,-57.009,-31.685,137.297,-15.487,44.585,43.852,-65.253,186.203,-52.593,CL3,CL0,CL0,CL0,CL6,CL4,CL6,CL1,CL0,CL0,CL0,CL0,CL0,CL1,CL0,CL1,CL3,CL0,CL0
1823,-95.197,-48.246,-61.113,-57.009,-31.685,-79.151,32.197,188.511,-107.533,-78.155,-21.712,40.148,CL3,CL3,CL0,CL3,CL5,CL6,CL5,CL3,CL0,CL3,CL0,CL3,CL5,CL3,CL0,CL3,CL0,CL0,CL0
1824,-95.197,48.246,-61.113,-57.009,-31.685,123.461,-123.177,106.238,-30.172,-230.408,88.113,-21.575,CL4,CL2,CL2,CL2,CL6,CL3,CL4,CL0,CL0,CL2,CL0,CL0,CL2,CL2,CL2,CL2,CL2,CL0,CL0
1825,-7.854,-48.246,45.468,96.082,-50.212,-46.725,-150.796,-58.331,-30.172,-40.581,52.975,40.148,CL6,CL0,CL0,CL0,CL0,CL0,CL5,CL0,CL0,CL0,CL0,CL0,CL0,CL0,CL0,CL0,CL0,CL0,CL0
1826,-95.197,-48.246,45.468,-57.009,-31.685,4.257,-109.207,14.143,-134.289,-665,-21.712,-84.637,CL5,CL5,CL0,CL2,CL6,CL6,CL5,CL2,CL0,CL5,CL0,CL4,CL2,CL3,CL3,CL3,CL3,CL0,CL0
1827,-95.197,48.246,45.468,-57.009,-31.685,22.393,-30.033,88.309,128.610,-665,88.113,7.987,CL4,CL0,CL0,CL2,CL5,CL6,CL5,CL2,CL0,CL0,CL0,CL0,CL2,CL3,CL0,CL3,CL5,CL2,CL0
1828,-7.854,48.246,45.468,-57.009,-31.685,-105.308,-150.796,14.143,28.783,25.953,-21.712,76.540,CL4,CL1,CL0,CL2,CL6,CL5,CL5,CL2,CL1,CL0,CL0,CL0,CL2,CL1,CL2,CL2,CL6,CL0,CL1
1829,-7.854,48.246,116.365,-57.009,-31.685,-34.799,111.406,44.585,-253.830,-14.277,88.113,122.470,CL5,CL3,CL0,CL6,CL6,CL6,CL4,CL4,CL0,CL5,CL0,CL0,CL3,CL0,CL0,CL5,CL2,CL0,CL0
1830,-7.854,48.246,45.468,-57.009,11.440,82.562,-163.340,-31.776,-147.955,-113.788,-137.983,-118.084,CL2,CL1,CL0,CL6,CL1,CL5,CL3,CL1,CL1,CL0,CL1,CL0,CL0,CL1,CL3,CL0,CL1,CL0,CL0
1831,-7.854,48.246,45.468,-9.765,-31.685,13.606,-232.338,29.338,-107.533,-89.891,-71.126,-52.593,CL6,CL2,CL0,CL3,CL5,CL3,CL4,CL3,CL0,CL5,CL2,CL5,CL4,CL2,CL5,CL3,CL4,CL0,CL0
1832,-95.197,-48.246,-122.751,-28.519,-31.685,22.393,332,44.585,-91.699,-192.173,19.268,122.470,CL6,CL0,CL0,CL0,CL5,CL6,CL4,CL0,CL0,CL3,CL0,CL0,CL2,CL3,CL3,CL3,CL3,CL0,CL1
1833,-95.197,-48.246,45.468,-57.009,11.440,-275.696,193.886,88.309,28.783,233.337,-71.126,7.987,CL5,CL0,CL0,CL0,CL6,CL6,CL5,CL0,CL0,CL0,CL0,CL0,CL0,CL0,CL0,CL0,CL2,CL0,CL0
1834,49.788,48.246,45.468,-57.009,-31.685,-34.799,-109.207,29.338,-30.172,130.612,-21.712,-21.575,CL6,CL1,CL0,CL2,CL6,CL6,CL5,CL1,CL0,CL2,CL0,CL0,CL3,CL1,CL0,CL2,CL1,CL0,CL1
1835,-7.854,-48.246,-61.113,-57.009,-31.685,-67.825,63.779,-45.174,-45.321,25.953,88.113,40.148,CL6,CL0,CL0,CL0,CL6,CL6,CL5,CL1,CL2,CL2,CL0,CL0,CL1,CL2,CL1,CL2,CL1,CL0,CL1
1836,109.449,-48.246,45.468,-57.009,-31.685,62.967,-80.615,-1.928,-45.321,-151.840,129.221,76.540,CL3,CL2,CL2,CL5,CL6,CL2,CL6,CL2,CL1,CL0,CL2,CL0,CL0,CL1,CL0,CL1,CL3,CL0,CL0
1837,49.788,48.246,-5.921,-57.009,-31.685,198.437,-192.173,88.309,28.783,-178.169,88.113,-118.084,CL2,CL6,CL0,CL2,CL2,CL6,CL6,CL1,CL0,CL1,CL0,CL0,CL0,CL0,CL0,CL1,CL6,CL0,CL0
1838,49.788,48.246,-61.113,-57.009,-31.685,31.287,-150.796,44.585,76.096,-27.607,-21.712,76.540,CL3,CL6,CL0,CL6,CL6,CL5,CL5,CL1,CL0,CL2,CL0,CL0,CL3,CL1,CL5,CL1,CL6,CL0,CL1
1839,49.788,48.246,-5.921,-57.009,-31.685,-5.188,-80.615,-1.928,59.042,25.953,-137.983,-207.848,CL6,CL2,CL0,CL0,CL6,CL6,CL0,CL2,CL1,CL2,CL0,CL0,CL0,CL1,CL0,CL1,CL6,CL0,CL1
1840,-7.854,48.246,-5.921,-9.765,-31.685,-155.078,96.248,188.511,145.039,25.953,129.221,192.173,CL4,CL1,CL0,CL2,CL6,CL5,CL5,CL2,CL1,CL2,CL1,CL2,CL3,CL3,CL0,CL3,CL3,CL0,CL0
1841,182.213,48.246,45.468,-57.009,-31.685,41.667,63.779,44.585,145.039,-14.277,88.113,-52.593,CL2,CL2,CL0,CL2,CL5,CL2,CL5,CL2,CL2,CL1,CL2,CL0,CL0,CL1,CL2,CL1,CL2,CL0,CL0
1842,-95.197,-48.246,-61.113,-28.519,-31.685,13.606,-43.999,143.533,-30.172,-113.788,129.221,122.470,CL5,CL0,CL0,CL0,CL5,CL6,CL6,CL0,CL0,CL0,CL0,CL0,CL3,CL3,CL0,CL0,CL5,CL0,CL0
1843,-7.854,-48.246,45.468,-57.009,11.440,113.281,-15.487,124.033,-207.848,93.949,52.975,-52.593,CL4,CL0,CL0,CL2,CL5,CL6,CL6,CL0,CL0,CL0,CL0,CL0,CL0,CL0,CL0,CL0,CL1,CL0,CL0
1844,109.449,-48.246,198.437,96.082,-31.685,-24.649,-80.615,-1.928,-162.090,-14.277,-21.712,-52.593,CL5,CL1,CL1,CL2,CL6,CL2,CL5,CL2,CL1,CL2,CL1,CL1,CL2,CL1,CL1,CL1,CL6,CL0,CL1
1845,-95.197,-48.246,-61.113,-57.009,-31.685,-58.016,47.617,215.324,128.610,41.594,19.268,76.540,CL6,CL3,CL0,CL3,CL6,CL5,CL5,CL3,CL0,CL0,CL0,CL0,CL3,CL3,CL2,CL0,CL3,CL0,CL2
1846,109.449,-48.246,45.468,-57.009,-31.685,-5.188,63.779,58.331,76.096,130.612,-21.712,7.987,CL5,CL1,CL0,CL6,CL6,CL5,CL6,CL1,CL1,CL0,CL0,CL0,CL0,CL1,CL0,CL1,CL1,CL0,CL0
1847,-95.197,-48.246,-61.113,-57.009,-31.685,-132.828,128.610,88.309,111.406,113.407,88.113,40.148,CL5,CL0,CL0,CL0,CL5,CL3,CL4,CL0,CL0,CL0,CL0,CL0,CL2,CL3,CL0,CL3,CL4,CL0,CL0
1848,-95.197,48.246,45.468,-57.009,-31.685,160.383,-94.779,124.033,-91.699,-138.502,290.161,192.173,CL6,CL4,CL0,CL5,CL5,CL6,CL6,CL4,CL0,CL3,CL0,CL3,CL6,CL3,CL5,CL3,CL6,CL0,CL0
1849,-95.197,48.246,-61.113,24.923,-31.685,62.967,-94.779,44.585,59.042,113.407,186.203,122.470,CL3,CL6,CL0,CL2,CL6,CL6,CL5,CL3,CL2,CL6,CL4,CL0,CL3,CL0,CL0,CL3,CL6,CL0,CL0
1850,109.449,-48.246,-5.921,-57.009,-110.702,-105.308,-94.779,-97.631,-76.096,75.830,-137.983,-52.593,CL2,CL2,CL0,CL2,CL6,CL6,CL6,CL1,CL0,CL0,CL0,CL0,CL2,CL1,CL0,CL0,CL6,CL0,CL0
1851,-7.854,48.246,45.468,-57.009,-31.685,212.700,-137.639,188.511,76.096,-101.450,19.268,-118.084,CL3,CL5,CL0,CL6,CL6,CL2,CL6,CL0,CL0,CL0,CL0,CL0,CL4,CL2,CL6,CL0,CL2,CL0,CL0
1852,-95.197,-48.246,-143.719,-9.765,-31.685,31.287,63.779,-31.776,-30.172,-125.773,88.113,122.470,CL5,CL2,CL0,CL0,CL6,CL3,CL4,CL3,CL3,CL3,CL0,CL0,CL0,CL5,CL0,CL3,CL6,CL0,CL2
1853,-7.854,-48.246,-5.921,-57.009,11.440,41.667,96.248,-17.779,-45.321,75.830,19.268,-21.575,CL6,CL2,CL0,CL0,CL6,CL6,CL5,CL5,CL0,CL4,CL0,CL2,CL0,CL0,CL0,CL2,CL6,CL0,CL0
1854,-7.854,48.246,116.365,96.082,-31.685,-14.882,-15.487,-45.174,-30.172,93.949,-21.712,76.540,CL5,CL0,CL0,CL0,CL5,CL5,CL4,CL0,CL0,CL3,CL0,CL4,CL3,CL4,CL0,CL3,CL5,CL0,CL0
1855,49.788,-48.246,-173.790,-57.009,-31.685,-46.725,-123.177,-45.174,43.852,-14.277,-21.712,-84.637,CL3,CL2,CL0,CL0,CL6,CL2,CL5,CL3,CL3,CL2,CL0,CL0,CL6,CL2,CL3,CL0,CL6,CL0,CL1
1856,-95.197,-48.246,-61.113,-57.009,-31.685,-14.882,128.610,-31.776,-207.848,41.594,-21.712,40.148,CL5,CL0,CL0,CL0,CL5,CL6,CL5,CL0,CL0,CL4,CL0,CL0,CL3,CL5,CL0,CL0,CL2,CL0,CL0
1857,-95.197,-48.246,-61.113,-57.009,-31.685,-155.078,16.767,215.324,-30.172,-665,88.113,40.148,CL3,CL3,CL0,CL3,CL6,CL5,CL4,CL3,CL3,CL3,CL3,CL2,CL2,CL4,CL3,CL3,CL6,CL0,CL0
1858,-95.197,-48.246,-143.719,-9.765,-31.685,-14.882,332,58.331,-30.172,-151.840,129.221,122.470,CL5,CL2,CL0,CL0,CL6,CL3,CL6,CL3,CL3,CL4,CL0,CL0,CL0,CL4,CL0,CL3,CL6,CL0,CL2
1859,49.788,-48.246,-5.921,-28.519,-31.685,-119.430,111.406,58.331,-1.729,12.331,-71.126,40.148,CL4,CL0,CL0,CL0,CL2,CL4,CL6,CL0,CL0,CL2,CL0,CL0,CL0,CL4,CL0,CL5,CL2,CL0,CL0
1860,-95.197,-48.246,-61.113,-57.009,-31.685,31.287,-57.545,-31.776,-147.955,-89.891,-137.983,76.540,CL3,CL3,CL0,CL3,CL6,CL4,CL5,CL3,CL0,CL3,CL0,CL0,CL3,CL3,CL0,CL0,CL4,CL0,CL2
1861,-95.197,-48.246,-61.113,-57.009,-31.685,172.012,32.197,165.653,-15.487,-178.169,290.161,40.148,CL6,CL3,CL3,CL5,CL6,CL5,CL5,CL3,CL3,CL6,CL3,CL3,CL3,CL2,CL4,CL3,CL3,CL0,CL2
1862,-95.197,-48.246,-122.751,-57.009,-31.685,-24.649,32.197,44.585,-15.487,-14.277,88.113,122.470,CL4,CL3,CL0,CL0,CL6,CL6,CL6,CL0,CL0,CL3,CL0,CL3,CL0,CL6,CL4,CL5,CL6,CL0,CL0
1863,49.788,-48.246,-61.113,-28.519,-31.685,-34.799,332,72.330,28.783,12.331,-21.712,76.540,CL6,CL2,CL0,CL3,CL6,CL6,CL5,CL4,CL4,CL2,CL3,CL0,CL3,CL4,CL2,CL4,CL6,CL0,CL1
1864,182.213,48.246,45.468,24.923,-31.685,-169.163,-109.207,106.238,-45.321,-65.253,-71.126,7.987,CL5,CL5,CL0,CL5,CL6,CL6,CL6,CL2,CL0,CL3,CL2,CL0,CL0,CL1,CL6,CL2,CL2,CL0,CL0
1865,-7.854,48.246,45.468,-57.009,11.440,-34.799,332,124.033,-15.487,41.594,88.113,40.148,CL5,CL6,CL0,CL6,CL6,CL3,CL6,CL0,CL0,CL0,CL0,CL0,CL3,CL0,CL4,CL2,CL4,CL0,CL0
1866,109.449,-48.246,-243.591,-57.009,-31.685,73.545,-43.999,44.585,-107.533,25.953,52.975,40.148,CL6,CL1,CL1,CL6,CL6,CL6,CL6,CL2,CL2,CL1,CL2,CL1,CL0,CL1,CL5,CL1,CL6,CL0,CL0
1867,-95.197,48.246,-61.113,-57.009,-31.685,62.967,63.779,290.161,-107.533,93.949,88.113,122.470,CL5,CL3,CL0,CL0,CL6,CL6,CL4,CL3,CL0,CL5,CL0,CL0,CL3,CL4,CL3,CL4,CL5,CL0,CL0
1868,-7.854,-48.246,-61.113,-57.009,-31.685,-205.048,332,215.324,-91.699,41.594,-21.712,40.148,CL5,CL3,CL0,CL3,CL5,CL6,CL2,CL3,CL2,CL5,CL2,CL3,CL6,CL6,CL0,CL4,CL6,CL0,CL2
1869,-95.197,48.246,-5.921,-57.009,-31.685,4.257,332,244.904,-60.633,-218.109,88.113,122.470,CL5,CL0,CL0,CL4,CL6,CL6,CL5,CL3,CL0,CL3,CL0,CL0,CL3,CL3,CL3,CL3,CL6,CL0,CL1
1870,-95.197,48.246,45.468,-57.009,-31.685,13.606,-80.615,143.533,28.783,163.088,-71.126,-21.575,CL6,CL0,CL0,CL0,CL6,CL6,CL6,CL0,CL0,CL4,CL0,CL0,CL4,CL3,CL0,CL3,CL4,CL0,CL0
1871,-95.197,48.246,-61.113,-57.009,-31.685,113.281,-43.999,29.338,-76.096,-14.277,186.203,-21.575,CL6,CL0,CL2,CL3,CL6,CL6,CL4,CL3,CL2,CL2,CL2,CL0,CL3,CL2,CL0,CL2,CL6,CL0,CL0
1872,-95.197,-48.246,-61.113,-28.519,-31.685,-58.016,-15.487,29.338,-162.090,-138.502,19.268,40.148,CL2,CL4,CL2,CL0,CL6,CL6,CL5,CL0,CL0,CL5,CL0,CL0,CL6,CL0,CL0,CL4,CL6,CL0,CL0
1873,-95.197,-48.246,-61.113,-57.009,-31.685,-14.882,111.406,143.533,-30.172,-665,19.268,76.540,CL3,CL2,CL3,CL3,CL5,CL5,CL4,CL2,CL0,CL3,CL0,CL0,CL3,CL3,CL4,CL3,CL4,CL0,CL0
1874,-7.854,48.246,45.468,-28.519,-31.685,-105.308,96.248,188.511,181.866,130.612,-71.126,7.987,CL6,CL3,CL1,CL0,CL6,CL5,CL4,CL0,CL0,CL3,CL0,CL0,CL0,CL3,CL0,CL1,CL5,CL0,CL0
1875,-95.197,-48.246,-122.751,-57.009,-31.685,102.119,-43.999,143.533,-107.533,12.331,-71.126,40.148,CL6,CL3,CL0,CL3,CL6,CL6,CL4,CL3,CL3,CL3,CL6,CL3,CL5,CL3,CL3,CL0,CL6,CL0,CL6
1876,-95.197,-48.246,-61.113,24.923,-31.685,-79.151,332,244.904,76.096,-151.840,88.113,192.173,CL5,CL6,CL0,CL0,CL5,CL6,CL5,CL0,CL0,CL2,CL0,CL2,CL2,CL0,CL0,CL0,CL0,CL0,CL0
1877,-95.197,-48.246,-143.719,-57.009,-31.685,73.545,-123.177,58.331,-60.633,-40.581,52.975,40.148,CL5,CL3,CL0,CL4,CL6,CL6,CL5,CL3,CL2,CL3,CL2,CL0,CL5,CL2,CL2,CL3,CL6,CL0,CL2
1878,259.171,-48.246,-61.113,-57.009,-31.685,212.700,-15.487,244.904,94.156,-65.253,-21.712,7.987,CL5,CL0,CL1,CL6,CL6,CL3,CL6,CL1,CL0,CL0,CL0,CL0,CL0,CL1,CL0,CL1,CL0,CL0,CL0
1879,-95.197,-48.246,-61.113,-57.009,12.600,-5.188,-176.250,58.331,-76.096,-14.277,129.221,122.470,CL5,CL0,CL0,CL0,CL5,CL5,CL4,CL0,CL0,CL5,CL0,CL0,CL2,CL4,CL0,CL4,CL6,CL0,CL2
1880,-7.854,-48.246,-61.113,24.923,11.440,-14.882,-57.545,143.533,-91.699,-78.155,52.975,40.148,CL6,CL0,CL0,CL0,CL5,CL6,CL5,CL4,CL0,CL3,CL0,CL3,CL5,CL3,CL0,CL4,CL2,CL0,CL2
1881,-95.197,-48.246,-143.719,-57.009,-31.685,149.158,-192.173,-58.331,-177.200,58.489,-21.712,122.470,CL6,CL2,CL0,CL6,CL6,CL5,CL5,CL3,CL0,CL2,CL5,CL0,CL2,CL0,CL6,CL0,CL6,CL0,CL2
1882,-95.197,-48.246,45.468,24.923,-31.685,-5.188,-176.250,88.309,-76.096,233.337,-71.126,-21.575,CL4,CL0,CL0,CL0,CL2,CL5,CL5,CL0,CL0,CL0,CL0,CL0,CL2,CL0,CL0,CL2,CL2,CL0,CL0
1883,-95.197,-48.246,-61.113,-28.519,-31.685,-79.151,32.197,29.338,-30.172,-27.607,88.113,76.540,CL4,CL3,CL0,CL3,CL5,CL6,CL5,CL0,CL0,CL5,CL2,CL0,CL4,CL5,CL4,CL0,CL6,CL0,CL1
1884,-95.197,48.246,-61.113,-57.009,-31.685,-119.430,174.091,188.511,76.096,-113.788,88.113,192.173,CL5,CL0,CL0,CL0,CL4,CL5,CL4,CL0,CL0,CL0,CL0,CL0,CL3,CL3,CL0,CL0,CL0,CL0,CL5
1885,-95.197,-48.246,-61.113,-57.009,-31.685,-24.649,174.091,58.331,76.096,-151.840,88.113,76.540,CL5,CL0,CL0,CL0,CL5,CL3,CL4,CL0,CL0,CL2,CL0,CL0,CL3,CL5,CL4,CL4,CL5,CL0,CL0
1886,-7.854,48.246,45.468,-57.009,-31.685,113.281,-137.639,-127.553,-177.200,-138.502,52.975,-52.593,CL4,CL6,CL5,CL5,CL6,CL6,CL6,CL4,CL0,CL4,CL0,CL2,CL0,CL2,CL0,CL2,CL6,CL0,CL0
1887,-95.197,48.246,-61.113,-57.009,-31.685,91.093,-192.173,29.338,-162.090,-257.309,129.221,122.470,CL5,CL0,CL0,CL0,CL6,CL6,CL5,CL0,CL0,CL3,CL0,CL0,CL3,CL3,CL0,CL3,CL4,CL0,CL0
1888,-95.197,-48.246,-61.113,21.128,-31.685,-46.725,212.700,165.653,111.406,41.594,88.113,122.470,CL4,CL3,CL0,CL3,CL6,CL3,CL6,CL3,CL0,CL3,CL0,CL0,CL3,CL3,CL0,CL3,CL6,CL0,CL2